37983,3536,1,RB,1,100,2025-10-31_12-35-32-301594
37985,3537,4,EM,1,100,RS,RB,2025-10-31_12-35-32-301594.csv,PS,MN
37999,3538,1,TL,1,100,2025-10-31_12-35-27-488150
38001,3539,2,AK,1,100,2689,RD
38001,3540,2,RD,1,100,TL,TU
38087,3541,3,PI,1,100,174969,175070,174986
38087,3542,3,PR,1,100,151990,152021,151998
38087,3543,3,PG,1,100,12510,12497,12508
38086,3544,2,EA,1,100,2.912028,2.910804
38086,3545,2,EL,1,100,-19120.800781,-19120.599609
38012,3546,1,T1,1,100,24.586
38027,3547,1,TH,1,100,23.241
38087,3548,3,AX,1,100,-1.076,-1.076,-1.075
38087,3549,3,AY,1,100,0.199,0.195,0.190
38087,3550,3,AZ,1,100,0.011,0.016,0.003
38087,3551,3,GX,1,100,-0.488,-0.824,-0.671
38087,3552,3,GY,1,100,-0.153,0.153,-0.183
38087,3553,3,GZ,1,100,0.244,0.244,0.031
38087,3554,3,MX,1,100,98,98,97
38087,3555,3,MY,1,100,-43,-43,-42
38087,3556,3,MZ,1,100,-1,-1, 0
38186,3557,4,EM,1,100,RS,RB,2025-10-31_12-35-32-301594.csv,PS,MN
38167,3558,2,PI,1,100,174449,174136
38167,3559,2,PR,1,100,151861,151774
38167,3560,2,PG,1,100,12489,12461
38152,3561,1,EA,1,100,2.909593
38152,3562,1,EL,1,100,-19120.400391
38146,3563,1,T1,1,100,24.537
38160,3564,1,TH,1,100,23.203
38207,3565,3,AX,1,100,-1.073,-1.076,-1.074
38207,3566,3,AY,1,100,0.197,0.200,0.204
38207,3567,3,AZ,1,100,0.007,0.011,0.008
38207,3568,3,GX,1,100,-0.732,-0.824,-0.580
38207,3569,3,GY,1,100,0.000,0.061,0.031
38207,3570,3,GZ,1,100,-0.092,-0.122,-0.092
38207,3571,3,MX,1,100,98,97,97
38207,3572,3,MY,1,100,-41,-43,-42
38207,3573,3,MZ,1,100,-1, 0, 0
38286,3574,1,SF,1,100,0.0000
38287,3575,3,PI,1,100,174114,174141,174152
38287,3576,3,PR,1,100,151759,151770,151750
38287,3577,3,PG,1,100,12457,12426,12426
38286,3578,2,EA,1,100,2.907161,2.908370
38286,3579,2,EL,1,100,-19120.000000,-19120.199219
38279,3580,1,T1,1,100,24.587
38294,3581,1,TH,1,100,23.203
38287,3582,2,AX,1,100,-1.073,-1.075
38287,3583,2,AY,1,100,0.191,0.193
38287,3584,2,AZ,1,100,0.008,0.008
38287,3585,2,GX,1,100,-0.397,-0.336
38287,3586,2,GY,1,100,-0.183,-0.153
38287,3587,2,GZ,1,100,-0.244,-0.061
38287,3588,2,MX,1,100,97,97
38287,3589,2,MY,1,100,-44,-42
38287,3590,2,MZ,1,100, 0, 0
38387,3591,4,EM,1,100,RS,RB,2025-10-31_12-35-32-301594.csv,PS,MN
38367,3592,2,PI,1,100,174230,174263
38367,3593,2,PR,1,100,151775,151775
38367,3594,2,PG,1,100,12429,12432
38352,3595,1,EA,1,100,2.907161
38352,3596,1,EL,1,100,-19120.000000
38367,3597,2,AX,1,100,-1.073,-1.074
38367,3598,2,AY,1,100,0.191,0.197
38367,3599,2,AZ,1,100,0.010,0.009
38367,3600,2,GX,1,100,-0.366,-0.549
38367,3601,2,GY,1,100,-0.061,-0.153
38367,3602,2,GZ,1,100,0.214,0.305
38367,3603,2,MX,1,100,98,97
38367,3604,2,MY,1,100,-42,-42
38367,3605,2,MZ,1,100, 0, 0
38500,3606,3,PI,1,100,174249,174259,174320
38500,3607,3,PR,1,100,151765,151787,151777
38500,3608,3,PG,1,100,12424,12409,12414
38486,3609,2,EA,1,100,2.907161,2.907161
38486,3610,2,EL,1,100,-19120.000000,-19120.000000
38412,3611,1,T1,1,100,24.644
38427,3612,1,TH,1,100,23.276
38486,3613,3,AX,1,100,-1.081,-1.077,-1.075
38486,3614,3,AY,1,100,0.199,0.195,0.194
38486,3615,3,AZ,1,100,0.008,0.009,0.007
38486,3616,3,GX,1,100,-0.580,-0.183,-0.183
38486,3617,3,GY,1,100,-0.122,-0.031,0.000
38486,3618,3,GZ,1,100,0.397,0.153,-0.031
38486,3619,3,MX,1,100,97,97,98
38486,3620,3,MY,1,100,-43,-42,-42
38486,3621,3,MZ,1,100,-1, 0, 0
38588,3622,4,EM,1,100,RS,RB,2025-10-31_12-35-32-301594.csv,PS,MN
38540,3623,1,BI,1,100,840
38540,3624,1,HR,1,100,70.68
38552,3625,1,SF,1,100,0.0000
38580,3626,2,PI,1,100,174424,174474
38580,3627,2,PR,1,100,151805,151834
38580,3628,2,PG,1,100,12421,12425
38552,3629,1,EA,1,100,2.907161
38552,3630,1,EL,1,100,-19120.000000
38545,3631,1,T1,1,100,24.704
38560,3632,1,TH,1,100,23.276
38593,3633,3,AX,1,100,-1.073,-1.075,-1.078
38593,3634,3,AY,1,100,0.191,0.193,0.199
38593,3635,3,AZ,1,100,0.011,0.009,0.006
38593,3636,3,GX,1,100,-0.214,-0.488,-0.732
38593,3637,3,GY,1,100,0.000,0.000,-0.061
38593,3638,3,GZ,1,100,-0.153,0.031,0.031
38593,3639,3,MX,1,100,98,97,97
38593,3640,3,MY,1,100,-42,-42,-43
38593,3641,3,MZ,1,100,-2, 0, 0
38700,3642,3,PI,1,100,174543,174593,174633
38700,3643,3,PR,1,100,151819,151842,151848
38700,3644,3,PG,1,100,12426,12439,12429
38686,3645,2,EA,1,100,2.907161,2.908370
38686,3646,2,EL,1,100,-19120.000000,-19120.199219
38679,3647,1,T1,1,100,24.624
38694,3648,1,TH,1,100,23.181
38673,3649,2,AX,1,100,-1.073,-1.073
38673,3650,2,AY,1,100,0.199,0.196
38673,3651,2,AZ,1,100,0.006,0.010
38673,3652,2,GX,1,100,-0.519,-0.427
38673,3653,2,GY,1,100,-0.031,-0.092
38673,3654,2,GZ,1,100,0.061,0.000
38673,3655,2,MX,1,100,98,97
38673,3656,2,MY,1,100,-43,-43
38673,3657,2,MZ,1,100, 0,-1
38789,3658,4,EM,1,100,RS,RB,2025-10-31_12-35-32-301594.csv,PS,MN
38780,3659,2,PI,1,100,174698,174759
38780,3660,2,PR,1,100,151872,151874
38780,3661,2,PG,1,100,12439,12448
38752,3662,1,EA,1,100,2.907161
38752,3663,1,EL,1,100,-19120.000000
38812,3664,1,T1,1,100,24.624
38793,3665,3,AX,1,100,-1.073,-1.075,-1.079
38793,3666,3,AY,1,100,0.197,0.196,0.194
38793,3667,3,AZ,1,100,0.010,0.008,0.009
38793,3668,3,GX,1,100,-0.336,-0.275,-0.244
38793,3669,3,GY,1,100,-0.183,-0.214,-0.336
38793,3670,3,GZ,1,100,0.031,0.214,0.031
38793,3671,3,MX,1,100,98,98,97
38793,3672,3,MY,1,100,-42,-41,-41
38793,3673,3,MZ,1,100,-1,-1, 0
38886,3674,1,SF,1,100,0.0000
38900,3675,3,PI,1,100,174823,174903,174932
38900,3676,3,PR,1,100,151885,151919,151905
38900,3677,3,PG,1,100,12453,12450,12443
38886,3678,2,EA,1,100,2.907161,2.907161
38886,3679,2,EL,1,100,-19120.000000,-19120.000000
38827,3680,1,TH,1,100,23.188
38913,3681,3,AX,1,100,-1.076,-1.076,-1.073
38913,3682,3,AY,1,100,0.198,0.193,0.198
38913,3683,3,AZ,1,100,0.010,0.013,0.005
38913,3684,3,GX,1,100,-0.366,-0.549,-0.458
38913,3685,3,GY,1,100,-0.183,-0.183,-0.366
38913,3686,3,GZ,1,100,0.153,0.092,0.031
38913,3687,3,MX,1,100,97,98,97
38913,3688,3,MY,1,100,-43,-42,-42
38913,3689,3,MZ,1,100, 0, 0,-1
38990,3690,4,EM,1,100,RS,RB,2025-10-31_12-35-32-301594.csv,PS,MN
38980,3691,2,PI,1,100,174461,174054
38980,3692,2,PR,1,100,151783,151672
38980,3693,2,PG,1,100,12449,12407
38952,3694,1,EA,1,100,2.907161
38952,3695,1,EL,1,100,-19120.000000
38945,3696,1,T1,1,100,24.731
38960,3697,1,TH,1,100,23.283
38993,3698,2,AX,1,100,-1.073,-1.078
38993,3699,2,AY,1,100,0.199,0.193
38993,3700,2,AZ,1,100,0.008,0.008
38993,3701,2,GX,1,100,-0.580,-0.519
38993,3702,2,GY,1,100,-0.153,-0.122
38993,3703,2,GZ,1,100,-0.061,-0.214
38993,3704,2,MX,1,100,98,98
38993,3705,2,MY,1,100,-42,-42
38993,3706,2,MZ,1,100,-1,-1
39100,3707,3,PI,1,100,174009,174032,174011
39100,3708,3,PR,1,100,151653,151664,151648
39100,3709,3,PG,1,100,12376,12363,12350
39086,3710,2,EA,1,100,2.907161,2.907161
39086,3711,2,EL,1,100,-19120.000000,-19120.000000
39079,3712,1,T1,1,100,24.777
39094,3713,1,TH,1,100,23.283
39113,3714,3,AX,1,100,-1.070,-1.078,-1.078
39113,3715,3,AY,1,100,0.194,0.192,0.188
39113,3716,3,AZ,1,100,0.011,0.011,0.006
39113,3717,3,GX,1,100,-0.214,-0.244,-0.183
39113,3718,3,GY,1,100,-0.214,-0.397,-0.183
39113,3719,3,GZ,1,100,0.183,0.153,-0.092
39113,3720,3,MX,1,100,97,97,97
39113,3721,3,MY,1,100,-42,-43,-41
39113,3722,3,MZ,1,100, 0, 0, 0
39195,3723,4,EM,1,100,RS,RB,2025-10-31_12-35-32-301594.csv,PS,MN
39219,3724,1,SF,1,100,0.0000
39220,3725,3,PI,1,100,174032,174134,174137
39220,3726,3,PR,1,100,151660,151667,151672
39220,3727,3,PG,1,100,12342,12349,12347
39219,3728,2,EA,1,100,2.907161,2.905953
39219,3729,2,EL,1,100,-19120.000000,-19119.800781
39212,3730,1,T1,1,100,24.620
39227,3731,1,TH,1,100,23.253
39193,3732,2,AX,1,100,-1.067,-1.078
39193,3733,2,AY,1,100,0.192,0.202
39193,3734,2,AZ,1,100,0.015,0.009
39193,3735,2,GX,1,100,-0.214,-0.732
39193,3736,2,GY,1,100,-0.244,-0.275
39193,3737,2,GZ,1,100,-0.061,0.366
39193,3738,2,MX,1,100,97,97
39193,3739,2,MY,1,100,-40,-43
39193,3740,2,MZ,1,100, 0,-1
39300,3741,2,PI,1,100,174124,174163
39300,3742,2,PR,1,100,151670,151675
39300,3743,2,PG,1,100,12352,12329
39285,3744,1,EA,1,100,2.907161
39285,3745,1,EL,1,100,-19120.000000
39300,3746,3,AX,1,100,-1.083,-1.074,-1.074
39300,3747,3,AY,1,100,0.200,0.195,0.192
39300,3748,3,AZ,1,100,0.005,0.012,0.005
39300,3749,3,GX,1,100,-0.397,0.214,-0.183
39300,3750,3,GY,1,100,-0.031,-0.031,0.000
39300,3751,3,GZ,1,100,0.397,0.061,-0.214
39300,3752,3,MX,1,100,98,98,97
39300,3753,3,MY,1,100,-43,-43,-43
39300,3754,3,MZ,1,100,-1, 0, 0
39395,3755,4,EM,1,100,RS,RB,2025-10-31_12-35-32-301594.csv,PS,MN
39380,3756,1,BI,1,100,840
39380,3757,1,HR,1,100,70.84
39420,3758,3,PI,1,100,174247,174334,174364
39420,3759,3,PR,1,100,151697,151713,151701
39420,3760,3,PG,1,100,12338,12339,12345
39419,3761,2,EA,1,100,2.904734,2.904734
39419,3762,2,EL,1,100,-19119.599609,-19119.599609
39345,3763,1,T1,1,100,24.694
39360,3764,1,TH,1,100,23.253
39420,3765,3,AX,1,100,-1.079,-1.073,-1.075
39420,3766,3,AY,1,100,0.185,0.196,0.195
39420,3767,3,AZ,1,100,0.012,0.006,0.008
39420,3768,3,GX,1,100,-0.305,-0.793,-0.763
39420,3769,3,GY,1,100,0.183,0.122,0.000
39420,3770,3,GZ,1,100,0.122,0.092,0.031
39420,3771,3,MX,1,100,97,97,97
39420,3772,3,MY,1,100,-43,-42,-43
39420,3773,3,MZ,1,100,-1, 0, 0
39500,3774,2,PI,1,100,174442,174463
39500,3775,2,PR,1,100,151725,151733
39500,3776,2,PG,1,100,12337,12361
39485,3777,1,EA,1,100,2.903527
39485,3778,1,EL,1,100,-19119.400391
39479,3779,1,T1,1,100,24.690
39493,3780,1,TH,1,100,23.261
39500,3781,2,AX,1,100,-1.074,-1.076
39500,3782,2,AY,1,100,0.199,0.200
39500,3783,2,AZ,1,100,0.005,0.009
39500,3784,2,GX,1,100,-0.305,-0.427
39500,3785,2,GY,1,100,-0.092,0.061
39500,3786,2,GZ,1,100,0.183,-0.061
39500,3787,2,MX,1,100,97,97
39500,3788,2,MY,1,100,-43,-42
39500,3789,2,MZ,1,100, 0, 0
39596,3790,4,EM,1,100,RS,RB,2025-10-31_12-35-32-301594.csv,PS,MN
39619,3791,1,SF,1,100,0.0000
39620,3792,3,PI,1,100,174522,174576,174645
39620,3793,3,PR,1,100,151726,151743,151755
39620,3794,3,PG,1,100,12351,12351,12350
39619,3795,2,EA,1,100,2.904734,2.902310
39619,3796,2,EL,1,100,-19119.599609,-19119.199219
39612,3797,1,T1,1,100,24.724
39627,3798,1,TH,1,100,23.261
39620,3799,3,AX,1,100,-1.073,-1.073,-1.081
39620,3800,3,AY,1,100,0.192,0.194,0.196
39620,3801,3,AZ,1,100,0.010,0.004,0.011
39620,3802,3,GX,1,100,-0.275,-0.275,-0.397
39620,3803,3,GY,1,100,-0.031,-0.122,-0.275
39620,3804,3,GZ,1,100,-0.092,-0.092,0.000
39620,3805,3,MX,1,100,97,97,98
39620,3806,3,MY,1,100,-41,-43,-42
39620,3807,3,MZ,1,100, 0, 0,-1
39700,3808,2,PI,1,100,174707,174783
39700,3809,2,PR,1,100,151787,151787
39700,3810,2,PG,1,100,12373,12375
39685,3811,1,EA,1,100,2.902310
39685,3812,1,EL,1,100,-19119.199219
39700,3813,2,AX,1,100,-1.077,-1.070
39700,3814,2,AY,1,100,0.189,0.193
39700,3815,2,AZ,1,100,0.010,0.010
39700,3816,2,GX,1,100,-0.549,-0.580
39700,3817,2,GY,1,100,-0.092,-0.244
39700,3818,2,GZ,1,100,0.183,0.153
39700,3819,2,MX,1,100,97,97
39700,3820,2,MY,1,100,-43,-43
39700,3821,2,MZ,1,100,-1,-1
39797,3822,4,EM,1,100,RS,RB,2025-10-31_12-35-32-301594.csv,PS,MN
39820,3823,3,PI,1,100,174496,173998,173882
39820,3824,3,PR,1,100,151712,151568,151543
39820,3825,3,PG,1,100,12352,12327,12302
39819,3826,2,EA,1,100,2.901106,2.903527
39819,3827,2,EL,1,100,-19119.000000,-19119.400391
39745,3828,1,T1,1,100,24.668
39760,3829,1,TH,1,100,23.235
39820,3830,3,AX,1,100,-1.076,-1.075,-1.071
39820,3831,3,AY,1,100,0.198,0.196,0.193
39820,3832,3,AZ,1,100,0.005,0.006,0.009
39820,3833,3,GX,1,100,-0.763,-0.519,0.031
39820,3834,3,GY,1,100,-0.366,-0.153,-0.183
39820,3835,3,GZ,1,100,0.427,0.000,0.000
39820,3836,3,MX,1,100,99,98,97
39820,3837,3,MY,1,100,-42,-42,-43
39820,3838,3,MZ,1,100,-1, 0, 0
39885,3839,1,SF,1,100,0.0000
39940,3840,3,PI,1,100,173867,173849,173846
39940,3841,3,PR,1,100,151533,151518,151524
39940,3842,3,PG,1,100,12287,12263,12251
39885,3843,1,EA,1,100,2.902310
39885,3844,1,EL,1,100,-19119.199219
39879,3845,1,T1,1,100,24.750
39893,3846,1,TH,1,100,23.235
39940,3847,3,AX,1,100,-1.073,-1.078,-1.073
39940,3848,3,AY,1,100,0.195,0.192,0.194
39940,3849,3,AZ,1,100,0.009,0.010,0.008
39940,3850,3,GX,1,100,0.031,-0.244,-0.366
39940,3851,3,GY,1,100,-0.275,-0.244,0.000
39940,3852,3,GZ,1,100,0.214,0.153,0.519
39940,3853,3,MX,1,100,97,98,97
39940,3854,3,MY,1,100,-42,-42,-41
39940,3855,3,MZ,1,100, 0, 0, 0
39998,3856,4,EM,1,100,RS,RB,2025-10-31_12-35-32-301594.csv,PS,MN
40020,3857,2,PI,1,100,173945,173967
40020,3858,2,PR,1,100,151536,151546
40020,3859,2,PG,1,100,12245,12249
40019,3860,2,EA,1,100,2.901106,2.901106
40019,3861,2,EL,1,100,-19119.000000,-19119.000000
40012,3862,1,T1,1,100,24.679
40027,3863,1,TH,1,100,23.184
40020,3864,2,AX,1,100,-1.071,-1.081
40020,3865,2,AY,1,100,0.196,0.199
40020,3866,2,AZ,1,100,0.005,0.010
40020,3867,2,GX,1,100,-0.397,-0.580
40020,3868,2,GY,1,100,-0.214,-0.183
40020,3869,2,GZ,1,100,0.366,0.824
40020,3870,2,MX,1,100,98,98
40020,3871,2,MY,1,100,-42,-43
40020,3872,2,MZ,1,100,-1, 0
40140,3873,3,PI,1,100,173941,173963,174048
40140,3874,3,PR,1,100,151514,151541,151553
40140,3875,3,PG,1,100,12242,12226,12249
40085,3876,1,EA,1,100,2.901106
40085,3877,1,EL,1,100,-19119.000000
40145,3878,1,T1,1,100,24.790
40126,3879,3,AX,1,100,-1.080,-1.074,-1.072
40126,3880,3,AY,1,100,0.199,0.194,0.197
40126,3881,3,AZ,1,100,0.008,0.009,0.013
40126,3882,3,GX,1,100,-0.641,-0.122,-0.427
40126,3883,3,GY,1,100,0.061,0.061,0.031
40126,3884,3,GZ,1,100,0.671,0.336,0.427
40126,3885,3,MX,1,100,98,98,97
40126,3886,3,MY,1,100,-40,-41,-42
40126,3887,3,MZ,1,100,-1,-1, 0
40199,3888,4,EM,1,100,RS,RB,2025-10-31_12-35-32-301594.csv,PS,MN
40180,3889,1,BI,1,100,800
40180,3890,1,HR,1,100,71.77
40219,3891,1,SF,1,100,0.0000
40220,3892,2,PI,1,100,174103,174194
40220,3893,2,PR,1,100,151558,151553
40220,3894,2,PG,1,100,12224,12244
40219,3895,2,EA,1,100,2.901106,2.901106
40219,3896,2,EL,1,100,-19119.000000,-19119.000000
40160,3897,1,TH,1,100,23.191
40246,3898,3,AX,1,100,-1.080,-1.073,-1.067
40246,3899,3,AY,1,100,0.197,0.200,0.193
40246,3900,3,AZ,1,100,0.008,0.007,0.005
40246,3901,3,GX,1,100,-0.610,-0.427,-0.458
40246,3902,3,GY,1,100,0.183,0.244,0.153
40246,3903,3,GZ,1,100,0.000,0.153,0.031
40246,3904,3,MX,1,100,97,97,98
40246,3905,3,MY,1,100,-42,-43,-41
40246,3906,3,MZ,1,100, 0,-1, 0
40340,3907,3,PI,1,100,174232,174268,174322
40340,3908,3,PR,1,100,151573,151579,151590
40340,3909,3,PG,1,100,12238,12249,12250
40285,3910,1,EA,1,100,2.901106
40285,3911,1,EL,1,100,-19119.000000
40279,3912,1,T1,1,100,24.767
40293,3913,1,TH,1,100,23.259
40326,3914,2,AX,1,100,-1.072,-1.078
40326,3915,2,AY,1,100,0.202,0.198
40326,3916,2,AZ,1,100,0.002,0.013
40326,3917,2,GX,1,100,-0.275,-0.031
40326,3918,2,GY,1,100,-0.092,-0.122
40326,3919,2,GZ,1,100,0.122,0.427
40326,3920,2,MX,1,100,98,97
40326,3921,2,MY,1,100,-43,-41
40326,3922,2,MZ,1,100,-1, 0
40400,3923,4,EM,1,100,RS,RB,2025-10-31_12-35-32-301594.csv,PS,MN
40420,3924,2,PI,1,100,174362,174434
40420,3925,2,PR,1,100,151620,151618
40420,3926,2,PG,1,100,12252,12257
40419,3927,2,EA,1,100,2.901106,2.901106
40419,3928,2,EL,1,100,-19119.000000,-19119.000000
40412,3929,1,T1,1,100,24.758
40427,3930,1,TH,1,100,23.259
40446,3931,3,AX,1,100,-1.078,-1.068,-1.076
40446,3932,3,AY,1,100,0.194,0.193,0.198
40446,3933,3,AZ,1,100,0.010,0.007,0.007
40446,3934,3,GX,1,100,0.061,0.092,-0.153
40446,3935,3,GY,1,100,-0.183,-0.183,-0.244
40446,3936,3,GZ,1,100,0.061,0.061,0.122
40446,3937,3,MX,1,100,98,97,97
40446,3938,3,MY,1,100,-42,-42,-41
40446,3939,3,MZ,1,100, 0,-1, 0
40540,3940,3,PI,1,100,174497,174582,174521
40540,3941,3,PR,1,100,151633,151629,151631
40540,3942,3,PG,1,100,12258,12257,12261
40485,3943,1,EA,1,100,2.901106
40485,3944,1,EL,1,100,-19119.000000
40545,3945,1,T1,1,100,24.789
40526,3946,2,AX,1,100,-1.082,-1.074
40526,3947,2,AY,1,100,0.198,0.196
40526,3948,2,AZ,1,100,0.016,0.011
40526,3949,2,GX,1,100,-0.336,-0.519
40526,3950,2,GY,1,100,0.092,0.000
40526,3951,2,GZ,1,100,0.275,0.061
40526,3952,2,MX,1,100,98,97
40526,3953,2,MY,1,100,-41,-41
40526,3954,2,MZ,1,100,-1, 0
40601,3955,4,EM,1,100,RS,RB,2025-10-31_12-35-32-301594.csv,PS,MN
40619,3956,1,SF,1,100,0.0000
40620,3957,2,PI,1,100,174010,173725
40620,3958,2,PR,1,100,151492,151420
40620,3959,2,PG,1,100,12246,12198
40619,3960,2,EA,1,100,2.901106,2.901106
40619,3961,2,EL,1,100,-19119.000000,-19119.000000
40560,3962,1,TH,1,100,23.270
40646,3963,3,AX,1,100,-1.070,-1.074,-1.075
40646,3964,3,AY,1,100,0.197,0.201,0.200
40646,3965,3,AZ,1,100,0.003,0.011,0.008
40646,3966,3,GX,1,100,-0.488,-0.763,-0.488
40646,3967,3,GY,1,100,-0.092,0.153,0.153
40646,3968,3,GZ,1,100,0.031,-0.092,0.122
40646,3969,3,MX,1,100,96,97,97
40646,3970,3,MY,1,100,-43,-41,-43
40646,3971,3,MZ,1,100,-1, 0, 0
40740,3972,3,PI,1,100,173741,173754,173726
40740,3973,3,PR,1,100,151400,151410,151393
40740,3974,3,PG,1,100,12183,12170,12151
40752,3975,2,EA,1,100,2.901106,2.901106
40752,3976,2,EL,1,100,-19119.000000,-19119.000000
40679,3977,1,T1,1,100,24.767
40693,3978,1,TH,1,100,23.270
40726,3979,2,AX,1,100,-1.071,-1.073
40726,3980,2,AY,1,100,0.194,0.195
40726,3981,2,AZ,1,100,0.005,0.008
40726,3982,2,GX,1,100,-0.031,0.000
40726,3983,2,GY,1,100,-0.061,-0.244
40726,3984,2,GZ,1,100,0.244,0.122
40726,3985,2,MX,1,100,98,97
40726,3986,2,MY,1,100,-40,-42
40726,3987,2,MZ,1,100, 0, 0
40802,3988,4,EM,1,100,RS,RB,2025-10-31_12-35-32-301594.csv,PS,MN
40833,3989,2,PI,1,100,173799,173841
40833,3990,2,PR,1,100,151402,151426
40833,3991,2,PG,1,100,12154,12146
40819,3992,1,EA,1,100,2.901106
40819,3993,1,EL,1,100,-19119.000000
40812,3994,1,T1,1,100,24.722
40827,3995,1,TH,1,100,23.259
40846,3996,3,AX,1,100,-1.075,-1.073,-1.075
40846,3997,3,AY,1,100,0.195,0.195,0.207
40846,3998,3,AZ,1,100,0.014,0.011,0.003
40846,3999,3,GX,1,100,-0.244,-0.122,-0.183
40846,4000,3,GY,1,100,-0.031,-0.244,-0.305
40846,4001,3,GZ,1,100,0.336,0.519,0.427
40846,4002,3,MX,1,100,97,98,97
40846,4003,3,MY,1,100,-41,-41,-42
40846,4004,3,MZ,1,100, 0, 0,-1
40852,4005,1,BV,1,100,4.12
40852,4006,1,B%,1,100,100
40952,4007,1,SF,1,100,0.0000
40953,4008,3,PI,1,100,173844,173844,173903
40953,4009,3,PR,1,100,151426,151386,151434
40953,4010,3,PG,1,100,12146,12130,12127
40952,4011,2,EA,1,100,2.899902,2.901106
40952,4012,2,EL,1,100,-19118.800781,-19119.000000
40945,4013,1,T1,1,100,24.738
40960,4014,1,TH,1,100,23.259
40953,4015,3,AX,1,100,-1.077,-1.071,-1.072
40953,4016,3,AY,1,100,0.198,0.193,0.196
40953,4017,3,AZ,1,100,0.009,0.007,0.009
40953,4018,3,GX,1,100,0.092,0.366,0.000
40953,4019,3,GY,1,100,-0.122,-0.183,-0.275
40953,4020,3,GZ,1,100,0.244,0.153,0.092
40953,4021,3,MX,1,100,97,98,97
40953,4022,3,MY,1,100,-42,-41,-41
40953,4023,3,MZ,1,100, 0, 0, 0
41003,4024,4,EM,1,100,RS,RB,2025-10-31_12-35-32-301594.csv,PS,MN
40993,4025,1,BI,1,100,800
40993,4026,1,HR,1,100,72.49
41033,4027,2,PI,1,100,173990,174049
41033,4028,2,PR,1,100,151430,151451
41033,4029,2,PG,1,100,12116,12141
41019,4030,1,EA,1,100,2.901106
41019,4031,1,EL,1,100,-19119.000000
41033,4032,2,AX,1,100,-1.082,-1.078
41033,4033,2,AY,1,100,0.199,0.196
41033,4034,2,AZ,1,100,0.012,0.010
41033,4035,2,GX,1,100,-0.275,-0.549
41033,4036,2,GY,1,100,-0.336,-0.122
41033,4037,2,GZ,1,100,-0.061,0.061
41033,4038,2,MX,1,100,97,98
41033,4039,2,MY,1,100,-43,-43
41033,4040,2,MZ,1,100, 0, 0
41153,4041,3,PI,1,100,174102,174140,174173
41153,4042,3,PR,1,100,151439,151458,151469
41153,4043,3,PG,1,100,12127,12142,12133
41152,4044,2,EA,1,100,2.901106,2.901106
41152,4045,2,EL,1,100,-19119.000000,-19119.000000
41078,4046,1,T1,1,100,24.780
41093,4047,1,TH,1,100,23.212
41153,4048,3,AX,1,100,-1.067,-1.079,-1.077
41153,4049,3,AY,1,100,0.197,0.199,0.200
41153,4050,3,AZ,1,100,0.006,0.009,0.006
41153,4051,3,GX,1,100,-0.488,-0.641,-0.275
41153,4052,3,GY,1,100,-0.153,-0.061,0.031
41153,4053,3,GZ,1,100,0.122,0.275,0.366
41153,4054,3,MX,1,100,98,97,97
41153,4055,3,MY,1,100,-43,-42,-42
41153,4056,3,MZ,1,100,-1,-1,-1
41204,4057,4,EM,1,100,RS,RB,2025-10-31_12-35-32-301594.csv,PS,MN
41219,4058,1,SF,1,100,0.0000
41233,4059,2,PI,1,100,174226,174275
41233,4060,2,PR,1,100,151467,151498
41233,4061,2,PG,1,100,12134,12135
41219,4062,1,EA,1,100,2.901106
41219,4063,1,EL,1,100,-19119.000000
41212,4064,1,T1,1,100,24.834
41227,4065,1,TH,1,100,23.212
41233,4066,2,AX,1,100,-1.070,-1.074
41233,4067,2,AY,1,100,0.200,0.200
41233,4068,2,AZ,1,100,0.010,0.007
41233,4069,2,GX,1,100,-0.214,-0.214
41233,4070,2,GY,1,100,-0.092,-0.244
41233,4071,2,GZ,1,100,0.122,-0.031
41233,4072,2,MX,1,100,98,98
41233,4073,2,MY,1,100,-42,-43
41233,4074,2,MZ,1,100,-1, 0
41353,4075,3,PI,1,100,174340,174446,174385
41353,4076,3,PR,1,100,151504,151515,151486
41353,4077,3,PG,1,100,12133,12157,12152
41352,4078,2,EA,1,100,2.901106,2.901106
41352,4079,2,EL,1,100,-19119.000000,-19119.000000
41345,4080,1,T1,1,100,24.680
41360,4081,1,TH,1,100,23.146
41353,4082,3,AX,1,100,-1.081,-1.073,-1.071
41353,4083,3,AY,1,100,0.197,0.192,0.198
41353,4084,3,AZ,1,100,0.012,0.009,0.004
41353,4085,3,GX,1,100,0.153,-0.275,-0.397
41353,4086,3,GY,1,100,0.000,0.061,-0.397
41353,4087,3,GZ,1,100,0.305,0.458,-0.061
41353,4088,3,MX,1,100,97,97,97
41353,4089,3,MY,1,100,-42,-42,-43
41353,4090,3,MZ,1,100,-1,-1,-1
41407,4091,4,EM,1,100,RS,RB,2025-10-31_12-35-32-301594.csv,PS,MN
41433,4092,2,PI,1,100,173894,173639
41433,4093,2,PR,1,100,151374,151282
41433,4094,2,PG,1,100,12123,12091
41419,4095,1,EA,1,100,2.901106
41419,4096,1,EL,1,100,-19119.000000
41433,4097,2,AX,1,100,-1.079,-1.074
41433,4098,2,AY,1,100,0.200,0.201
41433,4099,2,AZ,1,100,0.010,0.005
41433,4100,2,GX,1,100,-0.580,-0.519
41433,4101,2,GY,1,100,-0.031,0.092
41433,4102,2,GZ,1,100,0.275,0.122
41433,4103,2,MX,1,100,97,98
41433,4104,2,MY,1,100,-41,-42
41433,4105,2,MZ,1,100,-1, 0
41552,4106,1,SF,1,100,0.0000
41553,4107,3,PI,1,100,173648,173639,173650
41553,4108,3,PR,1,100,151286,151296,151295
41553,4109,3,PG,1,100,12078,12063,12037
41552,4110,2,EA,1,100,2.901106,2.901106
41552,4111,2,EL,1,100,-19119.000000,-19119.000000
41479,4112,1,T1,1,100,24.720
41493,4113,1,TH,1,100,23.153
41553,4114,3,AX,1,100,-1.069,-1.077,-1.078
41553,4115,3,AY,1,100,0.202,0.192,0.193
41553,4116,3,AZ,1,100,0.009,0.006,0.009
41553,4117,3,GX,1,100,-0.305,-0.214,-0.366
41553,4118,3,GY,1,100,-0.122,-0.275,0.000
41553,4119,3,GZ,1,100,0.031,0.061,0.122
41553,4120,3,MX,1,100,98,98,97
41553,4121,3,MY,1,100,-41,-42,-41
41553,4122,3,MZ,1,100, 0,-1,-1
41608,4123,4,EM,1,100,RS,RB,2025-10-31_12-35-32-301594.csv,PS,MN
41633,4124,2,PI,1,100,173730,173760
41633,4125,2,PR,1,100,151311,151307
41633,4126,2,PG,1,100,12045,12047
41619,4127,1,EA,1,100,2.901106
41619,4128,1,EL,1,100,-19119.000000
41612,4129,1,T1,1,100,24.737
41627,4130,1,TH,1,100,23.260
41633,4131,2,AX,1,100,-1.071,-1.073
41633,4132,2,AY,1,100,0.193,0.203
41633,4133,2,AZ,1,100,0.008,0.003
41633,4134,2,GX,1,100,-0.610,-0.610
41633,4135,2,GY,1,100,-0.153,-0.153
41633,4136,2,GZ,1,100,0.092,0.427
41633,4137,2,MX,1,100,97,97
41633,4138,2,MY,1,100,-40,-41
41633,4139,2,MZ,1,100,-1,-1
41753,4140,3,PI,1,100,173737,173745,173813
41753,4141,3,PR,1,100,151306,151284,151308
41753,4142,3,PG,1,100,12020,12023,12033
41752,4143,2,EA,1,100,2.901106,2.901106
41752,4144,2,EL,1,100,-19119.000000,-19119.000000
41745,4145,1,T1,1,100,24.780
41760,4146,1,TH,1,100,23.260
41739,4147,3,AX,1,100,-1.080,-1.075,-1.070
41739,4148,3,AY,1,100,0.202,0.203,0.192
41739,4149,3,AZ,1,100,0.011,0.008,0.009
41739,4150,3,GX,1,100,-0.641,-0.549,-0.366
41739,4151,3,GY,1,100,0.061,0.031,0.000
41739,4152,3,GZ,1,100,0.366,0.061,-0.122
41739,4153,3,MX,1,100,98,97,97
41739,4154,3,MY,1,100,-42,-43,-41
41739,4155,3,MZ,1,100, 0,-1,-1
41809,4156,4,EM,1,100,RS,RB,2025-10-31_12-35-32-301594.csv,PS,MN
41793,4157,1,BI,1,100,800
41793,4158,1,HR,1,100,73.04
41833,4159,2,PI,1,100,173877,173943
41833,4160,2,PR,1,100,151308,151328
41833,4161,2,PG,1,100,12035,12034
41819,4162,1,EA,1,100,2.901106
41819,4163,1,EL,1,100,-19119.000000
41859,4164,3,AX,1,100,-1.079,-1.073,-1.073
41859,4165,3,AY,1,100,0.196,0.199,0.201
41859,4166,3,AZ,1,100,0.008,0.006,0.007
41859,4167,3,GX,1,100,-0.610,-0.854,-0.885
41859,4168,3,GY,1,100,0.122,0.183,0.031
41859,4169,3,GZ,1,100,-0.153,-0.275,-0.061
41859,4170,3,MX,1,100,97,97,97
41859,4171,3,MY,1,100,-41,-41,-42
41859,4172,3,MZ,1,100,-1,-1,-1
41952,4173,1,SF,1,100,0.0000
41953,4174,3,PI,1,100,173996,174039,174068
41953,4175,3,PR,1,100,151352,151338,151359
41953,4176,3,PG,1,100,12039,12031,12045
41952,4177,2,EA,1,100,2.901106,2.901106
41952,4178,2,EL,1,100,-19119.000000,-19119.000000
41878,4179,1,T1,1,100,24.763
41893,4180,1,TH,1,100,23.230
41939,4181,2,AX,1,100,-1.073,-1.069
41939,4182,2,AY,1,100,0.203,0.201
41939,4183,2,AZ,1,100,0.005,0.006
41939,4184,2,GX,1,100,-0.702,-0.305
41939,4185,2,GY,1,100,0.092,-0.092
41939,4186,2,GZ,1,100,-0.092,0.031
41939,4187,2,MX,1,100,97,98
41939,4188,2,MY,1,100,-43,-42
41939,4189,2,MZ,1,100,-1, 0
42010,4190,4,EM,1,100,RS,RB,2025-10-31_12-35-32-301594.csv,PS,MN
42073,4191,3,PI,1,100,174115,174175,174238
42073,4192,3,PR,1,100,151357,151383,151390
42073,4193,3,PG,1,100,12041,12053,12063
42019,4194,1,EA,1,100,2.902310
42019,4195,1,EL,1,100,-19119.199219
42012,4196,1,T1,1,100,24.791
42027,4197,1,TH,1,100,23.230
42059,4198,3,AX,1,100,-1.073,-1.083,-1.079
42059,4199,3,AY,1,100,0.194,0.199,0.192
42059,4200,3,AZ,1,100,0.010,0.013,0.010
42059,4201,3,GX,1,100,-0.122,-0.153,-0.031
42059,4202,3,GY,1,100,-0.427,-0.275,-0.031
42059,4203,3,GZ,1,100,0.061,0.092,0.214
42059,4204,3,MX,1,100,97,97,97
42059,4205,3,MY,1,100,-41,-42,-41
42059,4206,3,MZ,1,100, 0,-1,-2
42153,4207,2,PI,1,100,173965,173570
42153,4208,2,PR,1,100,151310,151181
42153,4209,2,PG,1,100,12031,12017
42152,4210,2,EA,1,100,2.902310,2.904734
42152,4211,2,EL,1,100,-19119.199219,-19119.599609
42145,4212,1,T1,1,100,24.732
42160,4213,1,TH,1,100,23.262
42139,4214,2,AX,1,100,-1.072,-1.072
42139,4215,2,AY,1,100,0.191,0.206
42139,4216,2,AZ,1,100,0.011,-0.003
42139,4217,2,GX,1,100,-0.641,-0.916
42139,4218,2,GY,1,100,-0.244,-0.336
42139,4219,2,GZ,1,100,-0.702,-0.092
42139,4220,2,MX,1,100,97,97
42139,4221,2,MY,1,100,-42,-42
42139,4222,2,MZ,1,100,-1,-1
42211,4223,4,EM,1,100,RS,RB,2025-10-31_12-35-32-301594.csv,PS,MN
42219,4224,1,SF,1,100,0.0000
42273,4225,3,PI,1,100,173497,173493,173495
42273,4226,3,PR,1,100,151188,151161,151166
42273,4227,3,PG,1,100,11980,11968,11949
42219,4228,1,EA,1,100,2.905953
42219,4229,1,EL,1,100,-19119.800781
42259,4230,3,AX,1,100,-1.081,-1.078,-1.076
42259,4231,3,AY,1,100,0.205,0.207,0.192
42259,4232,3,AZ,1,100,0.012,0.002,0.008
42259,4233,3,GX,1,100,-0.671,-0.153,0.671
42259,4234,3,GY,1,100,0.183,0.488,0.336
42259,4235,3,GZ,1,100,-0.244,0.214,-0.427
42259,4236,3,MX,1,100,98,97,97
42259,4237,3,MY,1,100,-43,-43,-43
42259,4238,3,MZ,1,100,-1,-1,-1
42353,4239,2,PI,1,100,173514,173634
42353,4240,2,PR,1,100,151175,151186
42353,4241,2,PG,1,100,11943,11925
42352,4242,2,EA,1,100,2.903527,2.907161
42352,4243,2,EL,1,100,-19119.400391,-19120.000000
42278,4244,1,T1,1,100,24.742
42293,4245,1,TH,1,100,23.262
42379,4246,3,AX,1,100,-1.090,-1.086,-1.069
42379,4247,3,AY,1,100,0.197,0.180,0.170
42379,4248,3,AZ,1,100,0.016,0.010,0.014
42379,4249,3,GX,1,100,0.336,0.122,-0.183
42379,4250,3,GY,1,100,0.916,1.770,1.495
42379,4251,3,GZ,1,100,0.122,-0.488,-1.343
42379,4252,3,MX,1,100,97,97,98
42379,4253,3,MY,1,100,-42,-42,-41
42379,4254,3,MZ,1,100, 0, 0,-2
42413,4255,4,EM,1,100,RS,RB,2025-10-31_12-35-32-301594.csv,PS,MN
42473,4256,3,PI,1,100,173637,173635,173693
42473,4257,3,PR,1,100,151189,151173,151204
42473,4258,3,PG,1,100,11944,11921,11923
42419,4259,1,EA,1,100,2.907161
42419,4260,1,EL,1,100,-19120.000000
42412,4261,1,T1,1,100,24.711
42427,4262,1,TH,1,100,23.284
42459,4263,2,AX,1,100,-1.078,-1.075
42459,4264,2,AY,1,100,0.201,0.192
42459,4265,2,AZ,1,100,-0.001,-0.001
42459,4266,2,GX,1,100,-2.655,-2.655
42459,4267,2,GY,1,100,2.136,2.350
42459,4268,2,GZ,1,100,0.183,-0.610
42459,4269,2,MX,1,100,97,97
42459,4270,2,MY,1,100,-42,-42
42459,4271,2,MZ,1,100,-1,-1
42513,4272,1,BI,1,100,720
42513,4273,1,HR,1,100,75.33
42552,4274,1,SF,1,100,0.0000
42553,4275,2,PI,1,100,173793,173874
42553,4276,2,PR,1,100,151215,151226
42553,4277,2,PG,1,100,11939,11927
42552,4278,2,EA,1,100,2.907161,2.907161
42552,4279,2,EL,1,100,-19120.000000,-19120.000000
42545,4280,1,T1,1,100,24.662
42560,4281,1,TH,1,100,23.284
42566,4282,3,AX,1,100,-1.071,-1.077,-1.059
42566,4283,3,AY,1,100,0.199,0.190,0.158
42566,4284,3,AZ,1,100,-0.008,0.007,0.017
42566,4285,3,GX,1,100,-3.357,-3.296,-4.944
42566,4286,3,GY,1,100,2.197,3.418,1.953
42566,4287,3,GZ,1,100,-0.641,1.556,-0.092
42566,4288,3,MX,1,100,97,97,97
42566,4289,3,MY,1,100,-41,-43,-42
42566,4290,3,MZ,1,100,-1,-1,-1
42614,4291,4,EM,1,100,RS,RB,2025-10-31_12-35-32-301594.csv,PS,MN
42673,4292,3,PI,1,100,173965,174050,174122
42673,4293,3,PR,1,100,151257,151266,151277
42673,4294,3,PG,1,100,11948,11939,11961
42619,4295,1,EA,1,100,2.907161
42619,4296,1,EL,1,100,-19120.000000
42678,4297,1,T1,1,100,24.677
42646,4298,2,AX,1,100,-1.125,-1.055
42646,4299,2,AY,1,100,0.167,0.210
42646,4300,2,AZ,1,100,-0.012,0.021
42646,4301,2,GX,1,100,-6.561,-8.179
42646,4302,2,GY,1,100,2.136,4.791
42646,4303,2,GZ,1,100,0.122,0.305
42646,4304,2,MX,1,100,98,98
42646,4305,2,MY,1,100,-43,-43
42646,4306,2,MZ,1,100,-1,-1
42753,4307,2,PI,1,100,174188,174224
42753,4308,2,PR,1,100,151283,151302
42753,4309,2,PG,1,100,11950,11962
42752,4310,2,EA,1,100,2.907161,2.907161
42752,4311,2,EL,1,100,-19120.000000,-19120.000000
42693,4312,1,TH,1,100,23.266
42766,4313,3,AX,1,100,-1.031,-1.045,-1.035
42766,4314,3,AY,1,100,0.208,0.219,0.209
42766,4315,3,AZ,1,100,-0.017,-0.054,-0.004
42766,4316,3,GX,1,100,-9.003,-6.165,-5.249
42766,4317,3,GY,1,100,1.038,-0.397,-1.190
42766,4318,3,GZ,1,100,-3.479,0.671,0.763
42766,4319,3,MX,1,100,98,97,99
42766,4320,3,MY,1,100,-44,-43,-43
42766,4321,3,MZ,1,100, 0, 0, 0
42815,4322,4,EM,1,100,RS,RB,2025-10-31_12-35-32-301594.csv,PS,MN
42873,4323,3,PI,1,100,174339,174203,173689
42873,4324,3,PR,1,100,151316,151286,151130
42873,4325,3,PG,1,100,11967,11961,11932
42819,4326,1,EA,1,100,2.907161
42819,4327,1,EL,1,100,-19120.000000
42812,4328,1,T1,1,100,24.825
42826,4329,1,TH,1,100,23.266
42846,4330,2,AX,1,100,-1.060,-1.073
42846,4331,2,AY,1,100,0.209,0.206
42846,4332,2,AZ,1,100,-0.001,-0.003
42846,4333,2,GX,1,100,-3.693,-1.587
42846,4334,2,GY,1,100,-4.456,-5.859
42846,4335,2,GZ,1,100,-0.031,1.251
42846,4336,2,MX,1,100,99,100
42846,4337,2,MY,1,100,-43,-43
42846,4338,2,MZ,1,100, 0, 0
42952,4339,1,SF,1,100,0.0000
42953,4340,2,PI,1,100,173452,173430
42953,4341,2,PR,1,100,151086,151069
42953,4342,2,PG,1,100,11902,11889
42952,4343,2,EA,1,100,2.907161,2.907161
42952,4344,2,EL,1,100,-19120.000000,-19120.000000
42945,4345,1,T1,1,100,24.711
42960,4346,1,TH,1,100,23.237
42966,4347,3,AX,1,100,-1.098,-1.077,-1.081
42966,4348,3,AY,1,100,0.224,0.229,0.248
42966,4349,3,AZ,1,100,-0.006,0.007,0.000
42966,4350,3,GX,1,100,-1.923,1.740,5.005
42966,4351,3,GY,1,100,-6.927,-6.073,-5.310
42966,4352,3,GZ,1,100,-0.275,-2.594,-1.617
42966,4353,3,MX,1,100,99,99,99
42966,4354,3,MY,1,100,-43,-44,-42
42966,4355,3,MZ,1,100, 0, 1, 0
43016,4356,4,EM,1,100,RS,RB,2025-10-31_12-35-32-301594.csv,PS,MN
43073,4357,3,PI,1,100,173373,173390,173513
43073,4358,3,PR,1,100,151045,151059,151069
43073,4359,3,PG,1,100,11864,11858,11861
43085,4360,2,EA,1,100,2.908370,2.908370
43085,4361,2,EL,1,100,-19120.199219,-19120.199219
43078,4362,1,T1,1,100,24.769
43093,4363,1,TH,1,100,23.244
43086,4364,3,AX,1,100,-1.092,-1.101,-1.082
43086,4365,3,AY,1,100,0.216,0.185,0.172
43086,4366,3,AZ,1,100,0.012,0.019,0.015
43086,4367,3,GX,1,100,8.148,10.895,12.024
43086,4368,3,GY,1,100,-4.486,-3.143,-0.488
43086,4369,3,GZ,1,100,0.122,-0.031,3.296
43086,4370,3,MX,1,100,98,98,98
43086,4371,3,MY,1,100,-43,-42,-42
43086,4372,3,MZ,1,100, 0, 0, 0
43133,4373,1,TL,1,100,2025-10-31_12-35-32-791164
43134,4374,2,AK,1,100,3540,RD
43135,4375,1,TL,1,100,2025-10-31_12-35-32-803133
43136,4376,2,AK,1,100,3540,RD
43136,4377,2,RD,1,100,TL,TU
43147,4378,1,TL,1,100,2025-10-31_12-35-37-819090
43148,4379,2,AK,1,100,4377,RD
43166,4380,2,PI,1,100,173545,173495
43166,4381,2,PR,1,100,151065,151069
43166,4382,2,PG,1,100,11851,11837
43152,4383,1,EA,1,100,2.907161
43152,4384,1,EL,1,100,-19120.000000
43166,4385,2,AX,1,100,-1.092,-1.090
43166,4386,2,AY,1,100,0.164,0.147
43166,4387,2,AZ,1,100,0.042,0.053
43166,4388,2,GX,1,100,10.437,7.904
43166,4389,2,GY,1,100,1.190,2.319
43166,4390,2,GZ,1,100,4.211,3.906
43166,4391,2,MX,1,100,97,98
43166,4392,2,MY,1,100,-41,-41
43166,4393,2,MZ,1,100,-2,-1
43220,4394,4,EM,1,100,RS,RB,2025-10-31_12-35-32-301594.csv,PS,MN
43286,4395,1,BI,1,100,760
43286,4396,1,HR,1,100,76.13
43285,4397,1,SF,1,100,0.0000
43286,4398,3,PI,1,100,173539,173613,173656
43286,4399,3,PR,1,100,151067,151083,151074
43286,4400,3,PG,1,100,11841,11831,11835
43285,4401,2,EA,1,100,2.908370,2.910804
43285,4402,2,EL,1,100,-19120.199219,-19120.599609
43212,4403,1,T1,1,100,24.794
43226,4404,1,TH,1,100,23.289
43286,4405,3,AX,1,100,-1.091,-1.080,-1.081
43286,4406,3,AY,1,100,0.147,0.178,0.218
43286,4407,3,AZ,1,100,0.036,0.011,0.014
43286,4408,3,GX,1,100,3.784,-1.251,-4.669
43286,4409,3,GY,1,100,3.296,3.571,3.510
43286,4410,3,GZ,1,100,4.395,3.326,1.007
43286,4411,3,MX,1,100,97,97,97
43286,4412,3,MY,1,100,-41,-40,-42
43286,4413,3,MZ,1,100,-1,-1,-1
43366,4414,2,PI,1,100,173741,173794
43366,4415,2,PR,1,100,151117,151119
43366,4416,2,PG,1,100,11832,11847
43352,4417,1,EA,1,100,2.910804
43352,4418,1,EL,1,100,-19120.599609
43345,4419,1,T1,1,100,24.840
43360,4420,1,TH,1,100,23.289
43393,4421,3,AX,1,100,-1.065,-1.051,-1.035
43393,4422,3,AY,1,100,0.224,0.235,0.242
43393,4423,3,AZ,1,100,-0.021,-0.023,-0.021
43393,4424,3,GX,1,100,-4.730,-3.265,-2.472
43393,4425,3,GY,1,100,4.120,3.296,2.502
43393,4426,3,GZ,1,100,0.854,0.183,0.488
43393,4427,3,MX,1,100,97,97,98
43393,4428,3,MY,1,100,-40,-41,-41
43393,4429,3,MZ,1,100, 0,-1,-2
43429,4430,4,EM,1,100,RS,RB,2025-10-31_12-35-32-301594.csv,PS,MN
43486,4431,3,PI,1,100,173863,173940,173965
43486,4432,3,PR,1,100,151106,151149,151141
43486,4433,3,PG,1,100,11839,11844,11838
43485,4434,2,EA,1,100,2.912028,2.910804
43485,4435,2,EL,1,100,-19120.800781,-19120.599609
43478,4436,1,T1,1,100,24.718
43493,4437,1,TH,1,100,23.202
43472,4438,2,AX,1,100,-1.083,-1.099
43472,4439,2,AY,1,100,0.197,0.189
43472,4440,2,AZ,1,100,0.015,-0.001
43472,4441,2,GX,1,100,1.160,0.031
43472,4442,2,GY,1,100,0.916,1.556
43472,4443,2,GZ,1,100,-0.885,3.448
43472,4444,2,MX,1,100,98,97
43472,4445,2,MY,1,100,-41,-41
43472,4446,2,MZ,1,100,-1, 0
43552,4447,1,SF,1,100,0.0000
43566,4448,2,PI,1,100,173638,173358
43566,4449,2,PR,1,100,151059,150967
43566,4450,2,PG,1,100,11839,11810
43552,4451,1,EA,1,100,2.910804
43552,4452,1,EL,1,100,-19120.599609
43592,4453,3,AX,1,100,-1.093,-1.040,-1.049
43592,4454,3,AY,1,100,0.136,0.160,0.194
43592,4455,3,AZ,1,100,0.003,0.028,-0.004
43592,4456,3,GX,1,100,-0.793,-4.272,-8.820
43592,4457,3,GY,1,100,1.709,-0.580,0.427
43592,4458,3,GZ,1,100,1.984,-0.366,2.228
43592,4459,3,MX,1,100,97,98,99
43592,4460,3,MY,1,100,-41,-41,-42
43592,4461,3,MZ,1,100,-1, 0, 0
43630,4462,4,EM,1,100,RS,RB,2025-10-31_12-35-32-301594.csv,PS,MN
43686,4463,3,PI,1,100,173352,173360,173414
43686,4464,3,PR,1,100,150959,150958,150984
43686,4465,3,PG,1,100,11796,11777,11779
43685,4466,2,EA,1,100,2.913242,2.913242
43685,4467,2,EL,1,100,-19121.000000,-19121.000000
43612,4468,1,T1,1,100,24.807
43626,4469,1,TH,1,100,23.202
43672,4470,2,AX,1,100,-1.077,-1.080
43672,4471,2,AY,1,100,0.212,0.284
43672,4472,2,AZ,1,100,0.008,-0.019
43672,4473,2,GX,1,100,-10.284,-9.918
43672,4474,2,GY,1,100,0.275,0.488
43672,4475,2,GZ,1,100,-1.129,1.587
43672,4476,2,MX,1,100,98,100
43672,4477,2,MY,1,100,-41,-43
43672,4478,2,MZ,1,100, 0, 0
43766,4479,2,PI,1,100,173513,173571
43766,4480,2,PR,1,100,151000,151014
43766,4481,2,PG,1,100,11781,11777
43752,4482,1,EA,1,100,2.912028
43752,4483,1,EL,1,100,-19120.800781
43745,4484,1,T1,1,100,24.846
43760,4485,1,TH,1,100,23.339
43792,4486,3,AX,1,100,-1.067,-1.055,-1.042
43792,4487,3,AY,1,100,0.276,0.280,0.257
43792,4488,3,AZ,1,100,-0.017,-0.015,0.005
43792,4489,3,GX,1,100,-7.019,-1.434,6.653
43792,4490,3,GY,1,100,-1.740,-7.507,-14.893
43792,4491,3,GZ,1,100,2.625,5.371,13.092
43792,4492,3,MX,1,100,99,100,100
43792,4493,3,MY,1,100,-41,-41,-41
43792,4494,3,MZ,1,100, 0, 0, 1
43835,4495,4,EM,1,100,RS,RB,2025-10-31_12-35-32-301594.csv,PS,MN
43886,4496,1,BI,1,100,600
43886,4497,1,HR,1,100,81.44
43885,4498,1,SF,1,100,0.0000
43886,4499,3,PI,1,100,173510,173503,173543
43886,4500,3,PR,1,100,151008,150969,150988
43886,4501,3,PG,1,100,11780,11777,11780
43885,4502,2,EA,1,100,2.913242,2.913242
43885,4503,2,EL,1,100,-19121.000000,-19121.000000
43878,4504,1,T1,1,100,24.791
43893,4505,1,TH,1,100,23.339
43872,4506,2,AX,1,100,-1.055,-1.072
43872,4507,2,AY,1,100,0.287,0.271
43872,4508,2,AZ,1,100,0.084,0.047
43872,4509,2,GX,1,100,9.979,24.048
43872,4510,2,GY,1,100,-28.900,-27.130
43872,4511,2,GZ,1,100,22.003,18.616
43872,4512,2,MX,1,100,99,99
43872,4513,2,MY,1,100,-41,-39
43872,4514,2,MZ,1,100, 0, 0
43966,4515,2,PI,1,100,173570,173529
43966,4516,2,PR,1,100,150993,150970
43966,4517,2,PG,1,100,11765,11765
43952,4518,1,EA,1,100,2.892668
43952,4519,1,EL,1,100,-19117.599609
43992,4520,3,AX,1,100,-1.041,-1.028,-1.047
43992,4521,3,AY,1,100,0.285,0.250,0.203
43992,4522,3,AZ,1,100,-0.010,0.021,0.093
43992,4523,3,GX,1,100,55.389,40.558,5.646
43992,4524,3,GY,1,100,-29.144,-11.688,0.702
43992,4525,3,GZ,1,100,23.315,-2.014,-10.864
43992,4526,3,MX,1,100,99,99,97
43992,4527,3,MY,1,100,-38,-39,-40
43992,4528,3,MZ,1,100,-2,-3,-2
44036,4529,4,EM,1,100,RS,RB,2025-10-31_12-35-32-301594.csv,PS,MN
44086,4530,3,PI,1,100,173577,173621,173687
44086,4531,3,PR,1,100,150980,150989,150986
44086,4532,3,PG,1,100,11774,11765,11768
44085,4533,2,EA,1,100,2.853557,2.903527
44085,4534,2,EL,1,100,-19111.000000,-19119.400391
44012,4535,1,T1,1,100,24.910
44026,4536,1,TH,1,100,23.260
44072,4537,2,AX,1,100,-1.086,-1.116
44072,4538,2,AY,1,100,0.209,0.240
44072,4539,2,AZ,1,100,0.071,0.090
44072,4540,2,GX,1,100,-4.242,2.380
44072,4541,2,GY,1,100,5.096,5.798
44072,4542,2,GZ,1,100,-10.071,-8.240
44072,4543,2,MX,1,100,97,97
44072,4544,2,MY,1,100,-39,-39
44072,4545,2,MZ,1,100,-3,-3
44166,4546,2,PI,1,100,173795,173542
44166,4547,2,PR,1,100,151010,150941
44166,4548,2,PG,1,100,11776,11769
44152,4549,1,EA,1,100,2.913242
44152,4550,1,EL,1,100,-19121.000000
44145,4551,1,T1,1,100,24.819
44160,4552,1,TH,1,100,23.267
44179,4553,3,AX,1,100,-1.091,-1.095,-1.064
44179,4554,3,AY,1,100,0.215,0.226,0.225
44179,4555,3,AZ,1,100,0.069,0.059,0.050
44179,4556,3,GX,1,100,1.038,-3.052,-3.937
44179,4557,3,GY,1,100,11.688,1.831,2.014
44179,4558,3,GZ,1,100,-14.130,-3.113,-0.397
44179,4559,3,MX,1,100,96,96,97
44179,4560,3,MY,1,100,-40,-40,-39
44179,4561,3,MZ,1,100,-4,-4,-3
44237,4562,4,EM,1,100,RS,RB,2025-10-31_12-35-32-301594.csv,PS,MN
44285,4563,1,SF,1,100,0.0000
44286,4564,3,PI,1,100,173152,173061,173120
44286,4565,3,PR,1,100,150823,150810,150815
44286,4566,3,PG,1,100,11723,11691,11676
44285,4567,2,EA,1,100,2.908370,2.909593
44285,4568,2,EL,1,100,-19120.199219,-19120.400391
44278,4569,1,T1,1,100,24.744
44293,4570,1,TH,1,100,23.231
44299,4571,3,AX,1,100,-1.041,-1.043,-1.048
44299,4572,3,AY,1,100,0.216,0.264,0.251
44299,4573,3,AZ,1,100,0.031,0.027,0.017
44299,4574,3,GX,1,100,-5.676,-7.111,-5.737
44299,4575,3,GY,1,100,1.526,4.028,1.160
44299,4576,3,GZ,1,100,-0.610,0.122,2.686
44299,4577,3,MX,1,100,96,97,98
44299,4578,3,MY,1,100,-39,-40,-40
44299,4579,3,MZ,1,100,-4,-2,-2
44406,4580,3,PI,1,100,173153,173233,173321
44406,4581,3,PR,1,100,150813,150826,150844
44406,4582,3,PG,1,100,11674,11655,11649
44352,4583,1,EA,1,100,2.908370
44352,4584,1,EL,1,100,-19120.199219
44379,4585,2,AX,1,100,-1.049,-1.057
44379,4586,2,AY,1,100,0.274,0.241
44379,4587,2,AZ,1,100,0.015,0.038
44379,4588,2,GX,1,100,-2.930,-1.343
44379,4589,2,GY,1,100,1.129,2.411
44379,4590,2,GZ,1,100,2.350,1.099
44379,4591,2,MX,1,100,97,98
44379,4592,2,MY,1,100,-40,-40
44379,4593,2,MZ,1,100,-2,-1
44438,4594,4,EM,1,100,RS,RB,2025-10-31_12-35-32-301594.csv,PS,MN
44486,4595,2,PI,1,100,173303,173283
44486,4596,2,PR,1,100,150832,150838
44486,4597,2,PG,1,100,11655,11638
44485,4598,2,EA,1,100,2.910804,2.912028
44485,4599,2,EL,1,100,-19120.599609,-19120.800781
44412,4600,1,T1,1,100,24.819
44426,4601,1,TH,1,100,23.231
44499,4602,3,AX,1,100,-1.051,-1.072,-1.088
44499,4603,3,AY,1,100,0.237,0.235,0.231
44499,4604,3,AZ,1,100,0.025,0.046,0.038
44499,4605,3,GX,1,100,-0.397,-3.815,-2.106
44499,4606,3,GY,1,100,3.296,5.707,1.709
44499,4607,3,GZ,1,100,-0.488,-1.465,1.892
44499,4608,3,MX,1,100,97,98,99
44499,4609,3,MY,1,100,-39,-40,-41
44499,4610,3,MZ,1,100,-3,-1,-1
44526,4611,1,BI,1,100,640
44526,4612,1,HR,1,100,84.17
44552,4613,1,SF,1,100,0.0000
44606,4614,3,PI,1,100,173383,173490,173561
44606,4615,3,PR,1,100,150844,150858,150844
44606,4616,3,PG,1,100,11637,11641,11669
44552,4617,1,EA,1,100,2.913242
44552,4618,1,EL,1,100,-19121.000000
44545,4619,1,T1,1,100,24.815
44560,4620,1,TH,1,100,23.277
44579,4621,2,AX,1,100,-1.052,-1.047
44579,4622,2,AY,1,100,0.258,0.262
44579,4623,2,AZ,1,100,0.025,0.018
44579,4624,2,GX,1,100,-2.075,-2.045
44579,4625,2,GY,1,100,1.190,1.099
44579,4626,2,GZ,1,100,3.418,2.045
44579,4627,2,MX,1,100,97,98
44579,4628,2,MY,1,100,-40,-41
44579,4629,2,MZ,1,100,-2,-2
44639,4630,4,EM,1,100,RS,RB,2025-10-31_12-35-32-301594.csv,PS,MN
44686,4631,2,PI,1,100,173639,173698
44686,4632,2,PR,1,100,150889,150899
44686,4633,2,PG,1,100,11654,11672
44685,4634,2,EA,1,100,2.913242,2.913242
44685,4635,2,EL,1,100,-19121.000000,-19121.000000
44678,4636,1,T1,1,100,24.743
44693,4637,1,TH,1,100,23.277
44699,4638,3,AX,1,100,-1.053,-1.072,-1.067
44699,4639,3,AY,1,100,0.275,0.256,0.236
44699,4640,3,AZ,1,100,0.017,0.021,0.048
44699,4641,3,GX,1,100,-0.671,0.244,0.916
44699,4642,3,GY,1,100,-0.305,-1.343,-1.953
44699,4643,3,GZ,1,100,2.716,0.549,-0.885
44699,4644,3,MX,1,100,98,98,98
44699,4645,3,MY,1,100,-38,-40,-39
44699,4646,3,MZ,1,100,-1,-3,-1
44806,4647,3,PI,1,100,173752,173798,173781
44806,4648,3,PR,1,100,150899,150917,150898
44806,4649,3,PG,1,100,11678,11674,11659
44752,4650,1,EA,1,100,2.913242
44752,4651,1,EL,1,100,-19121.000000
44811,4652,1,T1,1,100,24.747
44779,4653,2,AX,1,100,-1.058,-1.057
44779,4654,2,AY,1,100,0.231,0.252
44779,4655,2,AZ,1,100,0.032,0.025
44779,4656,2,GX,1,100,0.244,1.190
44779,4657,2,GY,1,100,-1.434,-1.617
44779,4658,2,GZ,1,100,-3.113,-1.892
44779,4659,2,MX,1,100,98,98
44779,4660,2,MY,1,100,-40,-38
44779,4661,2,MZ,1,100,-3,-2
44848,4662,4,EM,1,100,RS,RB,2025-10-31_12-35-32-301594.csv,PS,MN
44885,4663,1,SF,1,100,0.0000
44886,4664,2,PI,1,100,173336,173024
44886,4665,2,PR,1,100,150789,150686
44886,4666,2,PG,1,100,11658,11621
44885,4667,2,EA,1,100,2.913242,2.913242
44885,4668,2,EL,1,100,-19121.000000,-19121.000000
44826,4669,1,TH,1,100,23.255
44899,4670,3,AX,1,100,-1.067,-1.091,-1.051
44899,4671,3,AY,1,100,0.268,0.255,0.226
44899,4672,3,AZ,1,100,0.020,0.038,0.045
44899,4673,3,GX,1,100,0.824,1.709,1.984
44899,4674,3,GY,1,100,-2.075,-2.808,-2.869
44899,4675,3,GZ,1,100,-0.763,-1.129,-0.854
44899,4676,3,MX,1,100,97,97,97
44899,4677,3,MY,1,100,-40,-41,-40
44899,4678,3,MZ,1,100,-2,-2,-2
45006,4679,3,PI,1,100,172993,173008,172992
45006,4680,3,PR,1,100,150687,150671,150676
45006,4681,3,PG,1,100,11579,11579,11547
44952,4682,1,EA,1,100,2.915684
44952,4683,1,EL,1,100,-19121.400391
44945,4684,1,T1,1,100,24.820
44960,4685,1,TH,1,100,23.255
45006,4686,3,AX,1,100,-1.065,-1.060,-1.070
45006,4687,3,AY,1,100,0.201,0.205,0.210
45006,4688,3,AZ,1,100,0.050,0.041,0.050
45006,4689,3,GX,1,100,2.106,0.732,-3.143
45006,4690,3,GY,1,100,-2.106,0.458,-1.526
45006,4691,3,GZ,1,100,-3.510,-4.578,-2.747
45006,4692,3,MX,1,100,97,96,96
45006,4693,3,MY,1,100,-40,-40,-39
45006,4694,3,MZ,1,100,-1,-2,-3
45048,4695,4,EM,1,100,RS,RB,2025-10-31_12-35-32-301594.csv,PS,MN
45086,4696,2,PI,1,100,173078,173115
45086,4697,2,PR,1,100,150669,150671
45086,4698,2,PG,1,100,11552,11539
45085,4699,2,EA,1,100,2.915684,2.916900
45085,4700,2,EL,1,100,-19121.400391,-19121.599609
45078,4701,1,T1,1,100,24.780
45093,4702,1,TH,1,100,23.268
45086,4703,2,AX,1,100,-1.070,-1.070
45086,4704,2,AY,1,100,0.229,0.247
45086,4705,2,AZ,1,100,0.043,0.041
45086,4706,2,GX,1,100,-3.632,-4.242
45086,4707,2,GY,1,100,-1.129,-0.519
45086,4708,2,GZ,1,100,-2.655,-0.336
45086,4709,2,MX,1,100,97,97
45086,4710,2,MY,1,100,-42,-42
45086,4711,2,MZ,1,100,-3,-2
45206,4712,3,PI,1,100,173083,173115,173176
45206,4713,3,PR,1,100,150686,150675,150673
45206,4714,3,PG,1,100,11535,11519,11529
45152,4715,1,EA,1,100,2.919348
45152,4716,1,EL,1,100,-19122.000000
45211,4717,1,T1,1,100,24.763
45206,4718,3,AX,1,100,-1.062,-1.054,-1.073
45206,4719,3,AY,1,100,0.275,0.246,0.243
45206,4720,3,AZ,1,100,0.014,0.019,0.063
45206,4721,3,GX,1,100,-2.991,0.916,1.221
45206,4722,3,GY,1,100,0.610,1.129,0.397
45206,4723,3,GZ,1,100,2.106,1.343,4.059
45206,4724,3,MX,1,100,98,97,97
45206,4725,3,MY,1,100,-38,-40,-41
45206,4726,3,MZ,1,100,-3,-1,-2
45255,4727,4,EM,1,100,RS,RB,2025-10-31_12-35-32-301594.csv,PS,MN
45246,4728,1,BI,1,100,720
45246,4729,1,HR,1,100,83.99
45285,4730,1,SF,1,100,0.0000
45286,4731,2,PI,1,100,173266,173358
45286,4732,2,PR,1,100,150687,150728
45286,4733,2,PG,1,100,11520,11528
45285,4734,2,EA,1,100,2.919348,2.919348
45285,4735,2,EL,1,100,-19122.000000,-19122.000000
45226,4736,1,TH,1,100,23.275
45286,4737,2,AX,1,100,-1.088,-1.110
45286,4738,2,AY,1,100,0.192,0.211
45286,4739,2,AZ,1,100,0.038,0.069
45286,4740,2,GX,1,100,1.801,0.458
45286,4741,2,GY,1,100,2.167,3.265
45286,4742,2,GZ,1,100,0.885,1.373
45286,4743,2,MX,1,100,97,98
45286,4744,2,MY,1,100,-38,-40
45286,4745,2,MZ,1,100,-2,-3
45406,4746,3,PI,1,100,173477,173525,173582
45406,4747,3,PR,1,100,150742,150742,150769
45406,4748,3,PG,1,100,11547,11540,11544
45418,4749,2,EA,1,100,2.919348,2.919348
45418,4750,2,EL,1,100,-19122.000000,-19122.000000
45345,4751,1,T1,1,100,24.791
45360,4752,1,TH,1,100,23.273
45406,4753,3,AX,1,100,-1.048,-1.038,-1.038
45406,4754,3,AY,1,100,0.197,0.203,0.260
45406,4755,3,AZ,1,100,0.050,0.033,0.016
45406,4756,3,GX,1,100,-2.899,-3.998,-8.514
45406,4757,3,GY,1,100,5.493,4.211,3.876
45406,4758,3,GZ,1,100,6.195,1.343,4.089
45406,4759,3,MX,1,100,98,98,100
45406,4760,3,MY,1,100,-39,-40,-39
45406,4761,3,MZ,1,100,-2,-3,-3
45456,4762,4,EM,1,100,RS,RB,2025-10-31_12-35-32-301594.csv,PS,MN
45486,4763,2,PI,1,100,173675,173584
45486,4764,2,PR,1,100,150773,150741
45486,4765,2,PG,1,100,11545,11555
45485,4766,1,EA,1,100,2.920568
45485,4767,1,EL,1,100,-19122.199219
45478,4768,1,T1,1,100,24.697
45493,4769,1,TH,1,100,23.273
45486,4770,2,AX,1,100,-1.061,-1.047
45486,4771,2,AY,1,100,0.302,0.321
45486,4772,2,AZ,1,100,-0.000,0.005
45486,4773,2,GX,1,100,-8.911,-5.066
45486,4774,2,GY,1,100,2.472,0.183
45486,4775,2,GZ,1,100,4.333,4.150
45486,4776,2,MX,1,100,99,100
45486,4777,2,MY,1,100,-38,-39
45486,4778,2,MZ,1,100,-2,-1
45618,4779,1,SF,1,100,0.0000
45620,4780,3,PI,1,100,173118,172875,172882
45620,4781,3,PR,1,100,150608,150550,150548
45620,4782,3,PG,1,100,11526,11497,11473
45618,4783,2,EA,1,100,2.919348,2.920568
45618,4784,2,EL,1,100,-19122.000000,-19122.199219
45611,4785,1,T1,1,100,24.833
45626,4786,1,TH,1,100,23.337
45606,4787,3,AX,1,100,-1.050,-1.051,-1.066
45606,4788,3,AY,1,100,0.309,0.270,0.219
45606,4789,3,AZ,1,100,-0.007,0.010,0.055
45606,4790,3,GX,1,100,0.092,4.395,4.486
45606,4791,3,GY,1,100,-0.031,-0.488,-2.380
45606,4792,3,GZ,1,100,3.510,1.251,-1.801
45606,4793,3,MX,1,100,99,99,99
45606,4794,3,MY,1,100,-40,-39,-39
45606,4795,3,MZ,1,100,-1, 0,-1
45660,4796,4,EM,1,100,RS,RB,2025-10-31_12-35-32-301594.csv,PS,MN
45700,4797,2,PI,1,100,172868,172890
45700,4798,2,PR,1,100,150523,150541
45700,4799,2,PG,1,100,11452,11423
45685,4800,1,EA,1,100,2.921800
45685,4801,1,EL,1,100,-19122.400391
45686,4802,2,AX,1,100,-1.073,-1.063
45686,4803,2,AY,1,100,0.209,0.240
45686,4804,2,AZ,1,100,0.056,0.029
45686,4805,2,GX,1,100,3.052,0.854
45686,4806,2,GY,1,100,-2.686,-2.655
45686,4807,2,GZ,1,100,-2.716,-1.892
45686,4808,2,MX,1,100,97,97
45686,4809,2,MY,1,100,-39,-39
45686,4810,2,MZ,1,100,-3,-2
45820,4811,3,PI,1,100,172995,173009,172958
45820,4812,3,PR,1,100,150566,150559,150544
45820,4813,3,PG,1,100,11430,11430,11424
45818,4814,2,EA,1,100,2.923022,2.923022
45818,4815,2,EL,1,100,-19122.599609,-19122.599609
45745,4816,1,T1,1,100,24.786
45760,4817,1,TH,1,100,23.337
45792,4818,3,AX,1,100,-1.062,-1.078,-1.064
45792,4819,3,AY,1,100,0.267,0.283,0.243
45792,4820,3,AZ,1,100,0.026,0.020,0.044
45792,4821,3,GX,1,100,-0.732,0.244,1.984
45792,4822,3,GY,1,100,-4.303,-2.930,-1.984
45792,4823,3,GZ,1,100,0.488,-0.458,-2.289
45792,4824,3,MX,1,100,98,99,97
45792,4825,3,MY,1,100,-38,-40,-39
45792,4826,3,MZ,1,100,-3,-2,-2
45861,4827,4,EM,1,100,RS,RB,2025-10-31_12-35-32-301594.csv,PS,MN
45885,4828,1,SF,1,100,0.0000
45899,4829,2,PI,1,100,172999,173075
45899,4830,2,PR,1,100,150541,150566
45899,4831,2,PG,1,100,11403,11418
45885,4832,1,EA,1,100,2.925480
45885,4833,1,EL,1,100,-19123.000000
45878,4834,1,T1,1,100,24.837
45893,4835,1,TH,1,100,23.315
45912,4836,3,AX,1,100,-1.047,-1.082,-1.068
45912,4837,3,AY,1,100,0.239,0.219,0.216
45912,4838,3,AZ,1,100,0.036,0.042,0.051
45912,4839,3,GX,1,100,2.930,2.808,1.129
45912,4840,3,GY,1,100,-1.282,-0.366,-0.183
45912,4841,3,GZ,1,100,-1.953,-2.136,-1.801
45912,4842,3,MX,1,100,97,97,98
45912,4843,3,MY,1,100,-40,-39,-40
45912,4844,3,MZ,1,100,-3,-2,-2
45851,4845,1,BV,1,100,4.10
45851,4846,1,B%,1,100,100
45939,4847,1,BI,1,100,680
45939,4848,1,HR,1,100,84.93
46019,4849,3,PI,1,100,173179,173213,173259
46019,4850,3,PR,1,100,150582,150585,150578
46019,4851,3,PG,1,100,11431,11407,11429
46018,4852,2,EA,1,100,2.925480,2.925480
46018,4853,2,EL,1,100,-19123.000000,-19123.000000
46011,4854,1,T1,1,100,24.752
46026,4855,1,TH,1,100,23.315
45992,4856,2,AX,1,100,-1.062,-1.058
45992,4857,2,AY,1,100,0.223,0.251
45992,4858,2,AZ,1,100,0.048,0.035
45992,4859,2,GX,1,100,-1.740,-2.869
45992,4860,2,GY,1,100,-1.434,-0.488
45992,4861,2,GZ,1,100,-1.038,-0.458
45992,4862,2,MX,1,100,97,98
45992,4863,2,MY,1,100,-39,-40
45992,4864,2,MZ,1,100,-3,-1
46062,4865,4,EM,1,100,RS,RB,2025-10-31_12-35-32-301594.csv,PS,MN
46099,4866,2,PI,1,100,173300,173339
46099,4867,2,PR,1,100,150602,150582
46099,4868,2,PG,1,100,11428,11434
46085,4869,1,EA,1,100,2.925480
46085,4870,1,EL,1,100,-19123.000000
46112,4871,3,AX,1,100,-1.077,-1.054,-1.065
46112,4872,3,AY,1,100,0.263,0.253,0.239
46112,4873,3,AZ,1,100,0.019,0.036,0.039
46112,4874,3,GX,1,100,-2.655,-1.007,-0.793
46112,4875,3,GY,1,100,0.458,0.336,1.404
46112,4876,3,GZ,1,100,1.495,3.113,0.214
46112,4877,3,MX,1,100,98,98,98
46112,4878,3,MY,1,100,-39,-38,-40
46112,4879,3,MZ,1,100,-3,-3,-3
46218,4880,1,SF,1,100,0.0000
46219,4881,3,PI,1,100,173430,173226,172828
46219,4882,3,PR,1,100,150603,150565,150440
46219,4883,3,PG,1,100,11431,11435,11380
46218,4884,2,EA,1,100,2.925480,2.926704
46218,4885,2,EL,1,100,-19123.000000,-19123.199219
46145,4886,1,T1,1,100,24.822
46160,4887,1,TH,1,100,23.380
46232,4888,3,AX,1,100,-1.065,-1.057,-1.066
46232,4889,3,AY,1,100,0.226,0.240,0.249
46232,4890,3,AZ,1,100,0.037,0.044,0.030
46232,4891,3,GX,1,100,-1.007,-1.831,-2.075
46232,4892,3,GY,1,100,1.312,1.801,2.655
46232,4893,3,GZ,1,100,-0.549,0.397,0.305
46232,4894,3,MX,1,100,97,98,98
46232,4895,3,MY,1,100,-40,-39,-38
46232,4896,3,MZ,1,100,-2,-2,-3
46269,4897,4,EM,1,100,RS,RB,2025-10-31_12-35-32-301594.csv,PS,MN
46299,4898,2,PI,1,100,172717,172750
46299,4899,2,PR,1,100,150422,150415
46299,4900,2,PG,1,100,11355,11335
46285,4901,1,EA,1,100,2.925480
46285,4902,1,EL,1,100,-19123.000000
46278,4903,1,T1,1,100,24.887
46293,4904,1,TH,1,100,23.380
46312,4905,2,AX,1,100,-1.061,-1.045
46312,4906,2,AY,1,100,0.256,0.267
46312,4907,2,AZ,1,100,0.025,0.012
46312,4908,2,GX,1,100,-1.953,-2.075
46312,4909,2,GY,1,100,1.190,0.427
46312,4910,2,GZ,1,100,1.068,1.099
46312,4911,2,MX,1,100,98,98
46312,4912,2,MY,1,100,-39,-40
46312,4913,2,MZ,1,100,-3,-1
46419,4914,3,PI,1,100,172745,172807,172910
46419,4915,3,PR,1,100,150410,150411,150428
46419,4916,3,PG,1,100,11321,11338,11328
46418,4917,2,EA,1,100,2.927942,2.926704
46418,4918,2,EL,1,100,-19123.400391,-19123.199219
46411,4919,1,T1,1,100,24.809
46426,4920,1,TH,1,100,23.331
46432,4921,3,AX,1,100,-1.050,-1.064,-1.075
46432,4922,3,AY,1,100,0.262,0.267,0.257
46432,4923,3,AZ,1,100,0.021,0.020,0.036
46432,4924,3,GX,1,100,-0.092,1.373,2.441
46432,4925,3,GY,1,100,0.336,-0.458,-0.427
46432,4926,3,GZ,1,100,-0.214,1.587,1.678
46432,4927,3,MX,1,100,98,98,98
46432,4928,3,MY,1,100,-39,-40,-38
46432,4929,3,MZ,1,100,-1,-3,-2
46470,4930,4,EM,1,100,RS,RB,2025-10-31_12-35-32-301594.csv,PS,MN
46499,4931,2,PI,1,100,172951,172949
46499,4932,2,PR,1,100,150436,150457
46499,4933,2,PG,1,100,11336,11319
46485,4934,1,EA,1,100,2.931637
46485,4935,1,EL,1,100,-19124.000000
46512,4936,2,AX,1,100,-1.059,-1.069
46512,4937,2,AY,1,100,0.240,0.214
46512,4938,2,AZ,1,100,0.040,0.046
46512,4939,2,GX,1,100,3.082,1.709
46512,4940,2,GY,1,100,-0.183,-0.977
46512,4941,2,GZ,1,100,1.099,0.153
46512,4942,2,MX,1,100,98,98
46512,4943,2,MY,1,100,-40,-39
46512,4944,2,MZ,1,100,-2,-2
46540,4945,1,BI,1,100,600
46540,4946,1,HR,1,100,88.28
46618,4947,1,SF,1,100,0.0000
46620,4948,3,PI,1,100,172981,173069,173122
46620,4949,3,PR,1,100,150433,150459,150483
46620,4950,3,PG,1,100,11325,11322,11325
46618,4951,2,EA,1,100,2.931637,2.932867
46618,4952,2,EL,1,100,-19124.000000,-19124.199219
46545,4953,1,T1,1,100,24.776
46559,4954,1,TH,1,100,23.338
46620,4955,3,AX,1,100,-1.053,-1.060,-1.080
46620,4956,3,AY,1,100,0.214,0.245,0.275
46620,4957,3,AZ,1,100,0.048,0.041,0.025
46620,4958,3,GX,1,100,-0.885,-3.601,-3.998
46620,4959,3,GY,1,100,-0.763,-1.465,-1.251
46620,4960,3,GZ,1,100,-0.946,-0.641,1.221
46620,4961,3,MX,1,100,98,97,97
46620,4962,3,MY,1,100,-39,-39,-39
46620,4963,3,MZ,1,100,-2,-3,-2
46673,4964,4,EM,1,100,RS,RB,2025-10-31_12-35-32-301594.csv,PS,MN
46739,4965,3,PI,1,100,173203,173224,173249
46739,4966,3,PR,1,100,150485,150473,150469
46739,4967,3,PG,1,100,11327,11349,11330
46685,4968,1,EA,1,100,2.937821
46685,4969,1,EL,1,100,-19125.000000
46678,4970,1,T1,1,100,24.868
46693,4971,1,TH,1,100,23.420
46739,4972,3,AX,1,100,-1.082,-1.053,-1.039
46739,4973,3,AY,1,100,0.282,0.257,0.249
46739,4974,3,AZ,1,100,0.025,0.032,0.032
46739,4975,3,GX,1,100,-2.319,-0.824,0.305
46739,4976,3,GY,1,100,-0.122,-0.122,-0.763
46739,4977,3,GZ,1,100,-0.610,-1.129,-0.671
46739,4978,3,MX,1,100,98,98,98
46739,4979,3,MY,1,100,-38,-40,-39
46739,4980,3,MZ,1,100,-2,-3,-2
46819,4981,2,PI,1,100,173296,173400
46819,4982,2,PR,1,100,150503,150509
46819,4983,2,PG,1,100,11341,11352
46818,4984,2,EA,1,100,2.935342,2.937821
46818,4985,2,EL,1,100,-19124.599609,-19125.000000
46811,4986,1,T1,1,100,24.765
46826,4987,1,TH,1,100,23.420
46819,4988,2,AX,1,100,-1.067,-1.071
46819,4989,2,AY,1,100,0.245,0.249
46819,4990,2,AZ,1,100,0.027,0.032
46819,4991,2,GX,1,100,0.946,1.465
46819,4992,2,GY,1,100,-0.305,0.519
46819,4993,2,GZ,1,100,0.031,0.488
46819,4994,2,MX,1,100,99,97
46819,4995,2,MY,1,100,-40,-39
46819,4996,2,MZ,1,100,-2,-2
46874,4997,4,EM,1,100,RS,RB,2025-10-31_12-35-32-301594.csv,PS,MN
46885,4998,1,SF,1,100,0.0000
46939,4999,3,PI,1,100,173460,173213,172709
46939,5000,3,PR,1,100,150522,150462,150313
46939,5001,3,PG,1,100,11343,11350,11315
46885,5002,1,EA,1,100,2.937821
46885,5003,1,EL,1,100,-19125.000000
46939,5004,3,AX,1,100,-1.059,-1.062,-1.062
46939,5005,3,AY,1,100,0.241,0.242,0.237
46939,5006,3,AZ,1,100,0.043,0.030,0.036
46939,5007,3,GX,1,100,1.282,1.007,0.397
46939,5008,3,GY,1,100,-0.549,-0.580,-0.153
46939,5009,3,GZ,1,100,0.824,1.007,0.092
46939,5010,3,MX,1,100,97,97,97
46939,5011,3,MY,1,100,-38,-39,-38
46939,5012,3,MZ,1,100,-2,-2,-3
47019,5013,2,PI,1,100,172619,172628
47019,5014,2,PR,1,100,150281,150311
47019,5015,2,PG,1,100,11290,11260
47018,5016,2,EA,1,100,2.940304,2.944031
47018,5017,2,EL,1,100,-19125.400391,-19126.000000
46945,5018,1,T1,1,100,24.828
46959,5019,1,TH,1,100,23.474
47019,5020,2,AX,1,100,-1.061,-1.071
47019,5021,2,AY,1,100,0.253,0.248
47019,5022,2,AZ,1,100,0.041,0.031
47019,5023,2,GX,1,100,-0.488,-0.427
47019,5024,2,GY,1,100,-0.122,0.580
47019,5025,2,GZ,1,100,0.427,-1.038
47019,5026,2,MX,1,100,97,98
47019,5027,2,MY,1,100,-38,-39
47019,5028,2,MZ,1,100,-2,-2
47075,5029,4,EM,1,100,RS,RB,2025-10-31_12-35-32-301594.csv,PS,MN
47139,5030,3,PI,1,100,172639,172687,172761
47139,5031,3,PR,1,100,150286,150303,150287
47139,5032,3,PG,1,100,11246,11240,11244
47085,5033,1,EA,1,100,2.949022
47085,5034,1,EL,1,100,-19126.800781
47078,5035,1,T1,1,100,24.854
47093,5036,1,TH,1,100,23.474
47139,5037,3,AX,1,100,-1.068,-1.050,-1.054
47139,5038,3,AY,1,100,0.253,0.242,0.241
47139,5039,3,AZ,1,100,0.031,0.030,0.033
47139,5040,3,GX,1,100,-0.275,-0.824,-0.946
47139,5041,3,GY,1,100,0.092,-0.458,-1.068
47139,5042,3,GZ,1,100,-1.282,-1.312,-1.770
47139,5043,3,MX,1,100,97,98,98
47139,5044,3,MY,1,100,-38,-39,-38
47139,5045,3,MZ,1,100,-2,-2,-2
47218,5046,1,SF,1,100,0.0000
47219,5047,2,PI,1,100,172782,172790
47219,5048,2,PR,1,100,150318,150309
47219,5049,2,PG,1,100,11224,11225
47218,5050,2,EA,1,100,2.950267,2.954019
47218,5051,2,EL,1,100,-19127.000000,-19127.599609
47211,5052,1,T1,1,100,24.831
47226,5053,1,TH,1,100,23.382
47220,5054,2,AX,1,100,-1.067,-1.071
47220,5055,2,AY,1,100,0.254,0.249
47220,5056,2,AZ,1,100,0.032,0.038
47220,5057,2,GX,1,100,-1.007,-0.854
47220,5058,2,GY,1,100,-1.129,-0.977
47220,5059,2,GZ,1,100,-1.587,-0.977
47220,5060,2,MX,1,100,98,97
47220,5061,2,MY,1,100,-39,-40
47220,5062,2,MZ,1,100,-2,-4
47301,5063,4,EM,1,100,RS,RB,2025-10-31_12-35-32-301594.csv,PS,MN
47299,5064,1,BI,1,100,760
47299,5065,1,HR,1,100,86.21
47339,5066,3,PI,1,100,172821,172872,172984
47339,5067,3,PR,1,100,150297,150300,150330
47339,5068,3,PG,1,100,11230,11231,11230
47285,5069,1,EA,1,100,2.959044
47285,5070,1,EL,1,100,-19128.400391
47345,5071,1,T1,1,100,24.785
47339,5072,3,AX,1,100,-1.061,-1.053,-1.072
47339,5073,3,AY,1,100,0.245,0.243,0.238
47339,5074,3,AZ,1,100,0.030,0.034,0.042
47339,5075,3,GX,1,100,0.000,0.183,0.427
47339,5076,3,GY,1,100,-0.885,-1.251,-1.190
47339,5077,3,GZ,1,100,-1.587,-1.495,-0.885
47339,5078,3,MX,1,100,97,97,97
47339,5079,3,MY,1,100,-40,-39,-39
47339,5080,3,MZ,1,100,-2, 0,-2
47419,5081,2,PI,1,100,173021,173102
47419,5082,2,PR,1,100,150337,150346
47419,5083,2,PG,1,100,11242,11256
47418,5084,2,EA,1,100,2.962818,2.964074
47418,5085,2,EL,1,100,-19129.000000,-19129.199219
47359,5086,1,TH,1,100,23.382
47445,5087,3,AX,1,100,-1.074,-1.057,-1.062
47445,5088,3,AY,1,100,0.242,0.237,0.231
47445,5089,3,AZ,1,100,0.038,0.039,0.045
47445,5090,3,GX,1,100,0.549,0.183,-0.031
47445,5091,3,GY,1,100,-0.519,-0.793,-0.519
47445,5092,3,GZ,1,100,-0.580,-0.244,-0.244
47445,5093,3,MX,1,100,97,97,97
47445,5094,3,MY,1,100,-39,-39,-39
47445,5095,3,MZ,1,100,-1,-3,-3
47502,5096,4,EM,1,100,RS,RB,2025-10-31_12-35-32-301594.csv,PS,MN
47539,5097,3,PI,1,100,173171,173225,173302
47539,5098,3,PR,1,100,150356,150382,150406
47539,5099,3,PG,1,100,11251,11258,11270
47485,5100,1,EA,1,100,2.966602
47485,5101,1,EL,1,100,-19129.599609
47478,5102,1,T1,1,100,24.836
47493,5103,1,TH,1,100,23.400
47525,5104,2,AX,1,100,-1.070,-1.068
47525,5105,2,AY,1,100,0.240,0.242
47525,5106,2,AZ,1,100,0.042,0.041
47525,5107,2,GX,1,100,-0.427,-0.916
47525,5108,2,GY,1,100,0.427,-0.214
47525,5109,2,GZ,1,100,-0.214,0.854
47525,5110,2,MX,1,100,97,97
47525,5111,2,MY,1,100,-39,-39
47525,5112,2,MZ,1,100,-2,-1
47618,5113,1,SF,1,100,0.0000
47619,5114,2,PI,1,100,173368,173308
47619,5115,2,PR,1,100,150382,150385
47619,5116,2,PG,1,100,11273,11261
47618,5117,2,EA,1,100,2.969134,2.969134
47618,5118,2,EL,1,100,-19130.000000,-19130.000000
47611,5119,1,T1,1,100,24.787
47626,5120,1,TH,1,100,23.400
47645,5121,3,AX,1,100,-1.062,-1.063,-1.068
47645,5122,3,AY,1,100,0.238,0.246,0.248
47645,5123,3,AZ,1,100,0.037,0.038,0.033
47645,5124,3,GX,1,100,-1.160,-0.610,-0.305
47645,5125,3,GY,1,100,-0.122,0.458,0.275
47645,5126,3,GZ,1,100,0.549,-0.366,-0.031
47645,5127,3,MX,1,100,97,97,98
47645,5128,3,MY,1,100,-40,-40,-40
47645,5129,3,MZ,1,100,-2,-3,-1
47703,5130,4,EM,1,100,RS,RB,2025-10-31_12-35-32-301594.csv,PS,MN
47739,5131,3,PI,1,100,172801,172546,172581
47739,5132,3,PR,1,100,150231,150174,150171
47739,5133,3,PG,1,100,11239,11207,11206
47751,5134,2,EA,1,100,2.971671,2.975477
47751,5135,2,EL,1,100,-19130.400391,-19131.000000
47744,5136,1,T1,1,100,24.872
47759,5137,1,TH,1,100,23.316
47725,5138,2,AX,1,100,-1.065,-1.056
47725,5139,2,AY,1,100,0.238,0.236
47725,5140,2,AZ,1,100,0.041,0.039
47725,5141,2,GX,1,100,-0.397,-0.031
47725,5142,2,GY,1,100,-0.061,-0.427
47725,5143,2,GZ,1,100,0.092,0.092
47725,5144,2,MX,1,100,98,97
47725,5145,2,MY,1,100,-40,-38
47725,5146,2,MZ,1,100,-2,-1
47819,5147,2,PI,1,100,172578,172573
47819,5148,2,PR,1,100,150180,150153
47819,5149,2,PG,1,100,11191,11179
47818,5150,1,EA,1,100,2.979294
47818,5151,1,EL,1,100,-19131.599609
47845,5152,3,AX,1,100,-1.067,-1.068,-1.062
47845,5153,3,AY,1,100,0.243,0.240,0.236
47845,5154,3,AZ,1,100,0.042,0.034,0.041
47845,5155,3,GX,1,100,-0.031,-0.214,-0.183
47845,5156,3,GY,1,100,-0.397,-0.183,-0.214
47845,5157,3,GZ,1,100,0.610,0.458,0.244
47845,5158,3,MX,1,100,97,97,98
47845,5159,3,MY,1,100,-40,-40,-41
47845,5160,3,MZ,1,100,-2,-1,-3
47904,5161,4,EM,1,100,RS,RB,2025-10-31_12-35-32-301594.csv,PS,MN
47951,5162,1,SF,1,100,0.0000
47953,5163,3,PI,1,100,172682,172723,172721
47953,5164,3,PR,1,100,150182,150186,150182
47953,5165,3,PG,1,100,11175,11165,11171
47951,5166,2,EA,1,100,2.981848,2.983120
47951,5167,2,EL,1,100,-19132.000000,-19132.199219
47878,5168,1,T1,1,100,24.909
47893,5169,1,TH,1,100,23.323
47925,5170,2,AX,1,100,-1.059,-1.070
47925,5171,2,AY,1,100,0.233,0.244
47925,5172,2,AZ,1,100,0.039,0.033
47925,5173,2,GX,1,100,-0.488,-0.549
47925,5174,2,GY,1,100,-0.580,-0.031
47925,5175,2,GZ,1,100,0.366,0.702
47925,5176,2,MX,1,100,97,97
47925,5177,2,MY,1,100,-41,-40
47925,5178,2,MZ,1,100,-3,-3
48033,5179,1,BI,1,100,720
48033,5180,1,HR,1,100,85.57
48033,5181,2,PI,1,100,172767,172818
48033,5182,2,PR,1,100,150199,150203
48033,5183,2,PG,1,100,11173,11165
48018,5184,1,EA,1,100,2.988245
48018,5185,1,EL,1,100,-19133.000000
48011,5186,1,T1,1,100,24.890
48026,5187,1,TH,1,100,23.271
48045,5188,3,AX,1,100,-1.065,-1.064,-1.065
48045,5189,3,AY,1,100,0.246,0.240,0.240
48045,5190,3,AZ,1,100,0.036,0.042,0.040
48045,5191,3,GX,1,100,-0.977,-0.244,-0.031
48045,5192,3,GY,1,100,-0.519,-0.336,0.977
48045,5193,3,GZ,1,100,1.038,0.519,-0.702
48045,5194,3,MX,1,100,97,98,98
48045,5195,3,MY,1,100,-38,-39,-39
48045,5196,3,MZ,1,100,-2,-3,-2
48105,5197,4,EM,1,100,RS,RB,2025-10-31_12-35-32-301594.csv,PS,MN
48153,5198,3,PI,1,100,172915,172983,173081
48153,5199,3,PR,1,100,150205,150242,150263
48153,5200,3,PG,1,100,11169,11180,11182
48151,5201,2,EA,1,100,2.989523,2.992094
48151,5202,2,EL,1,100,-19133.199219,-19133.599609
48144,5203,1,T1,1,100,24.811
48159,5204,1,TH,1,100,23.271
48153,5205,3,AX,1,100,-1.066,-1.065,-1.063
48153,5206,3,AY,1,100,0.242,0.241,0.240
48153,5207,3,AZ,1,100,0.037,0.041,0.035
48153,5208,3,GX,1,100,-0.061,-0.244,-0.427
48153,5209,3,GY,1,100,0.275,0.244,0.824
48153,5210,3,GZ,1,100,0.244,0.336,-0.458
48153,5211,3,MX,1,100,97,97,97
48153,5212,3,MY,1,100,-40,-40,-39
48153,5213,3,MZ,1,100,-2,-2,-2
48241,5214,1,TL,1,100,2025-10-31_12-35-37-878865
48242,5215,2,AK,1,100,4377,RD
48243,5216,2,RD,1,100,TL,TU
48279,5217,1,TL,1,100,2025-10-31_12-35-42-944641
48280,5218,2,AK,1,100,5216,RD
48218,5219,1,SF,1,100,0.0000
48273,5220,3,PI,1,100,173144,173199,173292
48273,5221,3,PR,1,100,150265,150274,150308
48273,5222,3,PG,1,100,11182,11183,11193
48218,5223,1,EA,1,100,2.994670
48218,5224,1,EL,1,100,-19134.000000
48278,5225,1,T1,1,100,24.953
48273,5226,3,AX,1,100,-1.062,-1.065,-1.060
48273,5227,3,AY,1,100,0.242,0.244,0.241
48273,5228,3,AZ,1,100,0.034,0.032,0.036
48273,5229,3,GX,1,100,-0.641,-0.793,-0.641
48273,5230,3,GY,1,100,0.519,0.031,0.275
48273,5231,3,GZ,1,100,0.000,0.427,-0.092
48273,5232,3,MX,1,100,97,97,97
48273,5233,3,MY,1,100,-40,-39,-40
48273,5234,3,MZ,1,100,-2,-2,-3
48315,5235,4,EM,1,100,RS,RB,2025-10-31_12-35-32-301594.csv,PS,MN
48353,5236,2,PI,1,100,173363,173409
48353,5237,2,PR,1,100,150311,150327
48353,5238,2,PG,1,100,11213,11208
48351,5239,2,EA,1,100,2.995953,2.999835
48351,5240,2,EL,1,100,-19134.199219,-19134.800781
48293,5241,1,TH,1,100,23.342
48353,5242,2,AX,1,100,-1.060,-1.070
48353,5243,2,AY,1,100,0.238,0.248
48353,5244,2,AZ,1,100,0.036,0.033
48353,5245,2,GX,1,100,-0.427,-0.458
48353,5246,2,GY,1,100,-0.061,-0.397
48353,5247,2,GZ,1,100,0.153,0.427
48353,5248,2,MX,1,100,98,96
48353,5249,2,MY,1,100,-40,-39
48353,5250,2,MZ,1,100,-2,-2
48473,5251,3,PI,1,100,173517,173615,173277
48473,5252,3,PR,1,100,150324,150367,150268
48473,5253,3,PG,1,100,11225,11217,11224
48418,5254,1,EA,1,100,3.001122
48418,5255,1,EL,1,100,-19135.000000
48411,5256,1,T1,1,100,24.944
48426,5257,1,TH,1,100,23.342
48473,5258,3,AX,1,100,-1.064,-1.065,-1.066
48473,5259,3,AY,1,100,0.240,0.236,0.246
48473,5260,3,AZ,1,100,0.040,0.040,0.033
48473,5261,3,GX,1,100,-0.092,-0.031,-0.732
48473,5262,3,GY,1,100,0.061,0.000,-0.153
48473,5263,3,GZ,1,100,0.488,-0.031,0.183
48473,5264,3,MX,1,100,97,96,97
48473,5265,3,MY,1,100,-38,-39,-39
48473,5266,3,MZ,1,100,-3,-2,-1
48516,5267,4,EM,1,100,RS,RB,2025-10-31_12-35-32-301594.csv,PS,MN
48551,5268,1,SF,1,100,0.0000
48553,5269,2,PI,1,100,172711,172582
48553,5270,2,PR,1,100,150119,150092
48553,5271,2,PG,1,100,11192,11172
48551,5272,2,EA,1,100,3.001122,3.003714
48551,5273,2,EL,1,100,-19135.000000,-19135.400391
48544,5274,1,T1,1,100,24.834
48559,5275,1,TH,1,100,23.371
48553,5276,2,AX,1,100,-1.063,-1.055
48553,5277,2,AY,1,100,0.244,0.244
48553,5278,2,AZ,1,100,0.039,0.030
48553,5279,2,GX,1,100,-0.916,-0.397
48553,5280,2,GY,1,100,-0.427,-0.061
48553,5281,2,GZ,1,100,0.397,-0.153
48553,5282,2,MX,1,100,98,97
48553,5283,2,MY,1,100,-38,-40
48553,5284,2,MZ,1,100,-3,-2
48673,5285,3,PI,1,100,172635,172617,172627
48673,5286,3,PR,1,100,150109,150092,150102
48673,5287,3,PG,1,100,11165,11165,11137
48685,5288,2,EA,1,100,3.006310,3.007603
48685,5289,2,EL,1,100,-19135.800781,-19136.000000
48678,5290,1,T1,1,100,24.928
48693,5291,1,TH,1,100,23.371
48673,5292,3,AX,1,100,-1.063,-1.068,-1.060
48673,5293,3,AY,1,100,0.244,0.240,0.237
48673,5294,3,AZ,1,100,0.035,0.038,0.037
48673,5295,3,GX,1,100,-0.427,-0.427,0.122
48673,5296,3,GY,1,100,0.092,-0.122,0.183
48673,5297,3,GZ,1,100,-0.183,-0.244,-0.092
48673,5298,3,MX,1,100,97,97,98
48673,5299,3,MY,1,100,-39,-39,-39
48673,5300,3,MZ,1,100,-1,-3,-1
48727,5301,4,EM,1,100,RS,RB,2025-10-31_12-35-32-301594.csv,PS,MN
48753,5302,2,PI,1,100,172725,172774
48753,5303,2,PR,1,100,150116,150111
48753,5304,2,PG,1,100,11149,11157
48751,5305,1,EA,1,100,3.007603
48751,5306,1,EL,1,100,-19136.000000
48753,5307,2,AX,1,100,-1.057,-1.071
48753,5308,2,AY,1,100,0.239,0.249
48753,5309,2,AZ,1,100,0.041,0.034
48753,5310,2,GX,1,100,-0.244,-0.610
48753,5311,2,GY,1,100,-0.061,0.153
48753,5312,2,GZ,1,100,-0.183,0.458
48753,5313,2,MX,1,100,98,97
48753,5314,2,MY,1,100,-39,-39
48753,5315,2,MZ,1,100,-3,-1
48873,5316,1,BI,1,100,840
48873,5317,1,HR,1,100,82.43
48885,5318,1,SF,1,100,0.0000
48873,5319,3,PI,1,100,172772,172804,172880
48873,5320,3,PR,1,100,150103,150123,150124
48873,5321,3,PG,1,100,11146,11151,11147
48885,5322,2,EA,1,100,3.011502,3.012812
48885,5323,2,EL,1,100,-19136.599609,-19136.800781
48811,5324,1,T1,1,100,24.827
48826,5325,1,TH,1,100,23.327
48873,5326,3,AX,1,100,-1.064,-1.048,-1.077
48873,5327,3,AY,1,100,0.242,0.237,0.238
48873,5328,3,AZ,1,100,0.029,0.034,0.031
48873,5329,3,GX,1,100,-0.122,0.275,0.610
48873,5330,3,GY,1,100,0.305,0.946,3.662
48873,5331,3,GZ,1,100,0.122,-1.251,-4.242
48873,5332,3,MX,1,100,97,97,98
48873,5333,3,MY,1,100,-39,-40,-39
48873,5334,3,MZ,1,100,-2,-3,-2
48928,5335,4,EM,1,100,RS,RB,2025-10-31_12-35-32-301594.csv,PS,MN
48953,5336,2,PI,1,100,172997,173077
48953,5337,2,PR,1,100,150139,150172
48953,5338,2,PG,1,100,11160,11158
48951,5339,1,EA,1,100,3.014111
48951,5340,1,EL,1,100,-19137.000000
48944,5341,1,T1,1,100,24.819
48959,5342,1,TH,1,100,23.334
48979,5343,3,AX,1,100,-1.067,-1.058,-1.073
48979,5344,3,AY,1,100,0.233,0.240,0.230
48979,5345,3,AZ,1,100,0.027,0.024,0.047
48979,5346,3,GX,1,100,0.793,0.458,-0.427
48979,5347,3,GY,1,100,3.204,2.136,1.343
48979,5348,3,GZ,1,100,-3.265,-2.045,-1.007
48979,5349,3,MX,1,100,97,97,97
48979,5350,3,MY,1,100,-39,-40,-40
48979,5351,3,MZ,1,100,-2,-1,-3
49072,5352,3,PI,1,100,173160,173262,173319
49072,5353,3,PR,1,100,150195,150225,150219
49072,5354,3,PG,1,100,11150,11166,11178
49085,5355,2,EA,1,100,3.014111,3.016725
49085,5356,2,EL,1,100,-19137.000000,-19137.400391
49078,5357,1,T1,1,100,24.851
49093,5358,1,TH,1,100,23.363
49059,5359,2,AX,1,100,-1.068,-1.066
49059,5360,2,AY,1,100,0.237,0.229
49059,5361,2,AZ,1,100,0.029,0.028
49059,5362,2,GX,1,100,-0.946,-0.763
49059,5363,2,GY,1,100,-0.061,-1.434
49059,5364,2,GZ,1,100,0.793,1.190
49059,5365,2,MX,1,100,97,97
49059,5366,2,MY,1,100,-39,-40
49059,5367,2,MZ,1,100,-3,-2
49129,5368,4,EM,1,100,RS,RB,2025-10-31_12-35-32-301594.csv,PS,MN
49193,5369,3,PI,1,100,173392,173471,173560
49193,5370,3,PR,1,100,150243,150252,150280
49193,5371,3,PG,1,100,11172,11187,11195
49151,5372,1,EA,1,100,3.020648
49151,5373,1,EL,1,100,-19138.000000
49179,5374,3,AX,1,100,-1.058,-1.064,-1.073
49179,5375,3,AY,1,100,0.227,0.238,0.242
49179,5376,3,AZ,1,100,0.029,0.029,0.024
49179,5377,3,GX,1,100,-0.641,-0.519,-0.397
49179,5378,3,GY,1,100,-1.038,0.153,1.312
49179,5379,3,GZ,1,100,0.885,-0.275,-1.251
49179,5380,3,MX,1,100,97,98,97
49179,5381,3,MY,1,100,-40,-38,-39
49179,5382,3,MZ,1,100,-1,-3,-2
49284,5383,1,SF,1,100,0.0000
49273,5384,2,PI,1,100,173664,173734
49273,5385,2,PR,1,100,150304,150320
49273,5386,2,PG,1,100,11197,11189
49284,5387,2,EA,1,100,3.020648,3.020648
49284,5388,2,EL,1,100,-19138.000000,-19138.000000
49211,5389,1,T1,1,100,24.864
49226,5390,1,TH,1,100,23.363
49299,5391,3,AX,1,100,-1.066,-1.066,-1.065
49299,5392,3,AY,1,100,0.239,0.230,0.234
49299,5393,3,AZ,1,100,0.026,0.035,0.021
49299,5394,3,GX,1,100,-0.488,-0.275,-0.275
49299,5395,3,GY,1,100,0.732,-0.153,0.061
49299,5396,3,GZ,1,100,-0.214,0.183,0.122
49299,5397,3,MX,1,100,97,96,97
49299,5398,3,MY,1,100,-38,-39,-39
49299,5399,3,MZ,1,100,-3,-3,-3
49330,5400,4,EM,1,100,RS,RB,2025-10-31_12-35-32-301594.csv,PS,MN
49393,5401,3,PI,1,100,173314,172816,172736
49393,5402,3,PR,1,100,150208,150079,150050
49393,5403,3,PG,1,100,11195,11181,11154
49351,5404,1,EA,1,100,3.021954
49351,5405,1,EL,1,100,-19138.199219
49344,5406,1,T1,1,100,24.835
49359,5407,1,TH,1,100,23.363
49378,5408,2,AX,1,100,-1.071,-1.063
49378,5409,2,AY,1,100,0.234,0.232
49378,5410,2,AZ,1,100,0.030,0.029
49378,5411,2,GX,1,100,-0.549,-0.580
49378,5412,2,GY,1,100,0.397,-0.488
49378,5413,2,GZ,1,100,0.092,0.427
49378,5414,2,MX,1,100,96,97
49378,5415,2,MY,1,100,-40,-41
49378,5416,2,MZ,1,100,-3,-3
49472,5417,2,PI,1,100,172768,172773
49472,5418,2,PR,1,100,150064,150072
49472,5419,2,PG,1,100,11146,11162
49484,5420,2,EA,1,100,3.024581,3.025903
49484,5421,2,EL,1,100,-19138.599609,-19138.800781
49478,5422,1,T1,1,100,24.858
49492,5423,1,TH,1,100,23.363
49499,5424,3,AX,1,100,-1.065,-1.067,-1.064
49499,5425,3,AY,1,100,0.243,0.237,0.232
49499,5426,3,AZ,1,100,0.021,0.028,0.026
49499,5427,3,GX,1,100,-0.854,-0.580,-0.549
49499,5428,3,GY,1,100,-0.214,-0.092,-0.580
49499,5429,3,GZ,1,100,0.549,0.458,0.916
49499,5430,3,MX,1,100,97,97,97
49499,5431,3,MY,1,100,-38,-40,-39
49499,5432,3,MZ,1,100,-2,-2,-2
49531,5433,4,EM,1,100,RS,RB,2025-10-31_12-35-32-301594.csv,PS,MN
49551,5434,1,SF,1,100,0.0000
49592,5435,3,PI,1,100,172830,172904,172944
49592,5436,3,PR,1,100,150066,150096,150096
49592,5437,3,PG,1,100,11144,11151,11148
49551,5438,1,EA,1,100,3.027213
49551,5439,1,EL,1,100,-19139.000000
49578,5440,2,AX,1,100,-1.058,-1.070
49578,5441,2,AY,1,100,0.228,0.240
49578,5442,2,AZ,1,100,0.025,0.026
49578,5443,2,GX,1,100,-0.397,-0.610
49578,5444,2,GY,1,100,-0.061,0.153
49578,5445,2,GZ,1,100,-0.214,0.305
49578,5446,2,MX,1,100,96,96
49578,5447,2,MY,1,100,-40,-38
49578,5448,2,MZ,1,100,-2,-3
49672,5449,2,PI,1,100,172942,173001
49672,5450,2,PR,1,100,150102,150101
49672,5451,2,PG,1,100,11157,11167
49684,5452,2,EA,1,100,3.027213,3.028525
49684,5453,2,EL,1,100,-19139.000000,-19139.199219
49611,5454,1,T1,1,100,24.832
49626,5455,1,TH,1,100,23.374
49698,5456,3,AX,1,100,-1.076,-1.061,-1.059
49698,5457,3,AY,1,100,0.235,0.232,0.233
49698,5458,3,AZ,1,100,0.030,0.026,0.025
49698,5459,3,GX,1,100,-0.549,-0.397,-0.244
49698,5460,3,GY,1,100,0.244,-0.031,0.061
49698,5461,3,GZ,1,100,0.153,0.092,-0.183
49698,5462,3,MX,1,100,97,97,97
49698,5463,3,MY,1,100,-38,-40,-39
49698,5464,3,MZ,1,100,-3,-2,-3
49732,5465,4,EM,1,100,RS,RB,2025-10-31_12-35-32-301594.csv,PS,MN
49712,5466,1,BI,1,100,840
49712,5467,1,HR,1,100,79.98
49792,5468,3,PI,1,100,173082,173203,173294
49792,5469,3,PR,1,100,150113,150134,150166
49792,5470,3,PG,1,100,11155,11176,11171
49751,5471,1,EA,1,100,3.033807
49751,5472,1,EL,1,100,-19140.000000
49744,5473,1,T1,1,100,24.786
49759,5474,1,TH,1,100,23.374
49805,5475,3,AX,1,100,-1.066,-1.071,-1.061
49805,5476,3,AY,1,100,0.234,0.240,0.235
49805,5477,3,AZ,1,100,0.030,0.021,0.028
49805,5478,3,GX,1,100,-0.580,-0.946,-0.366
49805,5479,3,GY,1,100,0.305,0.519,-0.397
49805,5480,3,GZ,1,100,-0.092,-0.092,0.336
49805,5481,3,MX,1,100,97,97,97
49805,5482,3,MY,1,100,-40,-40,-39
49805,5483,3,MZ,1,100,-3,-3,-2
49884,5484,1,SF,1,100,0.0000
49872,5485,2,PI,1,100,173373,173439
49872,5486,2,PR,1,100,150170,150193
49872,5487,2,PG,1,100,11187,11188
49884,5488,2,EA,1,100,3.035124,3.033807
49884,5489,2,EL,1,100,-19140.199219,-19140.000000
49878,5490,1,T1,1,100,24.801
49892,5491,1,TH,1,100,23.445
49885,5492,2,AX,1,100,-1.066,-1.073
49885,5493,2,AY,1,100,0.237,0.237
49885,5494,2,AZ,1,100,0.029,0.028
49885,5495,2,GX,1,100,0.122,-0.214
49885,5496,2,GY,1,100,-0.153,0.610
49885,5497,2,GZ,1,100,0.336,-0.305
49885,5498,2,MX,1,100,97,96
49885,5499,2,MY,1,100,-40,-40
49885,5500,2,MZ,1,100,-2,-3
49940,5501,4,EM,1,100,RS,RB,2025-10-31_12-35-32-301594.csv,PS,MN
49992,5502,3,PI,1,100,173522,173609,173692
49992,5503,3,PR,1,100,150230,150231,150251
49992,5504,3,PG,1,100,11183,11188,11196
49951,5505,1,EA,1,100,3.037775
49951,5506,1,EL,1,100,-19140.599609
50005,5507,3,AX,1,100,-1.067,-1.064,-1.064
50005,5508,3,AY,1,100,0.232,0.230,0.232
50005,5509,3,AZ,1,100,0.029,0.024,0.020
50005,5510,3,GX,1,100,0.092,-0.427,-0.671
50005,5511,3,GY,1,100,0.336,0.336,0.458
50005,5512,3,GZ,1,100,-0.153,-0.549,-0.214
50005,5513,3,MX,1,100,96,95,97
50005,5514,3,MY,1,100,-38,-40,-40
50005,5515,3,MZ,1,100,-4,-3,-2
50072,5516,2,PI,1,100,173778,173890
50072,5517,2,PR,1,100,150270,150311
50072,5518,2,PG,1,100,11194,11209
50084,5519,2,EA,1,100,3.036455,3.037775
50084,5520,2,EL,1,100,-19140.400391,-19140.599609
50011,5521,1,T1,1,100,24.843
50026,5522,1,TH,1,100,23.445
50085,5523,2,AX,1,100,-1.064,-1.067
50085,5524,2,AY,1,100,0.238,0.233
50085,5525,2,AZ,1,100,0.026,0.030
50085,5526,2,GX,1,100,-0.458,-0.916
50085,5527,2,GY,1,100,0.336,0.092
50085,5528,2,GZ,1,100,-0.153,0.488
50085,5529,2,MX,1,100,97,96
50085,5530,2,MY,1,100,-40,-41
50085,5531,2,MZ,1,100,-2,-3
50141,5532,4,EM,1,100,RS,RB,2025-10-31_12-35-32-301594.csv,PS,MN
50192,5533,3,PI,1,100,173923,173414,172958
50192,5534,3,PR,1,100,150306,150169,150045
50192,5535,3,PG,1,100,11219,11209,11192
50151,5536,1,EA,1,100,3.040430
50151,5537,1,EL,1,100,-19141.000000
50144,5538,1,T1,1,100,24.826
50159,5539,1,TH,1,100,23.420
50205,5540,3,AX,1,100,-1.065,-1.066,-1.063
50205,5541,3,AY,1,100,0.235,0.234,0.236
50205,5542,3,AZ,1,100,0.017,0.023,0.027
50205,5543,3,GX,1,100,-0.702,-0.275,-0.549
50205,5544,3,GY,1,100,-0.427,0.031,0.336
50205,5545,3,GZ,1,100,0.458,0.092,-0.580
50205,5546,3,MX,1,100,97,96,97
50205,5547,3,MY,1,100,-39,-40,-39
50205,5548,3,MZ,1,100,-3,-3,-2
50284,5549,1,SF,1,100,0.0000
50273,5550,2,PI,1,100,172940,172991
50273,5551,2,PR,1,100,150045,150058
50273,5552,2,PG,1,100,11170,11185
50284,5553,2,EA,1,100,3.041753,3.044415
50284,5554,2,EL,1,100,-19141.199219,-19141.599609
50278,5555,1,T1,1,100,24.889
50292,5556,1,TH,1,100,23.427
50285,5557,2,AX,1,100,-1.066,-1.067
50285,5558,2,AY,1,100,0.240,0.233
50285,5559,2,AZ,1,100,0.021,0.025
50285,5560,2,GX,1,100,-0.366,-0.214
50285,5561,2,GY,1,100,-0.397,-0.122
50285,5562,2,GZ,1,100,0.488,-0.092
50285,5563,2,MX,1,100,97,97
50285,5564,2,MY,1,100,-41,-39
50285,5565,2,MZ,1,100,-2,-2
50342,5566,4,EM,1,100,RS,RB,2025-10-31_12-35-32-301594.csv,PS,MN
50406,5567,3,PI,1,100,172998,173072,173153
50406,5568,3,PR,1,100,150065,150059,150100
50406,5569,3,PG,1,100,11183,11178,11181
50351,5570,1,EA,1,100,3.047081
50351,5571,1,EL,1,100,-19142.000000
50411,5572,1,T1,1,100,24.881
50406,5573,3,AX,1,100,-1.065,-1.060,-1.069
50406,5574,3,AY,1,100,0.229,0.229,0.236
50406,5575,3,AZ,1,100,0.024,0.029,0.023
50406,5576,3,GX,1,100,-0.153,-0.336,-0.671
50406,5577,3,GY,1,100,0.092,-0.092,-0.153
50406,5578,3,GZ,1,100,-0.214,0.000,0.641
50406,5579,3,MX,1,100,97,97,97
50406,5580,3,MY,1,100,-40,-39,-40
50406,5581,3,MZ,1,100,-3,-2,-2
50486,5582,2,PI,1,100,173146,173165
50486,5583,2,PR,1,100,150085,150085
50486,5584,2,PG,1,100,11189,11184
50484,5585,2,EA,1,100,3.047081,3.047081
50484,5586,2,EL,1,100,-19142.000000,-19142.000000
50426,5587,1,TH,1,100,23.383
50486,5588,2,AX,1,100,-1.073,-1.060
50486,5589,2,AY,1,100,0.240,0.233
50486,5590,2,AZ,1,100,0.023,0.027
50486,5591,2,GX,1,100,-0.397,-0.061
50486,5592,2,GY,1,100,0.000,-0.153
50486,5593,2,GZ,1,100,0.366,0.000
50486,5594,2,MX,1,100,97,97
50486,5595,2,MY,1,100,-40,-40
50486,5596,2,MZ,1,100,-2,-2
50543,5597,4,EM,1,100,RS,RB,2025-10-31_12-35-32-301594.csv,PS,MN
50566,5598,1,BI,1,100,840
50566,5599,1,HR,1,100,78.08
50551,5600,1,SF,1,100,0.0000
50606,5601,3,PI,1,100,173235,173327,173430
50606,5602,3,PR,1,100,150120,150117,150141
50606,5603,3,PG,1,100,11188,11194,11209
50551,5604,1,EA,1,100,3.047081
50551,5605,1,EL,1,100,-19142.000000
50544,5606,1,T1,1,100,24.878
50559,5607,1,TH,1,100,23.383
50592,5608,3,AX,1,100,-1.064,-1.073,-1.066
50592,5609,3,AY,1,100,0.237,0.236,0.231
50592,5610,3,AZ,1,100,0.020,0.025,0.026
50592,5611,3,GX,1,100,-0.122,0.122,-0.366
50592,5612,3,GY,1,100,-0.092,0.214,0.366
50592,5613,3,GZ,1,100,0.336,0.061,-0.153
50592,5614,3,MX,1,100,97,96,97
50592,5615,3,MY,1,100,-40,-41,-40
50592,5616,3,MZ,1,100,-3,-2,-3
50686,5617,2,PI,1,100,173516,173596
50686,5618,2,PR,1,100,150172,150201
50686,5619,2,PG,1,100,11207,11223
50684,5620,2,EA,1,100,3.049753,3.049753
50684,5621,2,EL,1,100,-19142.400391,-19142.400391
50678,5622,1,T1,1,100,24.947
50692,5623,1,TH,1,100,23.408
50712,5624,3,AX,1,100,-1.058,-1.067,-1.072
50712,5625,3,AY,1,100,0.231,0.235,0.238
50712,5626,3,AZ,1,100,0.020,0.028,0.018
50712,5627,3,GX,1,100,-0.641,-0.732,-0.885
50712,5628,3,GY,1,100,-0.153,0.031,0.275
50712,5629,3,GZ,1,100,0.153,-0.061,0.336
50712,5630,3,MX,1,100,96,96,97
50712,5631,3,MY,1,100,-39,-40,-39
50712,5632,3,MZ,1,100,-3,-2,-3
50745,5633,4,EM,1,100,RS,RB,2025-10-31_12-35-32-301594.csv,PS,MN
50806,5634,3,PI,1,100,173664,173724,173807
50806,5635,3,PR,1,100,150214,150202,150251
50806,5636,3,PG,1,100,11230,11214,11216
50818,5637,2,EA,1,100,3.048410,3.052429
50818,5638,2,EL,1,100,-19142.199219,-19142.800781
50811,5639,1,T1,1,100,24.942
50826,5640,1,TH,1,100,23.408
50792,5641,2,AX,1,100,-1.059,-1.061
50792,5642,2,AY,1,100,0.235,0.234
50792,5643,2,AZ,1,100,0.019,0.026
50792,5644,2,GX,1,100,-0.214,-0.336
50792,5645,2,GY,1,100,0.183,0.031
50792,5646,2,GZ,1,100,0.000,-0.122
50792,5647,2,MX,1,100,97,98
50792,5648,2,MY,1,100,-40,-40
50792,5649,2,MZ,1,100,-3,-1
50884,5650,1,SF,1,100,0.0000
50886,5651,2,PI,1,100,173916,173995
50886,5652,2,PR,1,100,150276,150267
50886,5653,2,PG,1,100,11235,11232
50884,5654,1,EA,1,100,3.053762
50884,5655,1,EL,1,100,-19143.000000
50912,5656,3,AX,1,100,-1.072,-1.065,-1.063
50912,5657,3,AY,1,100,0.235,0.237,0.230
50912,5658,3,AZ,1,100,0.020,0.025,0.031
50912,5659,3,GX,1,100,-0.488,-0.153,-0.427
50912,5660,3,GY,1,100,-0.061,0.122,-0.092
50912,5661,3,GZ,1,100,0.000,0.122,0.122
50912,5662,3,MX,1,100,97,97,97
50912,5663,3,MY,1,100,-40,-41,-40
50912,5664,3,MZ,1,100,-2,-3,-2
50850,5665,1,BV,1,100,4.11
50850,5666,1,B%,1,100,100
50948,5667,4,EM,1,100,RS,RB,2025-10-31_12-35-32-301594.csv,PS,MN
51006,5668,3,PI,1,100,174096,173731,173190
51006,5669,3,PR,1,100,150295,150236,150090
51006,5670,3,PG,1,100,11239,11232,11227
51018,5671,2,EA,1,100,3.053762,3.057782
51018,5672,2,EL,1,100,-19143.000000,-19143.599609
50944,5673,1,T1,1,100,25.010
50959,5674,1,TH,1,100,23.394
50992,5675,2,AX,1,100,-1.068,-1.063
50992,5676,2,AY,1,100,0.232,0.238
50992,5677,2,AZ,1,100,0.016,0.024
50992,5678,2,GX,1,100,-0.397,-0.641
50992,5679,2,GY,1,100,-0.275,-0.153
50992,5680,2,GZ,1,100,0.336,0.397
50992,5681,2,MX,1,100,98,97
50992,5682,2,MY,1,100,-40,-40
50992,5683,2,MZ,1,100,-3,-2
51086,5684,2,PI,1,100,173113,173154
51086,5685,2,PR,1,100,150054,150077
51086,5686,2,PG,1,100,11220,11206
51084,5687,1,EA,1,100,3.060472
51084,5688,1,EL,1,100,-19144.000000
51077,5689,1,T1,1,100,24.898
51092,5690,1,TH,1,100,23.394
51112,5691,3,AX,1,100,-1.071,-1.060,-1.062
51112,5692,3,AY,1,100,0.243,0.242,0.234
51112,5693,3,AZ,1,100,0.023,0.019,0.027
51112,5694,3,GX,1,100,-0.702,-0.977,-0.641
51112,5695,3,GY,1,100,-0.366,-1.617,-1.770
51112,5696,3,GZ,1,100,0.458,2.228,1.587
51112,5697,3,MX,1,100,97,97,96
51112,5698,3,MY,1,100,-40,-38,-40
51112,5699,3,MZ,1,100,-4,-3,-2
51160,5700,4,EM,1,100,RS,RB,2025-10-31_12-35-32-301594.csv,PS,MN
51218,5701,1,SF,1,100,0.0000
51206,5702,3,PI,1,100,173201,173266,173332
51206,5703,3,PR,1,100,150087,150078,150105
51206,5704,3,PG,1,100,11212,11217,11222
51218,5705,2,EA,1,100,3.061812,3.067212
51218,5706,2,EL,1,100,-19144.199219,-19145.000000
51211,5707,1,T1,1,100,24.956
51226,5708,1,TH,1,100,23.412
51192,5709,2,AX,1,100,-1.066,-1.069
51192,5710,2,AY,1,100,0.229,0.240
51192,5711,2,AZ,1,100,0.024,0.028
51192,5712,2,GX,1,100,-0.092,0.092
51192,5713,2,GY,1,100,0.183,0.732
51192,5714,2,GZ,1,100,-0.061,-0.732
51192,5715,2,MX,1,100,96,97
51192,5716,2,MY,1,100,-39,-40
51192,5717,2,MZ,1,100,-4,-3
51326,5718,3,PI,1,100,173353,173344,173410
51326,5719,3,PR,1,100,150100,150094,150114
51326,5720,3,PG,1,100,11225,11234,11217
51284,5721,1,EA,1,100,3.065867
51284,5722,1,EL,1,100,-19144.800781
51312,5723,3,AX,1,100,-1.066,-1.069,-1.061
51312,5724,3,AY,1,100,0.242,0.245,0.240
51312,5725,3,AZ,1,100,0.026,0.016,0.020
51312,5726,3,GX,1,100,0.000,-0.336,0.092
51312,5727,3,GY,1,100,0.244,0.244,0.488
51312,5728,3,GZ,1,100,0.458,0.244,-0.214
51312,5729,3,MX,1,100,96,97,96
51312,5730,3,MY,1,100,-40,-40,-40
51312,5731,3,MZ,1,100,-3,-3,-2
51361,5732,4,EM,1,100,RS,RB,2025-10-31_12-35-32-301594.csv,PS,MN
51366,5733,1,BI,1,100,800
51366,5734,1,HR,1,100,77.40
51406,5735,2,PI,1,100,173489,173611
51406,5736,2,PR,1,100,150134,150155
51406,5737,2,PG,1,100,11232,11229
51418,5738,2,EA,1,100,3.065867,3.065867
51418,5739,2,EL,1,100,-19144.800781,-19144.800781
51344,5740,1,T1,1,100,24.875
51359,5741,1,TH,1,100,23.419
51418,5742,3,AX,1,100,-1.066,-1.072,-1.065
51418,5743,3,AY,1,100,0.235,0.236,0.230
51418,5744,3,AZ,1,100,0.023,0.027,0.028
51418,5745,3,GX,1,100,0.305,-0.092,-0.275
51418,5746,3,GY,1,100,-0.061,-0.092,-0.305
51418,5747,3,GZ,1,100,0.366,0.458,0.519
51418,5748,3,MX,1,100,98,97,96
51418,5749,3,MY,1,100,-39,-41,-40
51418,5750,3,MZ,1,100,-3,-3,-3
51526,5751,3,PI,1,100,173699,173765,173843
51526,5752,3,PR,1,100,150199,150186,150220
51526,5753,3,PG,1,100,11234,11244,11250
51484,5754,1,EA,1,100,3.067212
51484,5755,1,EL,1,100,-19145.000000
51477,5756,1,T1,1,100,24.804
51492,5757,1,TH,1,100,23.419
51498,5758,2,AX,1,100,-1.064,-1.069
51498,5759,2,AY,1,100,0.231,0.242
51498,5760,2,AZ,1,100,0.021,0.027
51498,5761,2,GX,1,100,-0.366,-0.732
51498,5762,2,GY,1,100,0.061,0.244
51498,5763,2,GZ,1,100,-0.061,0.275
51498,5764,2,MX,1,100,97,97
51498,5765,2,MY,1,100,-40,-41
51498,5766,2,MZ,1,100,-3,-2
51562,5767,4,EM,1,100,RS,RB,2025-10-31_12-35-32-301594.csv,PS,MN
51618,5768,1,SF,1,100,0.0000
51606,5769,2,PI,1,100,173899,173974
51606,5770,2,PR,1,100,150212,150244
51606,5771,2,PG,1,100,11242,11260
51618,5772,2,EA,1,100,3.067212,3.067212
51618,5773,2,EL,1,100,-19145.000000,-19145.000000
51611,5774,1,T1,1,100,24.951
51626,5775,1,TH,1,100,23.419
51618,5776,3,AX,1,100,-1.063,-1.062,-1.069
51618,5777,3,AY,1,100,0.241,0.242,0.238
51618,5778,3,AZ,1,100,0.017,0.024,0.017
51618,5779,3,GX,1,100,-0.488,-0.153,-0.031
51618,5780,3,GY,1,100,0.427,0.488,0.122
51618,5781,3,GZ,1,100,0.427,-0.244,0.031
51618,5782,3,MX,1,100,97,97,98
51618,5783,3,MY,1,100,-38,-40,-39
51618,5784,3,MZ,1,100,-4,-4,-3
51726,5785,3,PI,1,100,174072,174132,174198
51726,5786,3,PR,1,100,150254,150277,150286
51726,5787,3,PG,1,100,11268,11256,11265
51684,5788,1,EA,1,100,3.067212
51684,5789,1,EL,1,100,-19145.000000
51698,5790,2,AX,1,100,-1.067,-1.064
51698,5791,2,AY,1,100,0.240,0.237
51698,5792,2,AZ,1,100,0.021,0.029
51698,5793,2,GX,1,100,-0.122,-0.153
51698,5794,2,GY,1,100,-0.153,-0.061
51698,5795,2,GZ,1,100,0.397,0.671
51698,5796,2,MX,1,100,96,97
51698,5797,2,MY,1,100,-39,-40
51698,5798,2,MZ,1,100,-4,-2
51763,5799,4,EM,1,100,RS,RB,2025-10-31_12-35-32-301594.csv,PS,MN
51806,5800,2,PI,1,100,173723,173264
51806,5801,2,PR,1,100,150175,150040
51806,5802,2,PG,1,100,11259,11239
51818,5803,2,EA,1,100,3.067212,3.068558
51818,5804,2,EL,1,100,-19145.000000,-19145.199219
51744,5805,1,T1,1,100,24.943
51759,5806,1,TH,1,100,23.394
51818,5807,3,AX,1,100,-1.071,-1.067,-1.062
51818,5808,3,AY,1,100,0.235,0.239,0.240
51818,5809,3,AZ,1,100,0.021,0.024,0.024
51818,5810,3,GX,1,100,-0.305,-0.488,-0.427
51818,5811,3,GY,1,100,-0.397,-0.214,0.214
51818,5812,3,GZ,1,100,0.580,0.183,-0.366
51818,5813,3,MX,1,100,97,96,97
51818,5814,3,MY,1,100,-39,-40,-40
51818,5815,3,MZ,1,100,-3,-2,-3
51884,5816,1,SF,1,100,0.0000
51926,5817,3,PI,1,100,173257,173308,173341
51926,5818,3,PR,1,100,150060,150073,150070
51926,5819,3,PG,1,100,11236,11246,11230
51884,5820,1,EA,1,100,3.069919
51884,5821,1,EL,1,100,-19145.400391
51877,5822,1,T1,1,100,24.834
51892,5823,1,TH,1,100,23.394
51898,5824,2,AX,1,100,-1.062,-1.064
51898,5825,2,AY,1,100,0.246,0.240
51898,5826,2,AZ,1,100,0.020,0.022
51898,5827,2,GX,1,100,-0.214,-0.336
51898,5828,2,GY,1,100,-0.061,-0.336
51898,5829,2,GZ,1,100,0.336,0.275
51898,5830,2,MX,1,100,96,97
51898,5831,2,MY,1,100,-40,-40
51898,5832,2,MZ,1,100,-3,-3
51967,5833,4,EM,1,100,RS,RB,2025-10-31_12-35-32-301594.csv,PS,MN
52006,5834,2,PI,1,100,173418,173485
52006,5835,2,PR,1,100,150085,150103
52006,5836,2,PG,1,100,11239,11237
52018,5837,2,EA,1,100,3.071267,3.072630
52018,5838,2,EL,1,100,-19145.599609,-19145.800781
52011,5839,1,T1,1,100,24.857
52026,5840,1,TH,1,100,23.405
52018,5841,3,AX,1,100,-1.059,-1.066,-1.071
52018,5842,3,AY,1,100,0.238,0.237,0.238
52018,5843,3,AZ,1,100,0.020,0.021,0.025
52018,5844,3,GX,1,100,0.031,0.031,-0.092
52018,5845,3,GY,1,100,0.153,0.122,-0.183
52018,5846,3,GZ,1,100,-0.214,-0.031,0.763
52018,5847,3,MX,1,100,97,97,97
52018,5848,3,MY,1,100,-39,-39,-40
52018,5849,3,MZ,1,100,-3,-3,-3
52126,5850,3,PI,1,100,173463,173484,173531
52126,5851,3,PR,1,100,150106,150098,150103
52126,5852,3,PG,1,100,11251,11259,11251
52084,5853,1,EA,1,100,3.071267
52084,5854,1,EL,1,100,-19145.599609
52098,5855,2,AX,1,100,-1.065,-1.059
52098,5856,2,AY,1,100,0.235,0.235
52098,5857,2,AZ,1,100,0.023,0.020
52098,5858,2,GX,1,100,-0.061,-0.214
52098,5859,2,GY,1,100,-0.122,0.000
52098,5860,2,GZ,1,100,0.397,0.244
52098,5861,2,MX,1,100,96,97
52098,5862,2,MY,1,100,-40,-38
52098,5863,2,MZ,1,100,-3,-3
52168,5864,4,EM,1,100,RS,RB,2025-10-31_12-35-32-301594.csv,PS,MN
52166,5865,1,BI,1,100,800
52166,5866,1,HR,1,100,76.86
52218,5867,1,SF,1,100,0.0000
52206,5868,2,PI,1,100,173643,173722
52206,5869,2,PR,1,100,150131,150161
52206,5870,2,PG,1,100,11262,11257
52218,5871,2,EA,1,100,3.071267,3.072630
52218,5872,2,EL,1,100,-19145.599609,-19145.800781
52144,5873,1,T1,1,100,24.903
52159,5874,1,TH,1,100,23.405
52206,5875,3,AX,1,100,-1.064,-1.065,-1.064
52206,5876,3,AY,1,100,0.237,0.244,0.241
52206,5877,3,AZ,1,100,0.017,0.020,0.021
52206,5878,3,GX,1,100,-0.275,-0.366,-0.397
52206,5879,3,GY,1,100,0.000,0.275,0.183
52206,5880,3,GZ,1,100,0.214,0.092,0.000
52206,5881,3,MX,1,100,97,97,97
52206,5882,3,MY,1,100,-39,-40,-39
52206,5883,3,MZ,1,100,-3,-3,-3
52325,5884,3,PI,1,100,173822,173894,173947
52325,5885,3,PR,1,100,150170,150187,150185
52325,5886,3,PG,1,100,11275,11263,11261
52284,5887,1,EA,1,100,3.071267
52284,5888,1,EL,1,100,-19145.599609
52277,5889,1,T1,1,100,24.922
52292,5890,1,TH,1,100,23.378
52325,5891,3,AX,1,100,-1.064,-1.072,-1.063
52325,5892,3,AY,1,100,0.237,0.242,0.235
52325,5893,3,AZ,1,100,0.021,0.023,0.020
52325,5894,3,GX,1,100,-0.214,-0.458,-0.305
52325,5895,3,GY,1,100,0.031,0.031,0.122
52325,5896,3,GZ,1,100,-0.031,0.244,0.031
52325,5897,3,MX,1,100,97,97,98
52325,5898,3,MY,1,100,-38,-39,-40
52325,5899,3,MZ,1,100,-3,-3,-2
52369,5900,4,EM,1,100,RS,RB,2025-10-31_12-35-32-301594.csv,PS,MN
52405,5901,2,PI,1,100,174013,174081
52406,5902,2,PR,1,100,150221,150221
52406,5903,2,PG,1,100,11273,11272
52418,5904,2,EA,1,100,3.072630,3.068558
52418,5905,2,EL,1,100,-19145.800781,-19145.199219
52411,5906,1,T1,1,100,24.896
52426,5907,1,TH,1,100,23.378
52406,5908,2,AX,1,100,-1.060,-1.067
52406,5909,2,AY,1,100,0.239,0.244
52406,5910,2,AZ,1,100,0.013,0.024
52406,5911,2,GX,1,100,-0.366,-0.549
52406,5912,2,GY,1,100,-0.275,-0.061
52406,5913,2,GZ,1,100,0.183,0.061
52406,5914,2,MX,1,100,97,97
52406,5915,2,MY,1,100,-40,-39
52406,5916,2,MZ,1,100,-2,-4
52526,5917,3,PI,1,100,174171,174126,173612
52526,5918,3,PR,1,100,150246,150247,150113
52526,5919,3,PG,1,100,11277,11280,11271
52484,5920,1,EA,1,100,3.068558
52484,5921,1,EL,1,100,-19145.199219
52526,5922,3,AX,1,100,-1.067,-1.064,-1.065
52526,5923,3,AY,1,100,0.241,0.237,0.234
52526,5924,3,AZ,1,100,0.024,0.018,0.025
52526,5925,3,GX,1,100,-0.305,-0.183,-0.305
52526,5926,3,GY,1,100,0.183,-0.214,-0.122
52526,5927,3,GZ,1,100,0.732,-0.031,-0.153
52526,5928,3,MX,1,100,97,97,96
52526,5929,3,MY,1,100,-39,-39,-40
52526,5930,3,MZ,1,100,-3,-3,-3
52573,5931,4,EM,1,100,RS,RB,2025-10-31_12-35-32-301594.csv,PS,MN
52617,5932,1,SF,1,100,0.0000
52605,5933,2,PI,1,100,173304,173336
52605,5934,2,PR,1,100,150024,150039
52605,5935,2,PG,1,100,11267,11256
52617,5936,2,EA,1,100,3.069919,3.072630
52617,5937,2,EL,1,100,-19145.400391,-19145.800781
52544,5938,1,T1,1,100,24.884
52559,5939,1,TH,1,100,23.430
52605,5940,2,AX,1,100,-1.066,-1.061
52605,5941,2,AY,1,100,0.241,0.243
52605,5942,2,AZ,1,100,0.021,0.017
52605,5943,2,GX,1,100,-0.549,-0.549
52605,5944,2,GY,1,100,0.214,0.122
52605,5945,2,GZ,1,100,-0.244,0.183
52605,5946,2,MX,1,100,96,97
52605,5947,2,MY,1,100,-38,-40
52605,5948,2,MZ,1,100,-5,-3
52725,5949,3,PI,1,100,173395,173421,173495
52725,5950,3,PR,1,100,150044,150055,150065
52725,5951,3,PG,1,100,11247,11267,11245
52684,5952,1,EA,1,100,3.072630
52684,5953,1,EL,1,100,-19145.800781
52677,5954,1,T1,1,100,24.879
52692,5955,1,TH,1,100,23.437
52725,5956,3,AX,1,100,-1.066,-1.063,-1.063
52725,5957,3,AY,1,100,0.244,0.239,0.239
52725,5958,3,AZ,1,100,0.020,0.019,0.023
52725,5959,3,GX,1,100,-0.580,-0.488,-0.153
52725,5960,3,GY,1,100,-0.183,-0.031,-0.427
52725,5961,3,GZ,1,100,-0.183,0.031,0.427
52725,5962,3,MX,1,100,97,96,97
52725,5963,3,MY,1,100,-40,-40,-39
52725,5964,3,MZ,1,100,-2,-4,-3
52780,5965,4,EM,1,100,RS,RB,2025-10-31_12-35-32-301594.csv,PS,MN
52819,5966,2,PI,1,100,173535,173521
52819,5967,2,PR,1,100,150083,150098
52819,5968,2,PG,1,100,11268,11260
52817,5969,2,EA,1,100,3.071267,3.072630
52817,5970,2,EL,1,100,-19145.599609,-19145.800781
52811,5971,1,T1,1,100,24.948
52825,5972,1,TH,1,100,23.359
52845,5973,3,AX,1,100,-1.070,-1.066,-1.061
52845,5974,3,AY,1,100,0.242,0.238,0.238
52845,5975,3,AZ,1,100,0.020,0.022,0.021
52845,5976,3,GX,1,100,-0.183,-0.214,-0.275
52845,5977,3,GY,1,100,-0.214,0.031,-0.336
52845,5978,3,GZ,1,100,0.488,0.244,0.183
52845,5979,3,MX,1,100,97,97,96
52845,5980,3,MY,1,100,-40,-40,-40
52845,5981,3,MZ,1,100,-5,-2,-3
52899,5982,1,BI,1,100,720
52899,5983,1,HR,1,100,78.30
52884,5984,1,SF,1,100,0.0000
52939,5985,3,PI,1,100,173545,173623,173701
52939,5986,3,PR,1,100,150085,150089,150117
52939,5987,3,PG,1,100,11267,11271,11266
52884,5988,1,EA,1,100,3.072630
52884,5989,1,EL,1,100,-19145.800781
52944,5990,1,T1,1,100,24.942
52925,5991,2,AX,1,100,-1.071,-1.066
52925,5992,2,AY,1,100,0.239,0.237
52925,5993,2,AZ,1,100,0.020,0.021
52925,5994,2,GX,1,100,-0.336,-0.427
52925,5995,2,GY,1,100,-0.122,0.183
52925,5996,2,GZ,1,100,0.244,0.092
52925,5997,2,MX,1,100,97,97
52925,5998,2,MY,1,100,-38,-40
52925,5999,2,MZ,1,100,-2,-3
52982,6000,4,EM,1,100,RS,RB,2025-10-31_12-35-32-301594.csv,PS,MN
53019,6001,2,PI,1,100,173805,173865
53019,6002,2,PR,1,100,150132,150152
53019,6003,2,PG,1,100,11268,11289
53017,6004,2,EA,1,100,3.069919,3.069919
53017,6005,2,EL,1,100,-19145.400391,-19145.400391
52959,6006,1,TH,1,100,23.359
53031,6007,3,AX,1,100,-1.058,-1.063,-1.070
53031,6008,3,AY,1,100,0.239,0.242,0.245
53031,6009,3,AZ,1,100,0.016,0.022,0.016
53031,6010,3,GX,1,100,-0.580,-0.519,-0.549
53031,6011,3,GY,1,100,-0.031,-0.244,0.183
53031,6012,3,GZ,1,100,-0.458,0.031,0.153
53031,6013,3,MX,1,100,96,97,95
53031,6014,3,MY,1,100,-40,-40,-40
53031,6015,3,MZ,1,100,-4,-3,-2
53139,6016,3,PI,1,100,173929,173987,174049
53139,6017,3,PR,1,100,150145,150180,150193
53139,6018,3,PG,1,100,11265,11278,11295
53151,6019,2,EA,1,100,3.068558,3.068558
53151,6020,2,EL,1,100,-19145.199219,-19145.199219
53077,6021,1,T1,1,100,24.904
53092,6022,1,TH,1,100,23.466
53151,6023,3,AX,1,100,-1.058,-1.064,-1.072
53151,6024,3,AY,1,100,0.242,0.241,0.239
53151,6025,3,AZ,1,100,0.017,0.020,0.025
53151,6026,3,GX,1,100,-0.397,-0.153,-0.092
53151,6027,3,GY,1,100,-0.122,-0.427,-0.061
53151,6028,3,GZ,1,100,-0.122,-0.092,0.244
53151,6029,3,MX,1,100,97,96,97
53151,6030,3,MY,1,100,-40,-40,-38
53151,6031,3,MZ,1,100,-3,-3,-3
53187,6032,4,EM,1,100,RS,RB,2025-10-31_12-35-32-301594.csv,PS,MN
53217,6033,1,SF,1,100,0.0000
53219,6034,2,PI,1,100,174116,174174
53219,6035,2,PR,1,100,150191,150225
53219,6036,2,PG,1,100,11288,11299
53217,6037,1,EA,1,100,3.067212
53217,6038,1,EL,1,100,-19145.000000
53211,6039,1,T1,1,100,24.888
53225,6040,1,TH,1,100,23.466
53231,6041,2,AX,1,100,-1.066,-1.064
53231,6042,2,AY,1,100,0.236,0.239
53231,6043,2,AZ,1,100,0.026,0.016
53231,6044,2,GX,1,100,-0.244,-0.610
53231,6045,2,GY,1,100,-0.061,-0.336
53231,6046,2,GZ,1,100,0.336,-0.183
53231,6047,2,MX,1,100,97,97
53231,6048,2,MY,1,100,-39,-40
53231,6049,2,MZ,1,100,-3,-3
53349,6050,1,TL,1,100,2025-10-31_12-35-42-978532
53353,6051,2,AK,1,100,5216,RD
53354,6052,2,RD,1,100,TL,TU
53366,6053,1,TL,1,100,2025-10-31_12-35-48-036732
53367,6054,2,AK,1,100,6052,RD
53339,6055,3,PI,1,100,173802,173370,173336
53339,6056,3,PR,1,100,150104,149989,149990
53339,6057,3,PG,1,100,11276,11268,11273
53351,6058,2,EA,1,100,3.068558,3.067212
53351,6059,2,EL,1,100,-19145.199219,-19145.000000
53344,6060,1,T1,1,100,24.916
53359,6061,1,TH,1,100,23.479
53352,6062,3,AX,1,100,-1.068,-1.064,-1.061
53352,6063,3,AY,1,100,0.242,0.244,0.245
53352,6064,3,AZ,1,100,0.022,0.018,0.019
53352,6065,3,GX,1,100,-0.793,-0.580,-0.275
53352,6066,3,GY,1,100,-0.061,0.183,-0.031
53352,6067,3,GZ,1,100,0.031,-0.092,-0.214
53352,6068,3,MX,1,100,96,97,97
53352,6069,3,MY,1,100,-39,-39,-41
53352,6070,3,MZ,1,100,-3,-4,-3
53395,6071,4,EM,1,100,RS,RB,2025-10-31_12-35-32-301594.csv,PS,MN
53459,6072,3,PI,1,100,173383,173409,173471
53459,6073,3,PR,1,100,150013,150013,150021
53459,6074,3,PG,1,100,11262,11262,11258
53417,6075,1,EA,1,100,3.067212
53417,6076,1,EL,1,100,-19145.000000
53431,6077,2,AX,1,100,-1.067,-1.062
53431,6078,2,AY,1,100,0.240,0.235
53431,6079,2,AZ,1,100,0.021,0.021
53431,6080,2,GX,1,100,-0.183,-0.336
53431,6081,2,GY,1,100,-0.092,-0.031
53431,6082,2,GZ,1,100,-0.427,0.031
53431,6083,2,MX,1,100,97,96
53431,6084,2,MY,1,100,-39,-39
53431,6085,2,MZ,1,100,-3,-4
53551,6086,1,SF,1,100,0.0000
53539,6087,2,PI,1,100,173536,173540
53539,6088,2,PR,1,100,150049,150042
53539,6089,2,PG,1,100,11265,11256
53551,6090,2,EA,1,100,3.067212,3.067212
53551,6091,2,EL,1,100,-19145.000000,-19145.000000
53477,6092,1,T1,1,100,24.893
53492,6093,1,TH,1,100,23.479
53551,6094,3,AX,1,100,-1.063,-1.066,-1.062
53551,6095,3,AY,1,100,0.236,0.240,0.241
53551,6096,3,AZ,1,100,0.017,0.022,0.021
53551,6097,3,GX,1,100,-0.336,-0.641,-0.763
53551,6098,3,GY,1,100,-0.275,-0.092,-0.519
53551,6099,3,GZ,1,100,0.092,0.397,0.977
53551,6100,3,MX,1,100,97,97,97
53551,6101,3,MY,1,100,-40,-40,-40
53551,6102,3,MZ,1,100,-3,-3,-4
53600,6103,4,EM,1,100,RS,RB,2025-10-31_12-35-32-301594.csv,PS,MN
53659,6104,1,BI,1,100,760
53659,6105,1,HR,1,100,78.45
53659,6106,3,PI,1,100,173532,173590,173664
53659,6107,3,PR,1,100,150047,150043,150059
53659,6108,3,PG,1,100,11288,11282,11274
53617,6109,1,EA,1,100,3.067212
53617,6110,1,EL,1,100,-19145.000000
53611,6111,1,T1,1,100,24.883
53625,6112,1,TH,1,100,23.468
53671,6113,3,AX,1,100,-1.063,-1.064,-1.070
53671,6114,3,AY,1,100,0.242,0.241,0.243
53671,6115,3,AZ,1,100,0.017,0.018,0.022
53671,6116,3,GX,1,100,0.183,0.763,0.214
53671,6117,3,GY,1,100,-0.488,0.183,0.153
53671,6118,3,GZ,1,100,0.702,0.610,0.671
53671,6119,3,MX,1,100,98,97,97
53671,6120,3,MY,1,100,-39,-40,-40
53671,6121,3,MZ,1,100,-4,-3,-3
53739,6122,2,PI,1,100,173778,173862
53739,6123,2,PR,1,100,150059,150102
53739,6124,2,PG,1,100,11277,11282
53751,6125,2,EA,1,100,3.067212,3.067212
53751,6126,2,EL,1,100,-19145.000000,-19145.000000
53744,6127,1,T1,1,100,24.985
53759,6128,1,TH,1,100,23.475
53751,6129,2,AX,1,100,-1.066,-1.063
53751,6130,2,AY,1,100,0.238,0.237
53751,6131,2,AZ,1,100,0.024,0.019
53751,6132,2,GX,1,100,-0.458,-0.580
53751,6133,2,GY,1,100,-0.092,-0.031
53751,6134,2,GZ,1,100,-0.397,-0.214
53751,6135,2,MX,1,100,96,97
53751,6136,2,MY,1,100,-39,-40
53751,6137,2,MZ,1,100,-3,-4
53806,6138,4,EM,1,100,RS,RB,2025-10-31_12-35-32-301594.csv,PS,MN
53859,6139,3,PI,1,100,173912,173959,174036
53859,6140,3,PR,1,100,150107,150124,150141
53859,6141,3,PG,1,100,11293,11283,11293
53817,6142,1,EA,1,100,3.065867
53817,6143,1,EL,1,100,-19144.800781
53859,6144,3,AX,1,100,-1.064,-1.067,-1.061
53859,6145,3,AY,1,100,0.239,0.242,0.241
53859,6146,3,AZ,1,100,0.021,0.021,0.015
53859,6147,3,GX,1,100,-1.038,-1.007,-0.824
53859,6148,3,GY,1,100,0.427,0.885,0.153
53859,6149,3,GZ,1,100,-0.946,-1.495,-0.885
53859,6150,3,MX,1,100,97,97,97
53859,6151,3,MY,1,100,-38,-39,-40
53859,6152,3,MZ,1,100,-4,-3,-3
53951,6153,1,SF,1,100,0.0000
53939,6154,2,PI,1,100,174091,174167
53939,6155,2,PR,1,100,150141,150183
53939,6156,2,PG,1,100,11285,11305
53951,6157,2,EA,1,100,3.067212,3.067212
53951,6158,2,EL,1,100,-19145.000000,-19145.000000
53877,6159,1,T1,1,100,24.922
53892,6160,1,TH,1,100,23.466
53979,6161,3,AX,1,100,-1.066,-1.070,-1.066
53979,6162,3,AY,1,100,0.239,0.232,0.232
53979,6163,3,AZ,1,100,0.022,0.023,0.017
53979,6164,3,GX,1,100,-0.305,-0.275,-0.610
53979,6165,3,GY,1,100,0.122,0.793,0.122
53979,6166,3,GZ,1,100,-0.732,-0.702,-0.702
53979,6167,3,MX,1,100,97,96,96
53979,6168,3,MY,1,100,-39,-39,-39
53979,6169,3,MZ,1,100,-3,-4,-3
54011,6170,4,EM,1,100,RS,RB,2025-10-31_12-35-32-301594.csv,PS,MN
54059,6171,3,PI,1,100,174170,173724,173360
54059,6172,3,PR,1,100,150173,150059,149948
54059,6173,3,PG,1,100,11292,11307,11274
54017,6174,1,EA,1,100,3.065867
54017,6175,1,EL,1,100,-19144.800781
54011,6176,1,T1,1,100,24.966
54025,6177,1,TH,1,100,23.466
54059,6178,2,AX,1,100,-1.065,-1.064
54059,6179,2,AY,1,100,0.238,0.237
54059,6180,2,AZ,1,100,0.016,0.013
54059,6181,2,GX,1,100,-0.824,-0.763
54059,6182,2,GY,1,100,0.427,0.519
54059,6183,2,GZ,1,100,-0.641,-1.129
54059,6184,2,MX,1,100,96,97
54059,6185,2,MY,1,100,-40,-41
54059,6186,2,MZ,1,100,-3,-4
54179,6187,3,PI,1,100,173333,173393,173401
54179,6188,3,PR,1,100,149946,149964,149969
54179,6189,3,PG,1,100,11271,11270,11283
54151,6190,2,EA,1,100,3.067212,3.067212
54151,6191,2,EL,1,100,-19145.000000,-19145.000000
54144,6192,1,T1,1,100,24.985
54159,6193,1,TH,1,100,23.488
54179,6194,3,AX,1,100,-1.062,-1.067,-1.068
54179,6195,3,AY,1,100,0.243,0.234,0.229
54179,6196,3,AZ,1,100,0.013,0.016,0.019
54179,6197,3,GX,1,100,-0.671,-0.610,-0.427
54179,6198,3,GY,1,100,0.397,0.061,-0.122
54179,6199,3,GZ,1,100,-0.793,-0.671,-0.244
54179,6200,3,MX,1,100,97,97,97
54179,6201,3,MY,1,100,-40,-41,-39
54179,6202,3,MZ,1,100,-3,-2,-3
54221,6203,4,EM,1,100,RS,RB,2025-10-31_12-35-32-301594.csv,PS,MN
54284,6204,1,SF,1,100,0.0000
54259,6205,2,PI,1,100,173444,173525
54259,6206,2,PR,1,100,149952,149973
54259,6207,2,PG,1,100,11270,11273
54284,6208,2,EA,1,100,3.067212,3.067212
54284,6209,2,EL,1,100,-19145.000000,-19145.000000
54277,6210,1,T1,1,100,24.958
54292,6211,1,TH,1,100,23.488
54259,6212,2,AX,1,100,-1.063,-1.064
54259,6213,2,AY,1,100,0.227,0.236
54259,6214,2,AZ,1,100,0.020,0.020
54259,6215,2,GX,1,100,-0.214,-0.763
54259,6216,2,GY,1,100,-0.183,-0.183
54259,6217,2,GZ,1,100,-0.183,-0.397
54259,6218,2,MX,1,100,98,96
54259,6219,2,MY,1,100,-42,-41
54259,6220,2,MZ,1,100,-4,-3
54379,6221,3,PI,1,100,173543,173536,173594
54379,6222,3,PR,1,100,150004,150003,149994
54379,6223,3,PG,1,100,11271,11271,11272
54351,6224,1,EA,1,100,3.065867
54351,6225,1,EL,1,100,-19144.800781
54379,6226,3,AX,1,100,-1.073,-1.070,-1.062
54379,6227,3,AY,1,100,0.238,0.235,0.231
54379,6228,3,AZ,1,100,0.016,0.017,0.017
54379,6229,3,GX,1,100,-0.580,-0.366,-0.488
54379,6230,3,GY,1,100,-0.122,0.031,0.061
54379,6231,3,GZ,1,100,0.092,-0.214,-0.366
54379,6232,3,MX,1,100,96,97,98
54379,6233,3,MY,1,100,-38,-40,-41
54379,6234,3,MZ,1,100,-3,-3,-1
54422,6235,4,EM,1,100,RS,RB,2025-10-31_12-35-32-301594.csv,PS,MN
54419,6236,1,BI,1,100,760
54419,6237,1,HR,1,100,78.56
54459,6238,2,PI,1,100,173677,173765
54459,6239,2,PR,1,100,150014,150029
54459,6240,2,PG,1,100,11276,11295
54484,6241,2,EA,1,100,3.067212,3.067212
54484,6242,2,EL,1,100,-19145.000000,-19145.000000
54411,6243,1,T1,1,100,24.911
54425,6244,1,TH,1,100,23.401
54459,6245,2,AX,1,100,-1.070,-1.070
54459,6246,2,AY,1,100,0.232,0.237
54459,6247,2,AZ,1,100,0.018,0.020
54459,6248,2,GX,1,100,-0.305,-0.854
54459,6249,2,GY,1,100,-0.031,0.122
54459,6250,2,GZ,1,100,-0.061,-0.092
54459,6251,2,MX,1,100,98,97
54459,6252,2,MY,1,100,-39,-41
54459,6253,2,MZ,1,100,-3,-4
54551,6254,1,SF,1,100,0.0000
54579,6255,3,PI,1,100,173840,173900,173958
54579,6256,3,PR,1,100,150054,150065,150091
54579,6257,3,PG,1,100,11294,11288,11285
54551,6258,1,EA,1,100,3.067212
54551,6259,1,EL,1,100,-19145.000000
54544,6260,1,T1,1,100,24.962
54559,6261,1,TH,1,100,23.401
54579,6262,3,AX,1,100,-1.063,-1.064,-1.070
54579,6263,3,AY,1,100,0.230,0.233,0.236
54579,6264,3,AZ,1,100,0.015,0.015,0.018
54579,6265,3,GX,1,100,-0.671,-0.580,-0.641
54579,6266,3,GY,1,100,-0.061,-0.183,-0.122
54579,6267,3,GZ,1,100,-0.275,-0.153,-0.092
54579,6268,3,MX,1,100,97,97,96
54579,6269,3,MY,1,100,-41,-40,-40
54579,6270,3,MZ,1,100,-3,-3,-3
54623,6271,4,EM,1,100,RS,RB,2025-10-31_12-35-32-301594.csv,PS,MN
54659,6272,2,PI,1,100,174044,174097
54659,6273,2,PR,1,100,150097,150106
54659,6274,2,PG,1,100,11288,11311
54684,6275,2,EA,1,100,3.067212,3.065867
54684,6276,2,EL,1,100,-19145.000000,-19144.800781
54677,6277,1,T1,1,100,24.948
54692,6278,1,TH,1,100,23.428
54685,6279,3,AX,1,100,-1.069,-1.065,-1.073
54685,6280,3,AY,1,100,0.230,0.229,0.235
54685,6281,3,AZ,1,100,0.018,0.018,0.014
54685,6282,3,GX,1,100,-0.336,-0.336,-0.275
54685,6283,3,GY,1,100,-0.244,-0.183,-0.183
54685,6284,3,GZ,1,100,-0.183,-0.092,0.000
54685,6285,3,MX,1,100,96,96,97
54685,6286,3,MY,1,100,-39,-40,-40
54685,6287,3,MZ,1,100,-5,-2,-3
54779,6288,3,PI,1,100,174167,174228,174093
54779,6289,3,PR,1,100,150108,150143,150123
54779,6290,3,PG,1,100,11306,11298,11312
54751,6291,1,EA,1,100,3.065867
54751,6292,1,EL,1,100,-19144.800781
54765,6293,2,AX,1,100,-1.067,-1.069
54765,6294,2,AY,1,100,0.230,0.232
54765,6295,2,AZ,1,100,0.023,0.019
54765,6296,2,GX,1,100,-0.427,-0.824
54765,6297,2,GY,1,100,0.092,-0.214
54765,6298,2,GZ,1,100,0.488,0.397
54765,6299,2,MX,1,100,96,97
54765,6300,2,MY,1,100,-40,-40
54765,6301,2,MZ,1,100,-4,-3
54828,6302,4,EM,1,100,RS,RB,2025-10-31_12-35-32-301594.csv,PS,MN
54884,6303,1,SF,1,100,0.0000
54899,6304,3,PI,1,100,173527,173357,173394
54899,6305,3,PR,1,100,149945,149919,149931
54899,6306,3,PG,1,100,11296,11266,11273
54884,6307,2,EA,1,100,3.061812,3.061812
54884,6308,2,EL,1,100,-19144.199219,-19144.199219
54811,6309,1,T1,1,100,24.977
54826,6310,1,TH,1,100,23.435
54885,6311,3,AX,1,100,-1.073,-1.063,-1.060
54885,6312,3,AY,1,100,0.237,0.233,0.234
54885,6313,3,AZ,1,100,0.015,0.016,0.013
54885,6314,3,GX,1,100,-0.916,-0.641,-0.092
54885,6315,3,GY,1,100,0.092,0.214,-0.031
54885,6316,3,GZ,1,100,0.031,-0.488,-0.366
54885,6317,3,MX,1,100,97,97,97
54885,6318,3,MY,1,100,-38,-41,-40
54885,6319,3,MZ,1,100,-4,-3,-2
54979,6320,2,PI,1,100,173428,173446
54979,6321,2,PR,1,100,149936,149929
54979,6322,2,PG,1,100,11268,11283
54951,6323,1,EA,1,100,3.060472
54951,6324,1,EL,1,100,-19144.000000
54944,6325,1,T1,1,100,24.990
54959,6326,1,TH,1,100,23.421
54965,6327,2,AX,1,100,-1.070,-1.069
54965,6328,2,AY,1,100,0.228,0.227
54965,6329,2,AZ,1,100,0.019,0.016
54965,6330,2,GX,1,100,-0.183,-0.427
54965,6331,2,GY,1,100,-0.122,0.061
54965,6332,2,GZ,1,100,0.061,-0.092
54965,6333,2,MX,1,100,96,96
54965,6334,2,MY,1,100,-40,-40
54965,6335,2,MZ,1,100,-3,-3
55029,6336,4,EM,1,100,RS,RB,2025-10-31_12-35-32-301594.csv,PS,MN
55099,6337,3,PI,1,100,173510,173565,173585
55099,6338,3,PR,1,100,149947,149949,149956
55099,6339,3,PG,1,100,11271,11283,11285
55084,6340,2,EA,1,100,3.063167,3.060472
55084,6341,2,EL,1,100,-19144.400391,-19144.000000
55077,6342,1,T1,1,100,24.960
55092,6343,1,TH,1,100,23.421
55085,6344,3,AX,1,100,-1.055,-1.065,-1.077
55085,6345,3,AY,1,100,0.225,0.238,0.239
55085,6346,3,AZ,1,100,0.022,0.019,0.011
55085,6347,3,GX,1,100,-0.336,-0.793,-0.763
55085,6348,3,GY,1,100,-0.153,-0.305,0.153
55085,6349,3,GZ,1,100,-0.275,0.214,0.610
55085,6350,3,MX,1,100,96,97,96
55085,6351,3,MY,1,100,-39,-40,-40
55085,6352,3,MZ,1,100,-4,-3,-3
55192,6353,1,BI,1,100,760
55192,6354,1,HR,1,100,78.64
55192,6355,2,PI,1,100,173571,173671
55192,6356,2,PR,1,100,149947,149968
55192,6357,2,PG,1,100,11281,11276
55151,6358,1,EA,1,100,3.061812
55151,6359,1,EL,1,100,-19144.199219
55165,6360,2,AX,1,100,-1.061,-1.062
55165,6361,2,AY,1,100,0.230,0.226
55165,6362,2,AZ,1,100,0.014,0.020
55165,6363,2,GX,1,100,0.153,-0.031
55165,6364,2,GY,1,100,-0.092,-0.275
55165,6365,2,GZ,1,100,-0.061,-0.183
55165,6366,2,MX,1,100,97,96
55165,6367,2,MY,1,100,-40,-40
55165,6368,2,MZ,1,100,-3,-3
55236,6369,4,EM,1,100,RS,RB,2025-10-31_12-35-32-301594.csv,PS,MN
55284,6370,1,SF,1,100,0.0000
55272,6371,2,PI,1,100,173757,173853
55272,6372,2,PR,1,100,149979,150003
55272,6373,2,PG,1,100,11280,11292
55284,6374,2,EA,1,100,3.061812,3.060472
55284,6375,2,EL,1,100,-19144.199219,-19144.000000
55210,6376,1,T1,1,100,24.947
55225,6377,1,TH,1,100,23.399
55285,6378,3,AX,1,100,-1.077,-1.068,-1.059
55285,6379,3,AY,1,100,0.231,0.230,0.227
55285,6380,3,AZ,1,100,0.017,0.021,0.020
55285,6381,3,GX,1,100,-0.458,-0.336,-0.458
55285,6382,3,GY,1,100,-0.031,0.000,-0.153
55285,6383,3,GZ,1,100,0.275,0.275,-0.061
55285,6384,3,MX,1,100,96,96,97
55285,6385,3,MY,1,100,-40,-40,-39
55285,6386,3,MZ,1,100,-3,-3,-3
55392,6387,3,PI,1,100,173906,173961,174045
55392,6388,3,PR,1,100,150016,150061,150069
55392,6389,3,PG,1,100,11298,11295,11303
55351,6390,1,EA,1,100,3.060472
55351,6391,1,EL,1,100,-19144.000000
55344,6392,1,T1,1,100,24.871
55359,6393,1,TH,1,100,23.399
55392,6394,3,AX,1,100,-1.069,-1.071,-1.062
55392,6395,3,AY,1,100,0.234,0.234,0.227
55392,6396,3,AZ,1,100,0.018,0.013,0.016
55392,6397,3,GX,1,100,-0.641,-0.641,-0.397
55392,6398,3,GY,1,100,-0.122,0.000,0.000
55392,6399,3,GZ,1,100,-0.153,0.153,0.000
55392,6400,3,MX,1,100,97,97,97
55392,6401,3,MY,1,100,-40,-40,-40
55392,6402,3,MZ,1,100,-2,-3,-3
55437,6403,4,EM,1,100,RS,RB,2025-10-31_12-35-32-301594.csv,PS,MN
55472,6404,2,PI,1,100,174097,174150
55472,6405,2,PR,1,100,150056,150081
55472,6406,2,PG,1,100,11316,11303
55484,6407,2,EA,1,100,3.060472,3.057782
55484,6408,2,EL,1,100,-19144.000000,-19143.599609
55477,6409,1,T1,1,100,24.909
55492,6410,1,TH,1,100,23.399
55472,6411,2,AX,1,100,-1.064,-1.071
55472,6412,2,AY,1,100,0.231,0.232
55472,6413,2,AZ,1,100,0.019,0.018
55472,6414,2,GX,1,100,-0.366,-0.641
55472,6415,2,GY,1,100,-0.092,0.000
55472,6416,2,GZ,1,100,0.000,0.244
55472,6417,2,MX,1,100,96,97
55472,6418,2,MY,1,100,-40,-40
55472,6419,2,MZ,1,100,-3,-3
55551,6420,1,SF,1,100,0.0000
55592,6421,3,PI,1,100,174247,174308,174371
55592,6422,3,PR,1,100,150104,150111,150126
55592,6423,3,PG,1,100,11314,11323,11325
55551,6424,1,EA,1,100,3.059133
55551,6425,1,EL,1,100,-19143.800781
55592,6426,3,AX,1,100,-1.075,-1.065,-1.065
55592,6427,3,AY,1,100,0.236,0.226,0.227
55592,6428,3,AZ,1,100,0.019,0.022,0.012
55592,6429,3,GX,1,100,-0.610,-0.641,-0.702
55592,6430,3,GY,1,100,0.000,0.244,-0.153
55592,6431,3,GZ,1,100,0.061,0.244,-0.305
55592,6432,3,MX,1,100,97,97,97
55592,6433,3,MY,1,100,-40,-40,-40
55592,6434,3,MZ,1,100,-3,-3,-2
55640,6435,4,EM,1,100,RS,RB,2025-10-31_12-35-32-301594.csv,PS,MN
55672,6436,2,PI,1,100,173911,173470
55672,6437,2,PR,1,100,150015,149883
55672,6438,2,PG,1,100,11311,11298
55684,6439,2,EA,1,100,3.057782,3.055096
55684,6440,2,EL,1,100,-19143.599609,-19143.199219
55610,6441,1,T1,1,100,25.031
55625,6442,1,TH,1,100,23.399
55672,6443,2,AX,1,100,-1.069,-1.063
55672,6444,2,AY,1,100,0.238,0.233
55672,6445,2,AZ,1,100,0.015,0.017
55672,6446,2,GX,1,100,-0.671,-0.580
55672,6447,2,GY,1,100,0.122,0.153
55672,6448,2,GZ,1,100,0.488,-0.275
55672,6449,2,MX,1,100,97,96
55672,6450,2,MY,1,100,-39,-40
55672,6451,2,MZ,1,100,-3,-3
55792,6452,3,PI,1,100,173457,173491,173514
55792,6453,3,PR,1,100,149895,149896,149898
55792,6454,3,PG,1,100,11291,11289,11280
55751,6455,1,EA,1,100,3.053762
55751,6456,1,EL,1,100,-19143.000000
55744,6457,1,T1,1,100,24.872
55759,6458,1,TH,1,100,23.437
55792,6459,3,AX,1,100,-1.060,-1.069,-1.069
55792,6460,3,AY,1,100,0.234,0.228,0.228
55792,6461,3,AZ,1,100,0.014,0.021,0.014
55792,6462,3,GX,1,100,-0.122,-0.366,-0.427
55792,6463,3,GY,1,100,0.000,-0.214,-0.092
55792,6464,3,GZ,1,100,-0.092,-0.092,0.061
55792,6465,3,MX,1,100,96,96,96
55792,6466,3,MY,1,100,-40,-40,-40
55792,6467,3,MZ,1,100,-3,-3,-2
55841,6468,4,EM,1,100,RS,RB,2025-10-31_12-35-32-301594.csv,PS,MN
55884,6469,1,SF,1,100,0.0000
55912,6470,3,PI,1,100,173570,173649,173650
55912,6471,3,PR,1,100,149928,149926,149918
55912,6472,3,PG,1,100,11294,11279,11295
55884,6473,2,EA,1,100,3.053762,3.053762
55884,6474,2,EL,1,100,-19143.000000,-19143.000000
55877,6475,1,T1,1,100,24.909
55892,6476,1,TH,1,100,23.444
55912,6477,3,AX,1,100,-1.063,-1.064,-1.072
55912,6478,3,AY,1,100,0.225,0.235,0.236
55912,6479,3,AZ,1,100,0.017,0.017,0.017
55912,6480,3,GX,1,100,-0.275,-0.671,-0.702
55912,6481,3,GY,1,100,-0.183,-0.244,-0.092
55912,6482,3,GZ,1,100,0.122,0.214,0.427
55912,6483,3,MX,1,100,97,97,96
55912,6484,3,MY,1,100,-41,-41,-41
55912,6485,3,MZ,1,100,-3,-3,-3
55850,6486,1,BV,1,100,4.11
55850,6487,1,B%,1,100,100
55992,6488,2,PI,1,100,173650,173704
55992,6489,2,PR,1,100,149917,149941
55992,6490,2,PG,1,100,11275,11290
55951,6491,1,EA,1,100,3.053762
55951,6492,1,EL,1,100,-19143.000000
56010,6493,1,T1,1,100,24.961
55992,6494,2,AX,1,100,-1.067,-1.062
55992,6495,2,AY,1,100,0.230,0.224
55992,6496,2,AZ,1,100,0.012,0.019
55992,6497,2,GX,1,100,-0.092,-0.092
55992,6498,2,GY,1,100,-0.153,-0.183
55992,6499,2,GZ,1,100,0.061,-0.092
55992,6500,2,MX,1,100,97,96
55992,6501,2,MY,1,100,-40,-40
55992,6502,2,MZ,1,100,-3,-3
56046,6503,4,EM,1,100,RS,RB,2025-10-31_12-35-32-301594.csv,PS,MN
56032,6504,1,BI,1,100,840
56032,6505,1,HR,1,100,77.04
56112,6506,3,PI,1,100,173782,173862,173934
56112,6507,3,PR,1,100,149950,149957,149992
56112,6508,3,PG,1,100,11315,11291,11308
56084,6509,2,EA,1,100,3.052429,3.053762
56084,6510,2,EL,1,100,-19142.800781,-19143.000000
56025,6511,1,TH,1,100,23.452
56112,6512,3,AX,1,100,-1.074,-1.070,-1.061
56112,6513,3,AY,1,100,0.224,0.233,0.231
56112,6514,3,AZ,1,100,0.025,0.014,0.017
56112,6515,3,GX,1,100,-0.366,-0.702,-0.671
56112,6516,3,GY,1,100,-0.061,0.061,-0.031
56112,6517,3,GZ,1,100,0.092,-0.031,-0.366
56112,6518,3,MX,1,100,95,96,96
56112,6519,3,MY,1,100,-40,-40,-40
56112,6520,3,MZ,1,100,-4,-3,-3
56217,6521,1,SF,1,100,0.0000
56192,6522,2,PI,1,100,174037,174093
56192,6523,2,PR,1,100,150007,150018
56192,6524,2,PG,1,100,11302,11323
56217,6525,2,EA,1,100,3.049753,3.047081
56217,6526,2,EL,1,100,-19142.400391,-19142.000000
56144,6527,1,T1,1,100,24.912
56159,6528,1,TH,1,100,23.452
56218,6529,3,AX,1,100,-1.065,-1.069,-1.064
56218,6530,3,AY,1,100,0.236,0.235,0.231
56218,6531,3,AZ,1,100,0.014,0.010,0.015
56218,6532,3,GX,1,100,-0.671,-0.641,-0.153
56218,6533,3,GY,1,100,0.031,0.031,-0.061
56218,6534,3,GZ,1,100,0.000,0.183,0.122
56218,6535,3,MX,1,100,97,96,97
56218,6536,3,MY,1,100,-40,-40,-41
56218,6537,3,MZ,1,100,-4,-2,-3
56250,6538,4,EM,1,100,RS,RB,2025-10-31_12-35-32-301594.csv,PS,MN
56312,6539,3,PI,1,100,174135,174196,174280
56312,6540,3,PR,1,100,150036,150042,150063
56312,6541,3,PG,1,100,11309,11306,11330
56284,6542,1,EA,1,100,3.048410
56284,6543,1,EL,1,100,-19142.199219
56277,6544,1,T1,1,100,24.891
56292,6545,1,TH,1,100,23.468
56298,6546,2,AX,1,100,-1.067,-1.067
56298,6547,2,AY,1,100,0.231,0.231
56298,6548,2,AZ,1,100,0.018,0.019
56298,6549,2,GX,1,100,0.031,-0.427
56298,6550,2,GY,1,100,-0.183,-0.122
56298,6551,2,GZ,1,100,0.000,0.122
56298,6552,2,MX,1,100,96,96
56298,6553,2,MY,1,100,-39,-39
56298,6554,2,MZ,1,100,-3,-4
56392,6555,2,PI,1,100,174345,174418
56392,6556,2,PR,1,100,150064,150090
56392,6557,2,PG,1,100,11328,11327
56417,6558,2,EA,1,100,3.047081,3.045754
56417,6559,2,EL,1,100,-19142.000000,-19141.800781
56410,6560,1,T1,1,100,24.917
56425,6561,1,TH,1,100,23.468
56418,6562,3,AX,1,100,-1.070,-1.064,-1.065
56418,6563,3,AY,1,100,0.229,0.225,0.239
56418,6564,3,AZ,1,100,0.017,0.020,0.010
56418,6565,3,GX,1,100,-0.458,-0.610,-1.007
56418,6566,3,GY,1,100,0.000,0.000,-0.275
56418,6567,3,GZ,1,100,0.153,0.214,-0.031
56418,6568,3,MX,1,100,96,97,97
56418,6569,3,MY,1,100,-40,-39,-39
56418,6570,3,MZ,1,100,-3,-4,-3
56460,6571,4,EM,1,100,RS,RB,2025-10-31_12-35-32-301594.csv,PS,MN
56512,6572,3,PI,1,100,174171,173629,173516
56512,6573,3,PR,1,100,150030,149873,149848
56512,6574,3,PG,1,100,11324,11310,11300
56484,6575,1,EA,1,100,3.045754
56484,6576,1,EL,1,100,-19141.800781
56498,6577,2,AX,1,100,-1.072,-1.062
56498,6578,2,AY,1,100,0.235,0.231
56498,6579,2,AZ,1,100,0.018,0.014
56498,6580,2,GX,1,100,-0.824,-0.305
56498,6581,2,GY,1,100,0.092,-0.031
56498,6582,2,GZ,1,100,0.153,-0.366
56498,6583,2,MX,1,100,95,97
56498,6584,2,MY,1,100,-39,-40
56498,6585,2,MZ,1,100,-2,-3
56617,6586,1,SF,1,100,0.0000
56592,6587,2,PI,1,100,173565,173622
56592,6588,2,PR,1,100,149872,149857
56592,6589,2,PG,1,100,11295,11295
56617,6590,2,EA,1,100,3.040430,3.041753
56617,6591,2,EL,1,100,-19141.000000,-19141.199219
56544,6592,1,T1,1,100,24.893
56558,6593,1,TH,1,100,23.486
56618,6594,3,AX,1,100,-1.064,-1.077,-1.065
56618,6595,3,AY,1,100,0.235,0.231,0.223
56618,6596,3,AZ,1,100,0.019,0.016,0.017
56618,6597,3,GX,1,100,-0.214,-0.122,-0.275
56618,6598,3,GY,1,100,-0.214,-0.336,0.061
56618,6599,3,GZ,1,100,0.031,0.214,0.092
56618,6600,3,MX,1,100,97,97,97
56618,6601,3,MY,1,100,-40,-40,-38
56618,6602,3,MZ,1,100,-4,-4,-5
56661,6603,4,EM,1,100,RS,RB,2025-10-31_12-35-32-301594.csv,PS,MN
56712,6604,3,PI,1,100,173662,173715,173743
56712,6605,3,PR,1,100,149880,149890,149903
56712,6606,3,PG,1,100,11304,11299,11296
56684,6607,1,EA,1,100,3.040430
56684,6608,1,EL,1,100,-19141.000000
56677,6609,1,T1,1,100,24.954
56692,6610,1,TH,1,100,23.486
56698,6611,2,AX,1,100,-1.059,-1.070
56698,6612,2,AY,1,100,0.225,0.242
56698,6613,2,AZ,1,100,0.021,0.014
56698,6614,2,GX,1,100,-0.549,-0.641
56698,6615,2,GY,1,100,-0.214,-0.092
56698,6616,2,GZ,1,100,-0.397,0.763
56698,6617,2,MX,1,100,96,97
56698,6618,2,MY,1,100,-40,-39
56698,6619,2,MZ,1,100,-3,-4
56792,6620,2,PI,1,100,173737,173771
56792,6621,2,PR,1,100,149913,149893
56792,6622,2,PG,1,100,11306,11309
56817,6623,2,EA,1,100,3.040430,3.037775
56817,6624,2,EL,1,100,-19141.000000,-19140.599609
56810,6625,1,T1,1,100,25.015
56825,6626,1,TH,1,100,23.481
56818,6627,3,AX,1,100,-1.074,-1.060,-1.065
56818,6628,3,AY,1,100,0.237,0.230,0.225
56818,6629,3,AZ,1,100,0.013,0.016,0.015
56818,6630,3,GX,1,100,-0.641,-0.153,-0.122
56818,6631,3,GY,1,100,0.183,-0.061,-0.092
56818,6632,3,GZ,1,100,0.366,-0.275,-0.122
56818,6633,3,MX,1,100,96,97,95
56818,6634,3,MY,1,100,-40,-41,-40
56818,6635,3,MZ,1,100,-3,-4,-4
56864,6636,4,EM,1,100,RS,RB,2025-10-31_12-35-32-301594.csv,PS,MN
56832,6637,1,BI,1,100,800
56832,6638,1,HR,1,100,76.59
56884,6639,1,SF,1,100,0.0000
56912,6640,3,PI,1,100,173847,173922,174024
56912,6641,3,PR,1,100,149920,149930,149963
56912,6642,3,PG,1,100,11313,11319,11301
56884,6643,1,EA,1,100,3.035124
56884,6644,1,EL,1,100,-19140.199219
56898,6645,2,AX,1,100,-1.074,-1.067
56898,6646,2,AY,1,100,0.232,0.232
56898,6647,2,AZ,1,100,0.014,0.015
56898,6648,2,GX,1,100,-0.336,-0.610
56898,6649,2,GY,1,100,0.092,0.061
56898,6650,2,GZ,1,100,0.214,0.153
56898,6651,2,MX,1,100,95,96
56898,6652,2,MY,1,100,-41,-41
56898,6653,2,MZ,1,100,-3,-3
56992,6654,2,PI,1,100,174090,174147
56992,6655,2,PR,1,100,149964,149967
56992,6656,2,PG,1,100,11316,11308
57017,6657,2,EA,1,100,3.033807,3.033807
57017,6658,2,EL,1,100,-19140.000000,-19140.000000
56944,6659,1,T1,1,100,24.936
56958,6660,1,TH,1,100,23.488
57018,6661,3,AX,1,100,-1.060,-1.065,-1.071
57018,6662,3,AY,1,100,0.228,0.234,0.236
57018,6663,3,AZ,1,100,0.015,0.013,0.020
57018,6664,3,GX,1,100,-0.732,-0.549,-0.488
57018,6665,3,GY,1,100,-0.061,-0.153,-0.122
57018,6666,3,GZ,1,100,-0.214,0.153,0.397
57018,6667,3,MX,1,100,96,96,96
57018,6668,3,MY,1,100,-40,-40,-40
57018,6669,3,MZ,1,100,-3,-3,-3
57064,6670,4,EM,1,100,RS,RB,2025-10-31_12-35-32-301594.csv,PS,MN
57112,6671,3,PI,1,100,174181,174269,174325
57112,6672,3,PR,1,100,149987,150006,150013
57112,6673,3,PG,1,100,11312,11328,11331
57084,6674,1,EA,1,100,3.033807
57084,6675,1,EL,1,100,-19140.000000
57077,6676,1,T1,1,100,24.972
57092,6677,1,TH,1,100,23.493
57124,6678,3,AX,1,100,-1.066,-1.062,-1.072
57124,6679,3,AY,1,100,0.227,0.228,0.231
57124,6680,3,AZ,1,100,0.017,0.018,0.020
57124,6681,3,GX,1,100,-0.214,-0.214,-0.519
57124,6682,3,GY,1,100,-0.122,-0.244,-0.183
57124,6683,3,GZ,1,100,-0.031,-0.366,0.000
57124,6684,3,MX,1,100,97,97,97
57124,6685,3,MY,1,100,-40,-40,-39
57124,6686,3,MZ,1,100,-3,-3,-3
57217,6687,1,SF,1,100,0.0000
57232,6688,3,PI,1,100,174392,174477,174508
57232,6689,3,PR,1,100,150020,150059,150049
57232,6690,3,PG,1,100,11329,11342,11342
57217,6691,2,EA,1,100,3.033807,3.032491
57217,6692,2,EL,1,100,-19140.000000,-19139.800781
57210,6693,1,T1,1,100,25.023
57225,6694,1,TH,1,100,23.493
57204,6695,2,AX,1,100,-1.072,-1.060
57204,6696,2,AY,1,100,0.231,0.221
57204,6697,2,AZ,1,100,0.015,0.020
57204,6698,2,GX,1,100,-0.580,-0.610
57204,6699,2,GY,1,100,0.153,0.061
57204,6700,2,GZ,1,100,0.092,-0.153
57204,6701,2,MX,1,100,96,96
57204,6702,2,MY,1,100,-41,-38
57204,6703,2,MZ,1,100,-3,-3
57265,6704,4,EM,1,100,RS,RB,2025-10-31_12-35-32-301594.csv,PS,MN
57312,6705,2,PI,1,100,174020,173611
57312,6706,2,PR,1,100,149943,149829
57312,6707,2,PG,1,100,11329,11301
57284,6708,1,EA,1,100,3.029850
57284,6709,1,EL,1,100,-19139.400391
57324,6710,3,AX,1,100,-1.062,-1.076,-1.064
57324,6711,3,AY,1,100,0.234,0.237,0.229
57324,6712,3,AZ,1,100,0.013,0.013,0.016
57324,6713,3,GX,1,100,-0.977,-0.763,-0.153
57324,6714,3,GY,1,100,-0.183,0.092,0.061
57324,6715,3,GZ,1,100,0.061,0.397,-0.122
57324,6716,3,MX,1,100,97,97,96
57324,6717,3,MY,1,100,-38,-40,-39
57324,6718,3,MZ,1,100,-4,-3,-3
57432,6719,3,PI,1,100,173622,173649,173681
57432,6720,3,PR,1,100,149826,149827,149835
57432,6721,3,PG,1,100,11306,11311,11298
57417,6722,2,EA,1,100,3.027213,3.027213
57417,6723,2,EL,1,100,-19139.000000,-19139.000000
57344,6724,1,T1,1,100,24.975
57358,6725,1,TH,1,100,23.428
57404,6726,2,AX,1,100,-1.065,-1.074
57404,6727,2,AY,1,100,0.232,0.226
57404,6728,2,AZ,1,100,0.015,0.019
57404,6729,2,GX,1,100,0.000,-0.183
57404,6730,2,GY,1,100,-0.122,-0.153
57404,6731,2,GZ,1,100,-0.031,0.061
57404,6732,2,MX,1,100,96,96
57404,6733,2,MY,1,100,-39,-40
57404,6734,2,MZ,1,100,-4,-3
57466,6735,4,EM,1,100,RS,RB,2025-10-31_12-35-32-301594.csv,PS,MN
57512,6736,2,PI,1,100,173761,173788
57512,6737,2,PR,1,100,149847,149869
57512,6738,2,PG,1,100,11308,11297
57484,6739,1,EA,1,100,3.027213
57484,6740,1,EL,1,100,-19139.000000
57477,6741,1,T1,1,100,24.954
57492,6742,1,TH,1,100,23.428
57524,6743,3,AX,1,100,-1.066,-1.055,-1.070
57524,6744,3,AY,1,100,0.223,0.223,0.243
57524,6745,3,AZ,1,100,0.017,0.017,0.013
57524,6746,3,GX,1,100,-0.488,-0.549,-1.007
57524,6747,3,GY,1,100,0.153,-0.244,-0.214
57524,6748,3,GZ,1,100,0.122,-0.244,0.488
57524,6749,3,MX,1,100,95,96,96
57524,6750,3,MY,1,100,-39,-39,-40
57524,6751,3,MZ,1,100,-3,-3,-2
57617,6752,1,SF,1,100,0.0000
57605,6753,2,PI,1,100,173765,173813
57605,6754,2,PR,1,100,149839,149862
57605,6755,2,PG,1,100,11306,11304
57617,6756,2,EA,1,100,3.027213,3.027213
57617,6757,2,EL,1,100,-19139.000000,-19139.000000
57610,6758,1,T1,1,100,25.015
57625,6759,1,TH,1,100,23.473
57605,6760,2,AX,1,100,-1.074,-1.061
57605,6761,2,AY,1,100,0.239,0.230
57605,6762,2,AZ,1,100,0.014,0.010
57605,6763,2,GX,1,100,-0.702,0.336
57605,6764,2,GY,1,100,0.000,-0.214
57605,6765,2,GZ,1,100,0.488,-0.061
57605,6766,2,MX,1,100,97,97
57605,6767,2,MY,1,100,-39,-40
57605,6768,2,MZ,1,100,-3,-3
57667,6769,4,EM,1,100,RS,RB,2025-10-31_12-35-32-301594.csv,PS,MN
57685,6770,1,BI,1,100,840
57685,6771,1,HR,1,100,75.44
57725,6772,3,PI,1,100,173852,173948,174020
57725,6773,3,PR,1,100,149875,149881,149884
57725,6774,3,PG,1,100,11306,11324,11330
57684,6775,1,EA,1,100,3.027213
57684,6776,1,EL,1,100,-19139.000000
57725,6777,3,AX,1,100,-1.065,-1.076,-1.068
57725,6778,3,AY,1,100,0.220,0.227,0.234
57725,6779,3,AZ,1,100,0.025,0.016,0.012
57725,6780,3,GX,1,100,0.092,-0.458,-0.793
57725,6781,3,GY,1,100,-0.183,0.061,0.122
57725,6782,3,GZ,1,100,-0.183,0.244,0.031
57725,6783,3,MX,1,100,96,95,96
57725,6784,3,MY,1,100,-40,-40,-40
57725,6785,3,MZ,1,100,-3,-4,-2
57805,6786,2,PI,1,100,174088,174144
57805,6787,2,PR,1,100,149913,149937
57805,6788,2,PG,1,100,11322,11325
57817,6789,2,EA,1,100,3.024581,3.021954
57817,6790,2,EL,1,100,-19138.599609,-19138.199219
57744,6791,1,T1,1,100,25.007
57758,6792,1,TH,1,100,23.480
57831,6793,3,AX,1,100,-1.061,-1.067,-1.066
57831,6794,3,AY,1,100,0.228,0.232,0.235
57831,6795,3,AZ,1,100,0.018,0.013,0.015
57831,6796,3,GX,1,100,-0.763,-0.519,-0.366
57831,6797,3,GY,1,100,-0.031,-0.031,0.000
57831,6798,3,GZ,1,100,-0.153,0.214,0.305
57831,6799,3,MX,1,100,96,96,96
57831,6800,3,MY,1,100,-38,-39,-39
57831,6801,3,MZ,1,100,-4,-3,-3
57878,6802,4,EM,1,100,RS,RB,2025-10-31_12-35-32-301594.csv,PS,MN
57884,6803,1,SF,1,100,0.0000
57925,6804,3,PI,1,100,174210,174251,174318
57925,6805,3,PR,1,100,149944,149961,149980
57925,6806,3,PG,1,100,11324,11330,11334
57884,6807,1,EA,1,100,3.024581
57884,6808,1,EL,1,100,-19138.599609
57877,6809,1,T1,1,100,24.967
57892,6810,1,TH,1,100,23.513
57911,6811,2,AX,1,100,-1.068,-1.069
57911,6812,2,AY,1,100,0.233,0.228
57911,6813,2,AZ,1,100,0.017,0.016
57911,6814,2,GX,1,100,-0.275,0.214
57911,6815,2,GY,1,100,-0.092,-0.275
57911,6816,2,GZ,1,100,0.305,0.122
57911,6817,2,MX,1,100,96,97
57911,6818,2,MY,1,100,-40,-40
57911,6819,2,MZ,1,100,-4,-3
58005,6820,2,PI,1,100,174374,174452
58005,6821,2,PR,1,100,149982,149992
58005,6822,2,PG,1,100,11332,11350
58017,6823,2,EA,1,100,3.024581,3.021954
58017,6824,2,EL,1,100,-19138.599609,-19138.199219
58010,6825,1,T1,1,100,25.021
58025,6826,1,TH,1,100,23.513
58031,6827,3,AX,1,100,-1.066,-1.072,-1.071
58031,6828,3,AY,1,100,0.227,0.234,0.228
58031,6829,3,AZ,1,100,0.016,0.016,0.021
58031,6830,3,GX,1,100,-0.336,-0.702,-0.610
58031,6831,3,GY,1,100,-0.092,-0.183,0.122
58031,6832,3,GZ,1,100,0.092,0.092,0.458
58031,6833,3,MX,1,100,95,97,95
58031,6834,3,MY,1,100,-38,-42,-39
58031,6835,3,MZ,1,100,-4,-2,-3
58078,6836,4,EM,1,100,RS,RB,2025-10-31_12-35-32-301594.csv,PS,MN
58125,6837,3,PI,1,100,174531,174509,174005
58125,6838,3,PR,1,100,150016,150005,149869
58125,6839,3,PG,1,100,11332,11349,11332
58084,6840,1,EA,1,100,3.020648
58084,6841,1,EL,1,100,-19138.000000
58111,6842,2,AX,1,100,-1.065,-1.066
58111,6843,2,AY,1,100,0.231,0.233
58111,6844,2,AZ,1,100,0.015,0.012
58111,6845,2,GX,1,100,-0.671,-0.763
58111,6846,2,GY,1,100,-0.214,-0.153
58111,6847,2,GZ,1,100,-0.244,0.153
58111,6848,2,MX,1,100,97,97
58111,6849,2,MY,1,100,-41,-39
58111,6850,2,MZ,1,100,-2,-3
58217,6851,1,SF,1,100,0.0000
58245,6852,3,PI,1,100,173640,173655,173723
58245,6853,3,PR,1,100,149763,149785,149799
58245,6854,3,PG,1,100,11322,11308,11309
58217,6855,2,EA,1,100,3.020648,3.020648
58217,6856,2,EL,1,100,-19138.000000,-19138.000000
58144,6857,1,T1,1,100,25.080
58158,6858,1,TH,1,100,23.437
58231,6859,3,AX,1,100,-1.065,-1.065,-1.069
58231,6860,3,AY,1,100,0.234,0.235,0.228
58231,6861,3,AZ,1,100,0.017,0.016,0.019
58231,6862,3,GX,1,100,-0.458,-0.031,-0.153
58231,6863,3,GY,1,100,0.031,0.000,-0.122
58231,6864,3,GZ,1,100,-0.122,0.122,0.092
58231,6865,3,MX,1,100,96,97,97
58231,6866,3,MY,1,100,-39,-38,-41
58231,6867,3,MZ,1,100,-3,-3,-4
58279,6868,4,EM,1,100,RS,RB,2025-10-31_12-35-32-301594.csv,PS,MN
58325,6869,2,PI,1,100,173754,173808
58325,6870,2,PR,1,100,149810,149813
58325,6871,2,PG,1,100,11307,11325
58284,6872,1,EA,1,100,3.020648
58284,6873,1,EL,1,100,-19138.000000
58277,6874,1,T1,1,100,24.999
58292,6875,1,TH,1,100,23.437
58311,6876,2,AX,1,100,-1.070,-1.060
58311,6877,2,AY,1,100,0.223,0.226
58311,6878,2,AZ,1,100,0.014,0.020
58311,6879,2,GX,1,100,0.000,-0.305
58311,6880,2,GY,1,100,0.031,0.031
58311,6881,2,GZ,1,100,0.275,0.305
58311,6882,2,MX,1,100,96,96
58311,6883,2,MY,1,100,-38,-40
58311,6884,2,MZ,1,100,-3,-4
58445,6885,3,PI,1,100,173833,173844,173838
58445,6886,3,PR,1,100,149815,149818,149825
58445,6887,3,PG,1,100,11306,11321,11321
58417,6888,2,EA,1,100,3.020648,3.018028
58417,6889,2,EL,1,100,-19138.000000,-19137.599609
58410,6890,1,T1,1,100,24.964
58425,6891,1,TH,1,100,23.507
58431,6892,3,AX,1,100,-1.064,-1.073,-1.066
58431,6893,3,AY,1,100,0.240,0.241,0.231
58431,6894,3,AZ,1,100,0.015,0.012,0.014
58431,6895,3,GX,1,100,-0.702,-0.549,0.305
58431,6896,3,GY,1,100,-0.031,0.153,-0.061
58431,6897,3,GZ,1,100,0.610,0.885,0.427
58431,6898,3,MX,1,100,96,96,96
58431,6899,3,MY,1,100,-40,-39,-40
58431,6900,3,MZ,1,100,-4,-3,-3
58477,6901,1,TL,1,100,2025-10-31_12-35-48-061928
58478,6902,2,AK,1,100,6052,RD
58479,6903,2,RD,1,100,TL,TU
58489,6904,1,TL,1,100,2025-10-31_12-35-53-161751
58490,6905,2,AK,1,100,6903,RD
58491,6906,4,EM,1,100,RS,RB,2025-10-31_12-35-32-301594.csv,PS,MN
58525,6907,1,BI,1,100,840
58525,6908,1,HR,1,100,74.55
58525,6909,2,PI,1,100,173885,173989
58525,6910,2,PR,1,100,149826,149863
58525,6911,2,PG,1,100,11313,11319
58484,6912,1,EA,1,100,3.020648
58484,6913,1,EL,1,100,-19138.000000
58543,6914,1,T1,1,100,24.949
58511,6915,2,AX,1,100,-1.064,-1.070
58511,6916,2,AY,1,100,0.225,0.224
58511,6917,2,AZ,1,100,0.017,0.019
58511,6918,2,GX,1,100,0.458,-0.031
58511,6919,2,GY,1,100,-0.214,0.000
58511,6920,2,GZ,1,100,0.214,0.519
58511,6921,2,MX,1,100,95,97
58511,6922,2,MY,1,100,-39,-38
58511,6923,2,MZ,1,100,-5,-3
58617,6924,1,SF,1,100,0.0000
58645,6925,3,PI,1,100,174052,174143,174189
58645,6926,3,PR,1,100,149874,149863,149879
58645,6927,3,PG,1,100,11320,11335,11339
58617,6928,2,EA,1,100,3.018028,3.019344
58617,6929,2,EL,1,100,-19137.599609,-19137.800781
58558,6930,1,TH,1,100,23.507
58618,6931,3,AX,1,100,-1.070,-1.062,-1.065
58618,6932,3,AY,1,100,0.233,0.234,0.237
58618,6933,3,AZ,1,100,0.011,0.014,0.015
58618,6934,3,GX,1,100,-0.458,-0.702,-0.641
58618,6935,3,GY,1,100,0.092,0.122,-0.031
58618,6936,3,GZ,1,100,0.549,0.397,0.214
58618,6937,3,MX,1,100,97,97,96
58618,6938,3,MY,1,100,-38,-40,-38
58618,6939,3,MZ,1,100,-4,-3,-3
58694,6940,4,EM,1,100,RS,RB,2025-10-31_12-35-32-301594.csv,PS,MN
58725,6941,2,PI,1,100,174241,174301
58725,6942,2,PR,1,100,149911,149932
58725,6943,2,PG,1,100,11332,11350
58750,6944,2,EA,1,100,3.018028,3.015411
58750,6945,2,EL,1,100,-19137.599609,-19137.199219
58677,6946,1,T1,1,100,24.942
58692,6947,1,TH,1,100,23.471
58738,6948,3,AX,1,100,-1.069,-1.069,-1.065
58738,6949,3,AY,1,100,0.237,0.236,0.231
58738,6950,3,AZ,1,100,0.011,0.009,0.017
58738,6951,3,GX,1,100,-0.366,-0.122,0.061
58738,6952,3,GY,1,100,-0.031,-0.031,-0.122
58738,6953,3,GZ,1,100,0.458,0.488,0.275
58738,6954,3,MX,1,100,97,95,96
58738,6955,3,MY,1,100,-39,-38,-39
58738,6956,3,MZ,1,100,-5,-2,-3
58845,6957,3,PI,1,100,174369,174428,174520
58845,6958,3,PR,1,100,149922,149947,149961
58845,6959,3,PG,1,100,11356,11341,11343
58817,6960,1,EA,1,100,3.014111
58817,6961,1,EL,1,100,-19137.000000
58810,6962,1,T1,1,100,24.869
58825,6963,1,TH,1,100,23.471
58818,6964,2,AX,1,100,-1.066,-1.071
58818,6965,2,AY,1,100,0.233,0.232
58818,6966,2,AZ,1,100,0.018,0.010
58818,6967,2,GX,1,100,0.000,0.000
58818,6968,2,GY,1,100,-0.122,-0.153
58818,6969,2,GZ,1,100,0.397,0.122
58818,6970,2,MX,1,100,96,96
58818,6971,2,MY,1,100,-38,-40
58818,6972,2,MZ,1,100,-3,-4
58895,6973,4,EM,1,100,RS,RB,2025-10-31_12-35-32-301594.csv,PS,MN
58950,6974,1,SF,1,100,0.0000
58925,6975,2,PI,1,100,174567,174472
58925,6976,2,PR,1,100,149979,149949
58925,6977,2,PG,1,100,11362,11361
58950,6978,2,EA,1,100,3.014111,3.014111
58950,6979,2,EL,1,100,-19137.000000,-19137.000000
58943,6980,1,T1,1,100,24.943
58958,6981,1,TH,1,100,23.547
58938,6982,3,AX,1,100,-1.063,-1.066,-1.069
58938,6983,3,AY,1,100,0.234,0.230,0.241
58938,6984,3,AZ,1,100,0.014,0.011,0.010
58938,6985,3,GX,1,100,-0.061,-0.397,-0.610
58938,6986,3,GY,1,100,0.122,-0.122,-0.031
58938,6987,3,GZ,1,100,0.458,0.549,0.397
58938,6988,3,MX,1,100,96,97,97
58938,6989,3,MY,1,100,-40,-39,-38
58938,6990,3,MZ,1,100,-3,-3,-3
59045,6991,3,PI,1,100,173913,173693,173768
59045,6992,3,PR,1,100,149799,149731,149765
59045,6993,3,PG,1,100,11337,11328,11334
59017,6994,1,EA,1,100,3.014111
59017,6995,1,EL,1,100,-19137.000000
59018,6996,2,AX,1,100,-1.064,-1.064
59018,6997,2,AY,1,100,0.237,0.237
59018,6998,2,AZ,1,100,0.012,0.009
59018,6999,2,GX,1,100,-0.488,-0.153
59018,7000,2,GY,1,100,0.122,-0.061
59018,7001,2,GZ,1,100,0.122,0.031
59018,7002,2,MX,1,100,96,96
59018,7003,2,MY,1,100,-39,-39
59018,7004,2,MZ,1,100,-3,-3
59099,7005,4,EM,1,100,RS,RB,2025-10-31_12-35-32-301594.csv,PS,MN
59125,7006,2,PI,1,100,173794,173848
59125,7007,2,PR,1,100,149761,149777
59125,7008,2,PG,1,100,11329,11329
59150,7009,2,EA,1,100,3.014111,3.010205
59150,7010,2,EL,1,100,-19137.000000,-19136.400391
59077,7011,1,T1,1,100,24.869
59092,7012,1,TH,1,100,23.554
59138,7013,3,AX,1,100,-1.069,-1.069,-1.061
59138,7014,3,AY,1,100,0.234,0.230,0.228
59138,7015,3,AZ,1,100,0.016,0.014,0.014
59138,7016,3,GX,1,100,-0.092,0.031,-0.244
59138,7017,3,GY,1,100,-0.061,-0.122,0.000
59138,7018,3,GZ,1,100,0.366,0.336,0.031
59138,7019,3,MX,1,100,96,97,97
59138,7020,3,MY,1,100,-40,-39,-40
59138,7021,3,MZ,1,100,-4,-3,-4
59217,7022,1,SF,1,100,0.0000
59245,7023,3,PI,1,100,173893,173936,173925
59245,7024,3,PR,1,100,149795,149795,149793
59245,7025,3,PG,1,100,11323,11330,11339
59217,7026,1,EA,1,100,3.014111
59217,7027,1,EL,1,100,-19137.000000
59210,7028,1,T1,1,100,24.908
59225,7029,1,TH,1,100,23.522
59257,7030,3,AX,1,100,-1.062,-1.072,-1.066
59257,7031,3,AY,1,100,0.232,0.245,0.238
59257,7032,3,AZ,1,100,0.012,0.011,0.014
59257,7033,3,GX,1,100,-0.336,-0.336,-0.031
59257,7034,3,GY,1,100,-0.183,-0.061,-0.092
59257,7035,3,GZ,1,100,0.519,1.038,0.519
59257,7036,3,MX,1,100,95,97,96
59257,7037,3,MY,1,100,-40,-39,-38
59257,7038,3,MZ,1,100,-4,-4,-4
59300,7039,4,EM,1,100,RS,RB,2025-10-31_12-35-32-301594.csv,PS,MN
59325,7040,1,BI,1,100,800
59325,7041,1,HR,1,100,74.65
59325,7042,2,PI,1,100,173935,174003
59325,7043,2,PR,1,100,149790,149821
59325,7044,2,PG,1,100,11320,11336
59350,7045,2,EA,1,100,3.010205,3.010205
59350,7046,2,EL,1,100,-19136.400391,-19136.400391
59343,7047,1,T1,1,100,24.925
59358,7048,1,TH,1,100,23.522
59337,7049,2,AX,1,100,-1.065,-1.068
59337,7050,2,AY,1,100,0.228,0.231
59337,7051,2,AZ,1,100,0.013,0.014
59337,7052,2,GX,1,100,0.366,-0.031
59337,7053,2,GY,1,100,-0.122,-0.031
59337,7054,2,GZ,1,100,0.275,0.214
59337,7055,2,MX,1,100,95,96
59337,7056,2,MY,1,100,-40,-39
59337,7057,2,MZ,1,100,-3,-3
59445,7058,3,PI,1,100,174097,174164,174243
59445,7059,3,PR,1,100,149833,149834,149874
59445,7060,3,PG,1,100,11347,11337,11354
59417,7061,1,EA,1,100,3.007603
59417,7062,1,EL,1,100,-19136.000000
59445,7063,3,AX,1,100,-1.067,-1.065,-1.062
59445,7064,3,AY,1,100,0.237,0.234,0.238
59445,7065,3,AZ,1,100,0.011,0.014,0.010
59445,7066,3,GX,1,100,-0.702,-0.916,-0.671
59445,7067,3,GY,1,100,0.122,0.031,-0.061
59445,7068,3,GZ,1,100,0.275,0.000,0.183
59445,7069,3,MX,1,100,96,96,96
59445,7070,3,MY,1,100,-40,-39,-40
59445,7071,3,MZ,1,100,-4,-3,-4
59501,7072,4,EM,1,100,RS,RB,2025-10-31_12-35-32-301594.csv,PS,MN
59550,7073,1,SF,1,100,0.0000
59525,7074,2,PI,1,100,174304,174348
59525,7075,2,PR,1,100,149873,149873
59525,7076,2,PG,1,100,11352,11368
59550,7077,2,EA,1,100,3.007603,3.007603
59550,7078,2,EL,1,100,-19136.000000,-19136.000000
59477,7079,1,T1,1,100,24.896
59492,7080,1,TH,1,100,23.467
59565,7081,3,AX,1,100,-1.064,-1.070,-1.067
59565,7082,3,AY,1,100,0.241,0.238,0.236
59565,7083,3,AZ,1,100,0.015,0.014,0.013
59565,7084,3,GX,1,100,-0.488,-0.275,-0.092
59565,7085,3,GY,1,100,-0.153,-0.214,-0.092
59565,7086,3,GZ,1,100,0.336,0.092,0.153
59565,7087,3,MX,1,100,95,97,96
59565,7088,3,MY,1,100,-38,-39,-38
59565,7089,3,MZ,1,100,-3,-3,-3
59645,7090,3,PI,1,100,174384,174445,174541
59645,7091,3,PR,1,100,149894,149888,149935
59645,7092,3,PG,1,100,11361,11349,11372
59617,7093,1,EA,1,100,3.007603
59617,7094,1,EL,1,100,-19136.000000
59610,7095,1,T1,1,100,24.920
59625,7096,1,TH,1,100,23.467
59645,7097,2,AX,1,100,-1.066,-1.067
59645,7098,2,AY,1,100,0.235,0.239
59645,7099,2,AZ,1,100,0.009,0.015
59645,7100,2,GX,1,100,-0.336,-0.580
59645,7101,2,GY,1,100,-0.183,0.000
59645,7102,2,GZ,1,100,0.092,-0.183
59645,7103,2,MX,1,100,97,97
59645,7104,2,MY,1,100,-39,-39
59645,7105,2,MZ,1,100,-4,-4
59702,7106,4,EM,1,100,RS,RB,2025-10-31_12-35-32-301594.csv,PS,MN
59765,7107,3,PI,1,100,174608,174520,173990
59765,7108,3,PR,1,100,149929,149925,149772
59765,7109,3,PG,1,100,11373,11361,11354
59750,7110,2,EA,1,100,3.007603,3.003714
59750,7111,2,EL,1,100,-19136.000000,-19135.400391
59743,7112,1,T1,1,100,25.036
59758,7113,1,TH,1,100,23.453
59765,7114,3,AX,1,100,-1.067,-1.062,-1.064
59765,7115,3,AY,1,100,0.234,0.239,0.242
59765,7116,3,AZ,1,100,0.017,0.006,0.012
59765,7117,3,GX,1,100,-0.885,-1.099,-1.160
59765,7118,3,GY,1,100,0.122,-0.092,-0.031
59765,7119,3,GZ,1,100,0.305,-0.061,-0.244
59765,7120,3,MX,1,100,97,97,97
59765,7121,3,MY,1,100,-38,-40,-38
59765,7122,3,MZ,1,100,-5,-3,-2
59845,7123,2,PI,1,100,173734,173773
59845,7124,2,PR,1,100,149705,149719
59845,7125,2,PG,1,100,11337,11348
59817,7126,1,EA,1,100,3.006310
59817,7127,1,EL,1,100,-19135.800781
59845,7128,2,AX,1,100,-1.064,-1.064
59845,7129,2,AY,1,100,0.240,0.237
59845,7130,2,AZ,1,100,0.016,0.013
59845,7131,2,GX,1,100,-0.336,-0.153
59845,7132,2,GY,1,100,-0.061,-0.061
59845,7133,2,GZ,1,100,-0.122,-0.061
59845,7134,2,MX,1,100,96,96
59845,7135,2,MY,1,100,-38,-39
59845,7136,2,MZ,1,100,-4,-4
59903,7137,4,EM,1,100,RS,RB,2025-10-31_12-35-32-301594.csv,PS,MN
59950,7138,1,SF,1,100,0.0000
59965,7139,3,PI,1,100,173815,173864,173944
59965,7140,3,PR,1,100,149726,149744,149750
59965,7141,3,PG,1,100,11331,11343,11347
59950,7142,2,EA,1,100,3.003714,3.001122
59950,7143,2,EL,1,100,-19135.400391,-19135.000000
59877,7144,1,T1,1,100,24.945
59891,7145,1,TH,1,100,23.453
59965,7146,3,AX,1,100,-1.064,-1.068,-1.063
59965,7147,3,AY,1,100,0.230,0.230,0.233
59965,7148,3,AZ,1,100,0.016,0.018,0.013
59965,7149,3,GX,1,100,-0.305,-0.244,-0.458
59965,7150,3,GY,1,100,-0.214,-0.092,-0.183
59965,7151,3,GZ,1,100,-0.366,0.061,0.336
59965,7152,3,MX,1,100,97,97,97
59965,7153,3,MY,1,100,-40,-39,-39
59965,7154,3,MZ,1,100,-3,-3,-5
60058,7155,2,PI,1,100,173947,173945
60058,7156,2,PR,1,100,149748,149745
60058,7157,2,PG,1,100,11342,11347
60017,7158,1,EA,1,100,3.001122
60017,7159,1,EL,1,100,-19135.000000
60010,7160,1,T1,1,100,24.905
60025,7161,1,TH,1,100,23.509
60044,7162,2,AX,1,100,-1.066,-1.067
60044,7163,2,AY,1,100,0.246,0.245
60044,7164,2,AZ,1,100,0.008,0.014
60044,7165,2,GX,1,100,-0.916,-0.824
60044,7166,2,GY,1,100,-0.214,-0.153
60044,7167,2,GZ,1,100,0.458,0.214
60044,7168,2,MX,1,100,97,97
60044,7169,2,MY,1,100,-39,-40
60044,7170,2,MZ,1,100,-2,-5
60104,7171,4,EM,1,100,RS,RB,2025-10-31_12-35-32-301594.csv,PS,MN
60138,7172,2,PI,1,100,173962,174033
60138,7173,2,PR,1,100,149774,149759
60138,7174,2,PG,1,100,11346,11356
60150,7175,2,EA,1,100,3.001122,2.998536
60150,7176,2,EL,1,100,-19135.000000,-19134.599609
60143,7177,1,T1,1,100,24.994
60158,7178,1,TH,1,100,23.516
60164,7179,3,AX,1,100,-1.066,-1.067,-1.068
60164,7180,3,AY,1,100,0.240,0.231,0.233
60164,7181,3,AZ,1,100,0.016,0.017,0.017
60164,7182,3,GX,1,100,-0.061,0.031,-0.397
60164,7183,3,GY,1,100,-0.244,-0.153,0.000
60164,7184,3,GZ,1,100,0.153,0.092,-0.153
60164,7185,3,MX,1,100,97,95,97
60164,7186,3,MY,1,100,-38,-39,-40
60164,7187,3,MZ,1,100,-5,-3,-4
60178,7188,1,BI,1,100,840
60178,7189,1,HR,1,100,73.93
60217,7190,1,SF,1,100,0.0000
60258,7191,3,PI,1,100,174112,174175,174250
60258,7192,3,PR,1,100,149787,149777,149843
60258,7193,3,PG,1,100,11353,11353,11362
60217,7194,1,EA,1,100,2.997250
60217,7195,1,EL,1,100,-19134.400391
60271,7196,3,AX,1,100,-1.065,-1.064,-1.065
60271,7197,3,AY,1,100,0.234,0.237,0.241
60271,7198,3,AZ,1,100,0.013,0.015,0.012
60271,7199,3,GX,1,100,-0.610,-0.610,-0.885
60271,7200,3,GY,1,100,-0.031,0.000,0.031
60271,7201,3,GZ,1,100,-0.244,-0.153,-0.061
60271,7202,3,MX,1,100,96,96,97
60271,7203,3,MY,1,100,-40,-40,-38
60271,7204,3,MZ,1,100,-4,-4,-4
60313,7205,4,EM,1,100,RS,RB,2025-10-31_12-35-32-301594.csv,PS,MN
60338,7206,2,PI,1,100,174306,174353
60338,7207,2,PR,1,100,149819,149855
60338,7208,2,PG,1,100,11362,11349
60350,7209,2,EA,1,100,2.994670,2.994670
60350,7210,2,EL,1,100,-19134.000000,-19134.000000
60277,7211,1,T1,1,100,25.033
60291,7212,1,TH,1,100,23.531
60351,7213,2,AX,1,100,-1.066,-1.068
60351,7214,2,AY,1,100,0.240,0.236
60351,7215,2,AZ,1,100,0.011,0.012
60351,7216,2,GX,1,100,-0.702,-0.336
60351,7217,2,GY,1,100,-0.122,-0.214
60351,7218,2,GZ,1,100,0.061,-0.092
60351,7219,2,MX,1,100,97,97
60351,7220,2,MY,1,100,-39,-39
60351,7221,2,MZ,1,100,-3,-4
60458,7222,3,PI,1,100,174393,174481,174539
60458,7223,3,PR,1,100,149848,149872,149885
60458,7224,3,PG,1,100,11366,11380,11385
60417,7225,1,EA,1,100,2.994670
60417,7226,1,EL,1,100,-19134.000000
60410,7227,1,T1,1,100,24.943
60425,7228,1,TH,1,100,23.531
60471,7229,3,AX,1,100,-1.064,-1.073,-1.067
60471,7230,3,AY,1,100,0.234,0.234,0.236
60471,7231,3,AZ,1,100,0.013,0.011,0.012
60471,7232,3,GX,1,100,-0.397,-0.366,-0.732
60471,7233,3,GY,1,100,-0.183,-0.336,0.061
60471,7234,3,GZ,1,100,-0.183,-0.153,0.244
60471,7235,3,MX,1,100,96,95,96
60471,7236,3,MY,1,100,-38,-40,-38
60471,7237,3,MZ,1,100,-3,-3,-3
60514,7238,4,EM,1,100,RS,RB,2025-10-31_12-35-32-301594.csv,PS,MN
60550,7239,1,SF,1,100,0.0000
60578,7240,3,PI,1,100,174602,174466,173946
60578,7241,3,PR,1,100,149900,149862,149725
60578,7242,3,PG,1,100,11372,11380,11357
60550,7243,2,EA,1,100,2.994670,2.994670
60550,7244,2,EL,1,100,-19134.000000,-19134.000000
60543,7245,1,T1,1,100,25.011
60558,7246,1,TH,1,100,23.571
60551,7247,2,AX,1,100,-1.062,-1.067
60551,7248,2,AY,1,100,0.234,0.240
60551,7249,2,AZ,1,100,0.010,0.014
60551,7250,2,GX,1,100,-0.916,-0.702
60551,7251,2,GY,1,100,-0.183,-0.214
60551,7252,2,GZ,1,100,-0.122,0.031
60551,7253,2,MX,1,100,96,96
60551,7254,2,MY,1,100,-40,-39
60551,7255,2,MZ,1,100,-3,-4
60658,7256,2,PI,1,100,173712,173745
60658,7257,2,PR,1,100,149650,149687
60658,7258,2,PG,1,100,11348,11338
60617,7259,1,EA,1,100,2.994670
60617,7260,1,EL,1,100,-19134.000000
60677,7261,1,T1,1,100,25.040
60671,7262,3,AX,1,100,-1.063,-1.067,-1.066
60671,7263,3,AY,1,100,0.237,0.238,0.231
60671,7264,3,AZ,1,100,0.012,0.012,0.015
60671,7265,3,GX,1,100,-0.702,-0.092,-0.244
60671,7266,3,GY,1,100,-0.031,-0.275,-0.214
60671,7267,3,GZ,1,100,-0.214,-0.122,0.031
60671,7268,3,MX,1,100,97,96,96
60671,7269,3,MY,1,100,-38,-39,-39
60671,7270,3,MZ,1,100,-4,-3,-5
60715,7271,4,EM,1,100,RS,RB,2025-10-31_12-35-32-301594.csv,PS,MN
60778,7272,3,PI,1,100,173784,173788,173854
60778,7273,3,PR,1,100,149697,149677,149685
60778,7274,3,PG,1,100,11348,11350,11346
60750,7275,2,EA,1,100,2.993388,2.990814
60750,7276,2,EL,1,100,-19133.800781,-19133.400391
60691,7277,1,TH,1,100,23.571
60751,7278,2,AX,1,100,-1.066,-1.065
60751,7279,2,AY,1,100,0.231,0.228
60751,7280,2,AZ,1,100,0.007,0.021
60751,7281,2,GX,1,100,-0.519,-0.549
60751,7282,2,GY,1,100,-0.244,-0.031
60751,7283,2,GZ,1,100,-0.275,0.000
60751,7284,2,MX,1,100,96,97
60751,7285,2,MY,1,100,-39,-40
60751,7286,2,MZ,1,100,-4,-3
60858,7287,2,PI,1,100,173900,173886
60858,7288,2,PR,1,100,149704,149710
60858,7289,2,PG,1,100,11345,11369
60817,7290,1,EA,1,100,2.990814
60817,7291,1,EL,1,100,-19133.400391
60810,7292,1,T1,1,100,24.911
60825,7293,1,TH,1,100,23.518
60871,7294,3,AX,1,100,-1.061,-1.066,-1.068
60871,7295,3,AY,1,100,0.238,0.243,0.236
60871,7296,3,AZ,1,100,0.012,0.008,0.016
60871,7297,3,GX,1,100,-0.702,-0.854,-0.488
60871,7298,3,GY,1,100,-0.183,-0.122,-0.153
60871,7299,3,GZ,1,100,-0.061,0.183,0.061
60871,7300,3,MX,1,100,96,96,97
60871,7301,3,MY,1,100,-39,-38,-39
60871,7302,3,MZ,1,100,-4,-3,-3
60849,7303,1,BV,1,100,4.10
60849,7304,1,B%,1,100,100
60916,7305,4,EM,1,100,RS,RB,2025-10-31_12-35-32-301594.csv,PS,MN
60978,7306,1,BI,1,100,800
60978,7307,1,HR,1,100,74.17
60950,7308,1,SF,1,100,0.0000
60978,7309,3,PI,1,100,173899,173959,174040
60978,7310,3,PR,1,100,149707,149712,149735
60978,7311,3,PG,1,100,11364,11349,11351
60950,7312,2,EA,1,100,2.988245,2.990814
60950,7313,2,EL,1,100,-19133.000000,-19133.400391
60943,7314,1,T1,1,100,25.032
60958,7315,1,TH,1,100,23.525
60951,7316,2,AX,1,100,-1.066,-1.068
60951,7317,2,AY,1,100,0.231,0.226
60951,7318,2,AZ,1,100,0.013,0.019
60951,7319,2,GX,1,100,-0.092,-0.244
60951,7320,2,GY,1,100,-0.153,-0.153
60951,7321,2,GZ,1,100,-0.153,-0.183
60951,7322,2,MX,1,100,95,96
60951,7323,2,MY,1,100,-39,-39
60951,7324,2,MZ,1,100,-4,-4
61058,7325,2,PI,1,100,174122,174189
61058,7326,2,PR,1,100,149745,149759
61058,7327,2,PG,1,100,11359,11372
61083,7328,2,EA,1,100,2.988245,2.988245
61083,7329,2,EL,1,100,-19133.000000,-19133.000000
61076,7330,1,T1,1,100,25.014
61091,7331,1,TH,1,100,23.487
61058,7332,3,AX,1,100,-1.070,-1.066,-1.063
61058,7333,3,AY,1,100,0.236,0.239,0.235
61058,7334,3,AZ,1,100,0.012,0.017,0.011
61058,7335,3,GX,1,100,-0.519,-0.977,-0.977
61058,7336,3,GY,1,100,-0.122,0.000,-0.031
61058,7337,3,GZ,1,100,-0.031,-0.275,-0.275
61058,7338,3,MX,1,100,97,97,96
61058,7339,3,MY,1,100,-40,-40,-39
61058,7340,3,MZ,1,100,-4,-3,-2
61129,7341,4,EM,1,100,RS,RB,2025-10-31_12-35-32-301594.csv,PS,MN
61178,7342,3,PI,1,100,174242,174262,174333
61178,7343,3,PR,1,100,149773,149767,149800
61178,7344,3,PG,1,100,11367,11371,11371
61150,7345,1,EA,1,100,2.989523
61150,7346,1,EL,1,100,-19133.199219
61178,7347,3,AX,1,100,-1.069,-1.067,-1.062
61178,7348,3,AY,1,100,0.237,0.236,0.227
61178,7349,3,AZ,1,100,0.013,0.014,0.013
61178,7350,3,GX,1,100,-0.824,-0.549,-0.275
61178,7351,3,GY,1,100,-0.061,-0.122,-0.275
61178,7352,3,GZ,1,100,-0.214,-0.183,-0.336
61178,7353,3,MX,1,100,96,96,96
61178,7354,3,MY,1,100,-40,-39,-40
61178,7355,3,MZ,1,100,-5,-3,-4
61283,7356,1,SF,1,100,0.0000
61258,7357,2,PI,1,100,174409,174466
61258,7358,2,PR,1,100,149798,149820
61258,7359,2,PG,1,100,11373,11377
61283,7360,2,EA,1,100,2.989523,2.988245
61283,7361,2,EL,1,100,-19133.199219,-19133.000000
61210,7362,1,T1,1,100,25.006
61225,7363,1,TH,1,100,23.487
61258,7364,2,AX,1,100,-1.062,-1.073
61258,7365,2,AY,1,100,0.229,0.240
61258,7366,2,AZ,1,100,0.014,0.014
61258,7367,2,GX,1,100,-0.580,-0.702
61258,7368,2,GY,1,100,-0.244,-0.275
61258,7369,2,GZ,1,100,-0.031,0.092
61258,7370,2,MX,1,100,96,97
61258,7371,2,MY,1,100,-39,-38
61258,7372,2,MZ,1,100,-4,-3
61330,7373,4,EM,1,100,RS,RB,2025-10-31_12-35-32-301594.csv,PS,MN
61378,7374,3,PI,1,100,174528,174486,173959
61378,7375,3,PR,1,100,149835,149817,149676
61378,7376,3,PG,1,100,11386,11392,11371
61350,7377,1,EA,1,100,2.988245
61350,7378,1,EL,1,100,-19133.000000
61343,7379,1,T1,1,100,25.038
61358,7380,1,TH,1,100,23.558
61378,7381,3,AX,1,100,-1.069,-1.064,-1.067
61378,7382,3,AY,1,100,0.232,0.232,0.230
61378,7383,3,AZ,1,100,0.021,0.014,0.010
61378,7384,3,GX,1,100,-0.458,-0.610,-0.610
61378,7385,3,GY,1,100,0.000,-0.183,0.000
61378,7386,3,GZ,1,100,0.519,-0.031,0.000
61378,7387,3,MX,1,100,97,98,97
61378,7388,3,MY,1,100,-39,-38,-38
61378,7389,3,MZ,1,100,-3,-4,-3
61458,7390,2,PI,1,100,173680,173722
61458,7391,2,PR,1,100,149605,149611
61458,7392,2,PG,1,100,11346,11340
61483,7393,2,EA,1,100,2.988245,2.988245
61483,7394,2,EL,1,100,-19133.000000,-19133.000000
61476,7395,1,T1,1,100,25.016
61491,7396,1,TH,1,100,23.558
61458,7397,2,AX,1,100,-1.066,-1.065
61458,7398,2,AY,1,100,0.233,0.234
61458,7399,2,AZ,1,100,0.011,0.016
61458,7400,2,GX,1,100,-0.580,-0.580
61458,7401,2,GY,1,100,0.000,0.092
61458,7402,2,GZ,1,100,-0.458,-0.214
61458,7403,2,MX,1,100,96,96
61458,7404,2,MY,1,100,-38,-40
61458,7405,2,MZ,1,100,-3,-3
61531,7406,4,EM,1,100,RS,RB,2025-10-31_12-35-32-301594.csv,PS,MN
61550,7407,1,SF,1,100,0.0000
61578,7408,3,PI,1,100,173737,173695,173771
61578,7409,3,PR,1,100,149614,149606,149618
61578,7410,3,PG,1,100,11349,11340,11343
61550,7411,1,EA,1,100,2.988245
61550,7412,1,EL,1,100,-19133.000000
61578,7413,3,AX,1,100,-1.070,-1.070,-1.059
61578,7414,3,AY,1,100,0.229,0.229,0.224
61578,7415,3,AZ,1,100,0.014,0.015,0.017
61578,7416,3,GX,1,100,-0.275,-0.397,-0.488
61578,7417,3,GY,1,100,-0.183,-0.092,-0.031
61578,7418,3,GZ,1,100,0.122,0.000,-0.061
61578,7419,3,MX,1,100,96,95,96
61578,7420,3,MY,1,100,-39,-40,-40
61578,7421,3,MZ,1,100,-2,-3,-3
61658,7422,2,PI,1,100,173844,173852
61658,7423,2,PR,1,100,149648,149638
61658,7424,2,PG,1,100,11349,11358
61683,7425,2,EA,1,100,2.988245,2.988245
61683,7426,2,EL,1,100,-19133.000000,-19133.000000
61610,7427,1,T1,1,100,24.936
61625,7428,1,TH,1,100,23.498
61698,7429,3,AX,1,100,-1.068,-1.072,-1.064
61698,7430,3,AY,1,100,0.235,0.238,0.230
61698,7431,3,AZ,1,100,0.014,0.016,0.016
61698,7432,3,GX,1,100,-0.427,-0.702,-0.305
61698,7433,3,GY,1,100,-0.183,0.031,-0.061
61698,7434,3,GZ,1,100,0.336,0.580,0.122
61698,7435,3,MX,1,100,96,96,95
61698,7436,3,MY,1,100,-40,-39,-39
61698,7437,3,MZ,1,100,-3,-3,-4
61732,7438,4,EM,1,100,RS,RB,2025-10-31_12-35-32-301594.csv,PS,MN
61778,7439,1,BI,1,100,800
61778,7440,1,HR,1,100,74.35
61778,7441,3,PI,1,100,173849,173910,173967
61778,7442,3,PR,1,100,149651,149648,149673
61778,7443,3,PG,1,100,11346,11337,11354
61750,7444,1,EA,1,100,2.988245
61750,7445,1,EL,1,100,-19133.000000
61743,7446,1,T1,1,100,25.079
61758,7447,1,TH,1,100,23.498
61778,7448,2,AX,1,100,-1.064,-1.073
61778,7449,2,AY,1,100,0.233,0.232
61778,7450,2,AZ,1,100,0.017,0.015
61778,7451,2,GX,1,100,-0.336,-0.519
61778,7452,2,GY,1,100,-0.061,0.000
61778,7453,2,GZ,1,100,-0.214,0.061
61778,7454,2,MX,1,100,97,95
61778,7455,2,MY,1,100,-39,-39
61778,7456,2,MZ,1,100,-2,-2
61883,7457,1,SF,1,100,0.0000
61898,7458,3,PI,1,100,174052,174098,174165
61898,7459,3,PR,1,100,149676,149689,149710
61898,7460,3,PG,1,100,11370,11352,11353
61883,7461,2,EA,1,100,2.986968,2.986968
61883,7462,2,EL,1,100,-19132.800781,-19132.800781
61876,7463,1,T1,1,100,25.034
61891,7464,1,TH,1,100,23.547
61884,7465,3,AX,1,100,-1.068,-1.058,-1.066
61884,7466,3,AY,1,100,0.230,0.228,0.234
61884,7467,3,AZ,1,100,0.014,0.013,0.014
61884,7468,3,GX,1,100,-0.580,-0.671,-0.916
61884,7469,3,GY,1,100,0.031,-0.031,-0.092
61884,7470,3,GZ,1,100,-0.061,-0.305,-0.092
61884,7471,3,MX,1,100,96,97,95
61884,7472,3,MY,1,100,-39,-40,-38
61884,7473,3,MZ,1,100,-4,-3,-3
61933,7474,4,EM,1,100,RS,RB,2025-10-31_12-35-32-301594.csv,PS,MN
61978,7475,2,PI,1,100,174226,174266
61978,7476,2,PR,1,100,149727,149719
61978,7477,2,PG,1,100,11369,11370
61950,7478,1,EA,1,100,2.986968
61950,7479,1,EL,1,100,-19132.800781
61964,7480,2,AX,1,100,-1.071,-1.060
61964,7481,2,AY,1,100,0.236,0.229
61964,7482,2,AZ,1,100,0.013,0.015
61964,7483,2,GX,1,100,-0.824,-0.275
61964,7484,2,GY,1,100,0.031,-0.061
61964,7485,2,GZ,1,100,0.092,-0.122
61964,7486,2,MX,1,100,97,96
61964,7487,2,MY,1,100,-40,-39
61964,7488,2,MZ,1,100,-2,-4
62098,7489,3,PI,1,100,174325,174356,174466
62098,7490,3,PR,1,100,149735,149752,149766
62098,7491,3,PG,1,100,11365,11368,11374
62083,7492,2,EA,1,100,2.984406,2.984406
62083,7493,2,EL,1,100,-19132.400391,-19132.400391
62010,7494,1,T1,1,100,25.015
62025,7495,1,TH,1,100,23.547
62084,7496,3,AX,1,100,-1.062,-1.072,-1.068
62084,7497,3,AY,1,100,0.232,0.232,0.229
62084,7498,3,AZ,1,100,0.013,0.010,0.015
62084,7499,3,GX,1,100,-0.397,-0.336,-0.305
62084,7500,3,GY,1,100,-0.183,-0.153,0.092
62084,7501,3,GZ,1,100,-0.214,0.183,0.092
62084,7502,3,MX,1,100,97,96,97
62084,7503,3,MY,1,100,-39,-39,-40
62084,7504,3,MZ,1,100,-4,-3,-4
62139,7505,4,EM,1,100,RS,RB,2025-10-31_12-35-32-301594.csv,PS,MN
62178,7506,2,PI,1,100,174489,174038
62178,7507,2,PR,1,100,149767,149666
62178,7508,2,PG,1,100,11384,11361
62150,7509,1,EA,1,100,2.983120
62150,7510,1,EL,1,100,-19132.199219
62143,7511,1,T1,1,100,24.971
62158,7512,1,TH,1,100,23.592
62204,7513,3,AX,1,100,-1.062,-1.069,-1.068
62204,7514,3,AY,1,100,0.227,0.233,0.238
62204,7515,3,AZ,1,100,0.019,0.011,0.013
62204,7516,3,GX,1,100,-0.580,-0.702,-0.671
62204,7517,3,GY,1,100,-0.061,-0.153,0.031
62204,7518,3,GZ,1,100,-0.031,0.305,0.061
62204,7519,3,MX,1,100,96,96,96
62204,7520,3,MY,1,100,-39,-38,-40
62204,7521,3,MZ,1,100,-4,-3,-3
62283,7522,1,SF,1,100,0.0000
62298,7523,3,PI,1,100,173657,173656,173666
62298,7524,3,PR,1,100,149559,149545,149548
62298,7525,3,PG,1,100,11355,11347,11340
62283,7526,2,EA,1,100,2.981848,2.981848
62283,7527,2,EL,1,100,-19132.000000,-19132.000000
62276,7528,1,T1,1,100,24.952
62291,7529,1,TH,1,100,23.599
62284,7530,2,AX,1,100,-1.064,-1.067
62284,7531,2,AY,1,100,0.231,0.230
62284,7532,2,AZ,1,100,0.013,0.018
62284,7533,2,GX,1,100,-0.458,-0.244
62284,7534,2,GY,1,100,0.000,-0.061
62284,7535,2,GZ,1,100,-0.153,-0.031
62284,7536,2,MX,1,100,96,96
62284,7537,2,MY,1,100,-39,-40
62284,7538,2,MZ,1,100,-3,-4
62340,7539,4,EM,1,100,RS,RB,2025-10-31_12-35-32-301594.csv,PS,MN
62378,7540,2,PI,1,100,173670,173724
62378,7541,2,PR,1,100,149561,149556
62378,7542,2,PG,1,100,11343,11336
62350,7543,1,EA,1,100,2.981848
62350,7544,1,EL,1,100,-19132.000000
62364,7545,2,AX,1,100,-1.069,-1.064
62364,7546,2,AY,1,100,0.229,0.229
62364,7547,2,AZ,1,100,0.015,0.011
62364,7548,2,GX,1,100,-0.244,-0.366
62364,7549,2,GY,1,100,-0.183,0.031
62364,7550,2,GZ,1,100,-0.122,0.092
62364,7551,2,MX,1,100,96,96
62364,7552,2,MY,1,100,-39,-40
62364,7553,2,MZ,1,100,-3,-4
62458,7554,2,PI,1,100,173801,173795
62458,7555,2,PR,1,100,149589,149575
62458,7556,2,PG,1,100,11346,11317
62483,7557,2,EA,1,100,2.981848,2.981848
62483,7558,2,EL,1,100,-19132.000000,-19132.000000
62410,7559,1,T1,1,100,24.979
62425,7560,1,TH,1,100,23.474
62484,7561,3,AX,1,100,-1.063,-1.068,-1.067
62484,7562,3,AY,1,100,0.232,0.245,0.235
62484,7563,3,AZ,1,100,0.013,0.008,0.016
62484,7564,3,GX,1,100,-0.519,-0.549,-0.183
62484,7565,3,GY,1,100,-0.183,-0.183,-0.122
62484,7566,3,GZ,1,100,-0.031,0.580,0.397
62484,7567,3,MX,1,100,95,96,96
62484,7568,3,MY,1,100,-40,-39,-39
62484,7569,3,MZ,1,100,-3,-4,-3
62541,7570,4,EM,1,100,RS,RB,2025-10-31_12-35-32-301594.csv,PS,MN
62591,7571,1,BI,1,100,800
62591,7572,1,HR,1,100,74.50
62550,7573,1,SF,1,100,0.0000
62591,7574,3,PI,1,100,173808,173865,173930
62591,7575,3,PR,1,100,149569,149599,149597
62591,7576,3,PG,1,100,11340,11337,11348
62550,7577,1,EA,1,100,2.981848
62550,7578,1,EL,1,100,-19132.000000
62543,7579,1,T1,1,100,25.026
62558,7580,1,TH,1,100,23.474
62604,7581,3,AX,1,100,-1.068,-1.070,-1.068
62604,7582,3,AY,1,100,0.226,0.226,0.227
62604,7583,3,AZ,1,100,0.016,0.018,0.015
62604,7584,3,GX,1,100,0.275,-0.031,-0.397
62604,7585,3,GY,1,100,-0.244,-0.122,0.000
62604,7586,3,GZ,1,100,0.214,0.000,0.092
62604,7587,3,MX,1,100,96,96,95
62604,7588,3,MY,1,100,-38,-39,-40
62604,7589,3,MZ,1,100,-3,-4,-4
62671,7590,2,PI,1,100,173999,174054
62671,7591,2,PR,1,100,149613,149637
62671,7592,2,PG,1,100,11351,11351
62683,7593,2,EA,1,100,2.981848,2.981848
62683,7594,2,EL,1,100,-19132.000000,-19132.000000
62676,7595,1,T1,1,100,25.047
62691,7596,1,TH,1,100,23.498
62711,7597,3,AX,1,100,-1.068,-1.062,-1.062
62711,7598,3,AY,1,100,0.235,0.235,0.235
62711,7599,3,AZ,1,100,0.013,0.013,0.012
62711,7600,3,GX,1,100,-0.854,-0.885,-0.427
62711,7601,3,GY,1,100,0.031,0.092,0.031
62711,7602,3,GZ,1,100,-0.061,-0.092,0.092
62711,7603,3,MX,1,100,95,96,97
62711,7604,3,MY,1,100,-39,-40,-38
62711,7605,3,MZ,1,100,-3,-4,-4
62742,7606,4,EM,1,100,RS,RB,2025-10-31_12-35-32-301594.csv,PS,MN
62791,7607,3,PI,1,100,174128,174165,174209
62791,7608,3,PR,1,100,149645,149653,149672
62791,7609,3,PG,1,100,11346,11360,11347
62750,7610,1,EA,1,100,2.980576
62750,7611,1,EL,1,100,-19131.800781
62810,7612,1,T1,1,100,25.091
62791,7613,2,AX,1,100,-1.068,-1.071
62791,7614,2,AY,1,100,0.234,0.229
62791,7615,2,AZ,1,100,0.012,0.014
62791,7616,2,GX,1,100,-0.275,-0.214
62791,7617,2,GY,1,100,-0.122,-0.092
62791,7618,2,GZ,1,100,0.275,0.122
62791,7619,2,MX,1,100,96,96
62791,7620,2,MY,1,100,-39,-39
62791,7621,2,MZ,1,100,-3,-3
62883,7622,1,SF,1,100,0.0000
62911,7623,3,PI,1,100,174279,174335,174399
62911,7624,3,PR,1,100,149678,149683,149694
62911,7625,3,PG,1,100,11352,11365,11370
62883,7626,2,EA,1,100,2.978024,2.978024
62883,7627,2,EL,1,100,-19131.400391,-19131.400391
62824,7628,1,TH,1,100,23.498
62911,7629,3,AX,1,100,-1.069,-1.060,-1.071
62911,7630,3,AY,1,100,0.228,0.227,0.234
62911,7631,3,AZ,1,100,0.014,0.007,0.020
62911,7632,3,GX,1,100,-0.183,-0.397,-0.580
62911,7633,3,GY,1,100,-0.031,-0.153,-0.061
62911,7634,3,GZ,1,100,-0.061,-0.153,0.092
62911,7635,3,MX,1,100,97,96,97
62911,7636,3,MY,1,100,-39,-39,-39
62911,7637,3,MZ,1,100,-3,-3,-5
62944,7638,4,EM,1,100,RS,RB,2025-10-31_12-35-32-301594.csv,PS,MN
62991,7639,2,PI,1,100,174487,174401
62991,7640,2,PR,1,100,149719,149706
62991,7641,2,PG,1,100,11378,11373
62950,7642,1,EA,1,100,2.976744
62950,7643,1,EL,1,100,-19131.199219
62943,7644,1,T1,1,100,25.075
62958,7645,1,TH,1,100,23.460
62991,7646,2,AX,1,100,-1.070,-1.062
62991,7647,2,AY,1,100,0.230,0.230
62991,7648,2,AZ,1,100,0.018,0.010
62991,7649,2,GX,1,100,-0.824,-0.702
62991,7650,2,GY,1,100,0.122,-0.122
62991,7651,2,GZ,1,100,0.275,0.031
62991,7652,2,MX,1,100,97,96
62991,7653,2,MY,1,100,-40,-39
62991,7654,2,MZ,1,100,-4,-4
63111,7655,3,PI,1,100,173871,173617,173632
63111,7656,3,PR,1,100,149543,149483,149484
63111,7657,3,PG,1,100,11362,11339,11327
63083,7658,2,EA,1,100,2.975477,2.975477
63083,7659,2,EL,1,100,-19131.000000,-19131.000000
63076,7660,1,T1,1,100,25.032
63091,7661,1,TH,1,100,23.467
63111,7662,3,AX,1,100,-1.065,-1.071,-1.065
63111,7663,3,AY,1,100,0.236,0.241,0.236
63111,7664,3,AZ,1,100,0.013,0.012,0.011
63111,7665,3,GX,1,100,-0.702,-0.549,-0.092
63111,7666,3,GY,1,100,-0.183,-0.031,-0.061
63111,7667,3,GZ,1,100,-0.214,0.183,0.641
63111,7668,3,MX,1,100,95,96,96
63111,7669,3,MY,1,100,-39,-40,-39
63111,7670,3,MZ,1,100,-3,-4,-3
63152,7671,4,EM,1,100,RS,RB,2025-10-31_12-35-32-301594.csv,PS,MN
63216,7672,1,SF,1,100,0.0000
63191,7673,2,PI,1,100,173671,173673
63191,7674,2,PR,1,100,149516,149493
63191,7675,2,PG,1,100,11329,11333
63216,7676,2,EA,1,100,2.975477,2.975477
63216,7677,2,EL,1,100,-19131.000000,-19131.000000
63210,7678,1,T1,1,100,25.049
63224,7679,1,TH,1,100,23.643
63191,7680,2,AX,1,100,-1.066,-1.067
63191,7681,2,AY,1,100,0.230,0.226
63191,7682,2,AZ,1,100,0.014,0.017
63191,7683,2,GX,1,100,-0.122,-0.092
63191,7684,2,GY,1,100,-0.305,-0.092
63191,7685,2,GZ,1,100,0.153,0.214
63191,7686,2,MX,1,100,97,96
63191,7687,2,MY,1,100,-40,-40
63191,7688,2,MZ,1,100,-3,-3
63311,7689,3,PI,1,100,173736,173795,173775
63311,7690,3,PR,1,100,149512,149534,149525
63311,7691,3,PG,1,100,11324,11334,11325
63283,7692,1,EA,1,100,2.972934
63283,7693,1,EL,1,100,-19130.599609
63311,7694,3,AX,1,100,-1.066,-1.065,-1.065
63311,7695,3,AY,1,100,0.228,0.238,0.237
63311,7696,3,AZ,1,100,0.018,0.015,0.010
63311,7697,3,GX,1,100,-0.061,-0.458,-0.366
63311,7698,3,GY,1,100,-0.183,-0.031,-0.092
63311,7699,3,GZ,1,100,0.397,0.763,0.488
63311,7700,3,MX,1,100,96,97,96
63311,7701,3,MY,1,100,-38,-39,-39
63311,7702,3,MZ,1,100,-3,-2,-5
63353,7703,4,EM,1,100,RS,RB,2025-10-31_12-35-32-301594.csv,PS,MN
63391,7704,2,PI,1,100,173792,173849
63391,7705,2,PR,1,100,149521,149533
63391,7706,2,PG,1,100,11330,11328
63416,7707,2,EA,1,100,2.974211,2.972934
63416,7708,2,EL,1,100,-19130.800781,-19130.599609
63343,7709,1,T1,1,100,25.057
63358,7710,1,TH,1,100,23.643
63391,7711,2,AX,1,100,-1.066,-1.070
63391,7712,2,AY,1,100,0.239,0.233
63391,7713,2,AZ,1,100,0.017,0.015
63391,7714,2,GX,1,100,-0.214,0.031
63391,7715,2,GY,1,100,-0.153,-0.153
63391,7716,2,GZ,1,100,0.336,0.458
63391,7717,2,MX,1,100,97,95
63391,7718,2,MY,1,100,-40,-39
63391,7719,2,MZ,1,100,-3,-4
63431,7720,1,BI,1,100,840
63431,7721,1,HR,1,100,73.82
63511,7722,3,PI,1,100,173922,174013,174059
63511,7723,3,PR,1,100,149539,149565,149570
63511,7724,3,PG,1,100,11328,11354,11340
63483,7725,1,EA,1,100,2.971671
63483,7726,1,EL,1,100,-19130.400391
63476,7727,1,T1,1,100,25.096
63491,7728,1,TH,1,100,23.627
63497,7729,3,AX,1,100,-1.071,-1.063,-1.069
63497,7730,3,AY,1,100,0.230,0.233,0.240
63497,7731,3,AZ,1,100,0.015,0.011,0.014
63497,7732,3,GX,1,100,0.092,-0.366,-0.610
63497,7733,3,GY,1,100,-0.092,-0.061,0.000
63497,7734,3,GZ,1,100,0.397,0.275,0.336
63497,7735,3,MX,1,100,97,96,96
63497,7736,3,MY,1,100,-40,-40,-39
63497,7737,3,MZ,1,100,-3,-5,-3
63555,7738,4,EM,1,100,RS,RB,2025-10-31_12-35-32-301594.csv,PS,MN
63585,7739,1,TL,1,100,2025-10-31_12-35-53-256609
63586,7740,2,AK,1,100,6903,RD
63586,7741,2,RD,1,100,TL,TU
63595,7742,1,TL,1,100,2025-10-31_12-35-58-267471
63597,7743,2,AK,1,100,7741,RD
63616,7744,1,SF,1,100,0.0000
63591,7745,2,PI,1,100,174115,174175
63591,7746,2,PR,1,100,149576,149602
63591,7747,2,PG,1,100,11330,11357
63616,7748,2,EA,1,100,2.971671,2.969134
63616,7749,2,EL,1,100,-19130.400391,-19130.000000
63610,7750,1,T1,1,100,25.077
63624,7751,1,TH,1,100,23.627
63617,7752,3,AX,1,100,-1.069,-1.063,-1.063
63617,7753,3,AY,1,100,0.236,0.237,0.235
63617,7754,3,AZ,1,100,0.010,0.011,0.012
63617,7755,3,GX,1,100,-0.519,-0.183,-0.183
63617,7756,3,GY,1,100,0.153,-0.031,-0.031
63617,7757,3,GZ,1,100,0.427,0.305,0.305
63617,7758,3,MX,1,100,97,96,97
63617,7759,3,MY,1,100,-38,-39,-40
63617,7760,3,MZ,1,100,-5,-3,-4
63711,7761,3,PI,1,100,174222,174277,174320
63711,7762,3,PR,1,100,149597,149632,149631
63711,7763,3,PG,1,100,11361,11368,11352
63683,7764,1,EA,1,100,2.969134
63683,7765,1,EL,1,100,-19130.000000
63697,7766,2,AX,1,100,-1.069,-1.060
63697,7767,2,AY,1,100,0.238,0.232
63697,7768,2,AZ,1,100,0.011,0.014
63697,7769,2,GX,1,100,-0.122,0.092
63697,7770,2,GY,1,100,0.000,-0.122
63697,7771,2,GZ,1,100,0.244,0.336
63697,7772,2,MX,1,100,97,96
63697,7773,2,MY,1,100,-39,-39
63697,7774,2,MZ,1,100,-3,-4
63760,7775,4,EM,1,100,RS,RB,2025-10-31_12-35-32-301594.csv,PS,MN
63831,7776,3,PI,1,100,174416,174469,174294
63831,7777,3,PR,1,100,149654,149655,149619
63831,7778,3,PG,1,100,11372,11368,11364
63816,7779,2,EA,1,100,2.969134,2.969134
63816,7780,2,EL,1,100,-19130.000000,-19130.000000
63743,7781,1,T1,1,100,25.033
63758,7782,1,TH,1,100,23.605
63817,7783,3,AX,1,100,-1.068,-1.068,-1.071
63817,7784,3,AY,1,100,0.239,0.241,0.231
63817,7785,3,AZ,1,100,0.014,0.015,0.015
63817,7786,3,GX,1,100,-0.214,-0.519,-0.275
63817,7787,3,GY,1,100,-0.214,0.183,-0.092
63817,7788,3,GZ,1,100,0.183,0.702,0.366
63817,7789,3,MX,1,100,96,95,96
63817,7790,3,MY,1,100,-38,-40,-38
63817,7791,3,MZ,1,100,-3,-4,-3
63883,7792,1,SF,1,100,0.0000
63911,7793,2,PI,1,100,173793,173625
63911,7794,2,PR,1,100,149477,149443
63911,7795,2,PG,1,100,11358,11332
63883,7796,1,EA,1,100,2.969134
63883,7797,1,EL,1,100,-19130.000000
63876,7798,1,T1,1,100,25.085
63891,7799,1,TH,1,100,23.605
63897,7800,2,AX,1,100,-1.061,-1.061
63897,7801,2,AY,1,100,0.230,0.241
63897,7802,2,AZ,1,100,0.011,0.011
63897,7803,2,GX,1,100,-0.244,-0.519
63897,7804,2,GY,1,100,0.000,-0.031
63897,7805,2,GZ,1,100,0.122,-0.183
63897,7806,2,MX,1,100,96,97
63897,7807,2,MY,1,100,-38,-39
63897,7808,2,MZ,1,100,-4,-3
63961,7809,4,EM,1,100,RS,RB,2025-10-31_12-35-32-301594.csv,PS,MN
64031,7810,3,PI,1,100,173650,173686,173703
64031,7811,3,PR,1,100,149426,149473,149456
64031,7812,3,PG,1,100,11341,11322,11325
64016,7813,2,EA,1,100,2.967874,2.969134
64016,7814,2,EL,1,100,-19129.800781,-19130.000000
64010,7815,1,T1,1,100,25.108
64024,7816,1,TH,1,100,23.643
64017,7817,3,AX,1,100,-1.067,-1.066,-1.060
64017,7818,3,AY,1,100,0.246,0.233,0.230
64017,7819,3,AZ,1,100,0.014,0.012,0.009
64017,7820,3,GX,1,100,-0.549,-0.183,0.061
64017,7821,3,GY,1,100,0.061,-0.153,-0.244
64017,7822,3,GZ,1,100,0.488,0.336,0.000
64017,7823,3,MX,1,100,96,95,95
64017,7824,3,MY,1,100,-40,-38,-39
64017,7825,3,MZ,1,100,-3,-3,-3
64111,7826,2,PI,1,100,173778,173802
64111,7827,2,PR,1,100,149465,149466
64111,7828,2,PG,1,100,11325,11328
64083,7829,1,EA,1,100,2.964074
64083,7830,1,EL,1,100,-19129.199219
64097,7831,2,AX,1,100,-1.062,-1.073
64097,7832,2,AY,1,100,0.237,0.238
64097,7833,2,AZ,1,100,0.015,0.015
64097,7834,2,GX,1,100,-0.183,-0.305
64097,7835,2,GY,1,100,-0.244,-0.183
64097,7836,2,GZ,1,100,0.580,1.038
64097,7837,2,MX,1,100,96,96
64097,7838,2,MY,1,100,-38,-39
64097,7839,2,MZ,1,100,-4,-3
64170,7840,4,EM,1,100,RS,RB,2025-10-31_12-35-32-301594.csv,PS,MN
64231,7841,1,BI,1,100,800
64231,7842,1,HR,1,100,74.08
64216,7843,1,SF,1,100,0.0000
64231,7844,3,PI,1,100,173799,173834,173898
64231,7845,3,PR,1,100,149486,149481,149492
64231,7846,3,PG,1,100,11332,11335,11356
64216,7847,2,EA,1,100,2.967874,2.964074
64216,7848,2,EL,1,100,-19129.800781,-19129.199219
64143,7849,1,T1,1,100,25.047
64158,7850,1,TH,1,100,23.643
64217,7851,3,AX,1,100,-1.066,-1.062,-1.065
64217,7852,3,AY,1,100,0.245,0.236,0.238
64217,7853,3,AZ,1,100,0.003,0.012,0.015
64217,7854,3,GX,1,100,-0.305,-0.061,0.031
64217,7855,3,GY,1,100,-0.061,-0.183,-0.031
64217,7856,3,GZ,1,100,0.763,0.153,0.580
64217,7857,3,MX,1,100,96,97,97
64217,7858,3,MY,1,100,-38,-38,-38
64217,7859,3,MZ,1,100,-5,-3,-3
64311,7860,2,PI,1,100,173958,174033
64311,7861,2,PR,1,100,149499,149519
64311,7862,2,PG,1,100,11332,11342
64283,7863,1,EA,1,100,2.966602
64283,7864,1,EL,1,100,-19129.599609
64276,7865,1,T1,1,100,25.091
64291,7866,1,TH,1,100,23.583
64324,7867,3,AX,1,100,-1.068,-1.063,-1.064
64324,7868,3,AY,1,100,0.237,0.239,0.240
64324,7869,3,AZ,1,100,0.012,0.016,0.010
64324,7870,3,GX,1,100,-0.031,-0.305,-0.397
64324,7871,3,GY,1,100,0.000,0.000,-0.092
64324,7872,3,GZ,1,100,0.458,0.275,0.214
64324,7873,3,MX,1,100,96,96,96
64324,7874,3,MY,1,100,-38,-39,-39
64324,7875,3,MZ,1,100,-4,-3,-4
64371,7876,4,EM,1,100,RS,RB,2025-10-31_12-35-32-301594.csv,PS,MN
64431,7877,3,PI,1,100,174123,174141,174196
64431,7878,3,PR,1,100,149528,149537,149551
64431,7879,3,PG,1,100,11351,11354,11350
64416,7880,2,EA,1,100,2.964074,2.962818
64416,7881,2,EL,1,100,-19129.199219,-19129.000000
64410,7882,1,T1,1,100,25.110
64424,7883,1,TH,1,100,23.590
64404,7884,2,AX,1,100,-1.068,-1.062
64404,7885,2,AY,1,100,0.239,0.241
64404,7886,2,AZ,1,100,0.015,0.008
64404,7887,2,GX,1,100,-0.305,-0.397
64404,7888,2,GY,1,100,0.000,0.000
64404,7889,2,GZ,1,100,0.153,0.305
64404,7890,2,MX,1,100,96,96
64404,7891,2,MY,1,100,-39,-38
64404,7892,2,MZ,1,100,-3,-3
64511,7893,2,PI,1,100,174229,174317
64511,7894,2,PR,1,100,149566,149581
64511,7895,2,PG,1,100,11361,11351
64483,7896,1,EA,1,100,2.962818
64483,7897,1,EL,1,100,-19129.000000
64524,7898,3,AX,1,100,-1.063,-1.069,-1.065
64524,7899,3,AY,1,100,0.240,0.242,0.240
64524,7900,3,AZ,1,100,0.013,0.009,0.011
64524,7901,3,GX,1,100,-0.183,-0.275,-0.214
64524,7902,3,GY,1,100,-0.153,-0.153,-0.183
64524,7903,3,GZ,1,100,0.305,0.214,0.031
64524,7904,3,MX,1,100,96,96,97
64524,7905,3,MY,1,100,-38,-38,-37
64524,7906,3,MZ,1,100,-5,-4,-3
64572,7907,4,EM,1,100,RS,RB,2025-10-31_12-35-32-301594.csv,PS,MN
64616,7908,1,SF,1,100,0.0000
64631,7909,3,PI,1,100,174387,174469,174434
64631,7910,3,PR,1,100,149593,149615,149599
64631,7911,3,PG,1,100,11361,11366,11365
64616,7912,2,EA,1,100,2.962818,2.962818
64616,7913,2,EL,1,100,-19129.000000,-19129.000000
64543,7914,1,T1,1,100,25.048
64558,7915,1,TH,1,100,23.543
64604,7916,2,AX,1,100,-1.076,-1.055
64604,7917,2,AY,1,100,0.250,0.231
64604,7918,2,AZ,1,100,0.011,0.013
64604,7919,2,GX,1,100,-0.122,0.061
64604,7920,2,GY,1,100,0.549,0.702
64604,7921,2,GZ,1,100,0.397,0.580
64604,7922,2,MX,1,100,96,96
64604,7923,2,MY,1,100,-38,-38
64604,7924,2,MZ,1,100,-5,-3
64711,7925,2,PI,1,100,173950,173635
64711,7926,2,PR,1,100,149478,149388
64711,7927,2,PG,1,100,11363,11337
64683,7928,1,EA,1,100,2.962818
64683,7929,1,EL,1,100,-19129.000000
64676,7930,1,T1,1,100,25.127
64691,7931,1,TH,1,100,23.543
64724,7932,3,AX,1,100,-1.053,-1.075,-1.069
64724,7933,3,AY,1,100,0.234,0.243,0.245
64724,7934,3,AZ,1,100,0.010,0.014,0.009
64724,7935,3,GX,1,100,-0.214,-0.580,-0.397
64724,7936,3,GY,1,100,-0.122,0.153,0.244
64724,7937,3,GZ,1,100,-0.458,0.519,0.580
64724,7938,3,MX,1,100,96,96,96
64724,7939,3,MY,1,100,-38,-38,-38
64724,7940,3,MZ,1,100,-3,-4,-4
64773,7941,4,EM,1,100,RS,RB,2025-10-31_12-35-32-301594.csv,PS,MN
64831,7942,3,PI,1,100,173636,173691,173692
64831,7943,3,PR,1,100,149397,149414,149411
64831,7944,3,PG,1,100,11331,11325,11323
64816,7945,2,EA,1,100,2.962818,2.962818
64816,7946,2,EL,1,100,-19129.000000,-19129.000000
64810,7947,1,T1,1,100,25.055
64824,7948,1,TH,1,100,23.583
64844,7949,3,AX,1,100,-1.055,-1.068,-1.069
64844,7950,3,AY,1,100,0.242,0.237,0.239
64844,7951,3,AZ,1,100,0.005,0.012,0.013
64844,7952,3,GX,1,100,0.061,-0.092,-0.214
64844,7953,3,GY,1,100,0.061,-0.336,0.031
64844,7954,3,GZ,1,100,0.824,-0.214,0.549
64844,7955,3,MX,1,100,96,96,96
64844,7956,3,MY,1,100,-38,-38,-38
64844,7957,3,MZ,1,100,-5,-3,-3
64950,7958,1,SF,1,100,0.0000
64924,7959,2,PI,1,100,173745,173799
64924,7960,2,PR,1,100,149411,149431
64924,7961,2,PG,1,100,11327,11323
64950,7962,2,EA,1,100,2.962818,2.961563
64950,7963,2,EL,1,100,-19129.000000,-19128.800781
64943,7964,1,T1,1,100,25.095
64958,7965,1,TH,1,100,23.583
64924,7966,2,AX,1,100,-1.062,-1.064
64924,7967,2,AY,1,100,0.238,0.244
64924,7968,2,AZ,1,100,0.010,0.005
64924,7969,2,GX,1,100,-0.397,-0.488
64924,7970,2,GY,1,100,-0.092,-0.153
64924,7971,2,GZ,1,100,0.122,0.610
64924,7972,2,MX,1,100,96,95
64924,7973,2,MY,1,100,-38,-39
64924,7974,2,MZ,1,100,-4,-3
64998,7975,4,EM,1,100,RS,RB,2025-10-31_12-35-32-301594.csv,PS,MN
65044,7976,3,PI,1,100,173815,173790,173874
65044,7977,3,PR,1,100,149442,149414,149435
65044,7978,3,PG,1,100,11330,11322,11332
65016,7979,1,EA,1,100,2.961563
65016,7980,1,EL,1,100,-19128.800781
65044,7981,3,AX,1,100,-1.070,-1.062,-1.064
65044,7982,3,AY,1,100,0.243,0.242,0.237
65044,7983,3,AZ,1,100,0.010,0.011,0.013
65044,7984,3,GX,1,100,-0.366,-0.061,0.000
65044,7985,3,GY,1,100,-0.031,-0.031,-0.092
65044,7986,3,GZ,1,100,0.549,0.275,0.122
65044,7987,3,MX,1,100,97,96,95
65044,7988,3,MY,1,100,-37,-38,-39
65044,7989,3,MZ,1,100,-4,-4,-4
65084,7990,1,BI,1,100,840
65084,7991,1,HR,1,100,73.49
65124,7992,2,PI,1,100,173941,174026
65124,7993,2,PR,1,100,149468,149484
65124,7994,2,PG,1,100,11336,11339
65150,7995,2,EA,1,100,2.962818,2.961563
65150,7996,2,EL,1,100,-19129.000000,-19128.800781
65076,7997,1,T1,1,100,25.076
65091,7998,1,TH,1,100,23.540
65150,7999,3,AX,1,100,-1.070,-1.064,-1.063
65150,8000,3,AY,1,100,0.240,0.240,0.242
65150,8001,3,AZ,1,100,0.013,0.009,0.008
65150,8002,3,GX,1,100,-0.214,-0.580,-0.763
65150,8003,3,GY,1,100,-0.061,0.061,-0.031
65150,8004,3,GZ,1,100,0.153,0.153,0.000
65150,8005,3,MX,1,100,97,96,96
65150,8006,3,MY,1,100,-39,-38,-37
65150,8007,3,MZ,1,100,-3,-4,-3
65199,8008,4,EM,1,100,RS,RB,2025-10-31_12-35-32-301594.csv,PS,MN
65216,8009,1,SF,1,100,0.0000
65244,8010,3,PI,1,100,174074,174123,174176
65244,8011,3,PR,1,100,149487,149484,149502
65244,8012,3,PG,1,100,11350,11340,11358
65216,8013,1,EA,1,100,2.957780
65216,8014,1,EL,1,100,-19128.199219
65209,8015,1,T1,1,100,25.069
65224,8016,1,TH,1,100,23.547
65230,8017,2,AX,1,100,-1.065,-1.064
65230,8018,2,AY,1,100,0.247,0.247
65230,8019,2,AZ,1,100,0.006,0.007
65230,8020,2,GX,1,100,-0.793,-0.488
65230,8021,2,GY,1,100,-0.031,-0.061
65230,8022,2,GZ,1,100,0.275,0.244
65230,8023,2,MX,1,100,97,96
65230,8024,2,MY,1,100,-38,-37
65230,8025,2,MZ,1,100,-4,-4
65324,8026,2,PI,1,100,174227,174270
65324,8027,2,PR,1,100,149511,149512
65324,8028,2,PG,1,100,11370,11355
65350,8029,2,EA,1,100,2.957780,2.956529
65350,8030,2,EL,1,100,-19128.199219,-19128.000000
65343,8031,1,T1,1,100,25.065
65358,8032,1,TH,1,100,23.634
65350,8033,3,AX,1,100,-1.066,-1.065,-1.069
65350,8034,3,AY,1,100,0.238,0.240,0.237
65350,8035,3,AZ,1,100,0.018,0.013,0.014
65350,8036,3,GX,1,100,-0.153,-0.214,-0.214
65350,8037,3,GY,1,100,-0.153,-0.183,-0.214
65350,8038,3,GZ,1,100,0.092,0.061,-0.153
65350,8039,3,MX,1,100,96,95,96
65350,8040,3,MY,1,100,-38,-39,-38
65350,8041,3,MZ,1,100,-4,-4,-3
65400,8042,4,EM,1,100,RS,RB,2025-10-31_12-35-32-301594.csv,PS,MN
65444,8043,3,PI,1,100,174341,174424,174411
65444,8044,3,PR,1,100,149545,149559,149554
65444,8045,3,PG,1,100,11356,11357,11379
65416,8046,1,EA,1,100,2.956529
65416,8047,1,EL,1,100,-19128.000000
65430,8048,2,AX,1,100,-1.064,-1.064
65430,8049,2,AY,1,100,0.237,0.241
65430,8050,2,AZ,1,100,0.014,0.006
65430,8051,2,GX,1,100,-0.671,-1.068
65430,8052,2,GY,1,100,0.000,-0.153
65430,8053,2,GZ,1,100,0.366,-0.061
65430,8054,2,MX,1,100,96,97
65430,8055,2,MY,1,100,-37,-38
65430,8056,2,MZ,1,100,-3,-4
65550,8057,1,SF,1,100,0.0000
65524,8058,2,PI,1,100,173944,173625
65524,8059,2,PR,1,100,149431,149341
65524,8060,2,PG,1,100,11356,11329
65550,8061,2,EA,1,100,2.956529,2.957780
65550,8062,2,EL,1,100,-19128.000000,-19128.199219
65476,8063,1,T1,1,100,25.064
65491,8064,1,TH,1,100,23.634
65550,8065,3,AX,1,100,-1.061,-1.059,-1.065
65550,8066,3,AY,1,100,0.248,0.246,0.242
65550,8067,3,AZ,1,100,0.005,0.011,0.008
65550,8068,3,GX,1,100,-0.916,-0.580,-0.275
65550,8069,3,GY,1,100,-0.031,-0.061,-0.031
65550,8070,3,GZ,1,100,-0.031,-0.244,-0.092
65550,8071,3,MX,1,100,97,97,97
65550,8072,3,MY,1,100,-38,-37,-38
65550,8073,3,MZ,1,100,-3,-4,-3
65601,8074,4,EM,1,100,RS,RB,2025-10-31_12-35-32-301594.csv,PS,MN
65644,8075,3,PI,1,100,173602,173636,173630
65644,8076,3,PR,1,100,149346,149338,149344
65644,8077,3,PG,1,100,11337,11328,11312
65616,8078,1,EA,1,100,2.956529
65616,8079,1,EL,1,100,-19128.000000
65609,8080,1,T1,1,100,25.098
65624,8081,1,TH,1,100,23.710
65630,8082,2,AX,1,100,-1.060,-1.066
65630,8083,2,AY,1,100,0.238,0.238
65630,8084,2,AZ,1,100,0.011,0.009
65630,8085,2,GX,1,100,-0.366,-0.397
65630,8086,2,GY,1,100,-0.153,-0.214
65630,8087,2,GZ,1,100,-0.122,-0.061
65630,8088,2,MX,1,100,96,95
65630,8089,2,MY,1,100,-37,-38
65630,8090,2,MZ,1,100,-4,-4
65724,8091,2,PI,1,100,173687,173760
65724,8092,2,PR,1,100,149348,149370
65724,8093,2,PG,1,100,11326,11328
65750,8094,2,EA,1,100,2.956529,2.956529
65750,8095,2,EL,1,100,-19128.000000,-19128.000000
65743,8096,1,T1,1,100,25.043
65758,8097,1,TH,1,100,23.710
65750,8098,3,AX,1,100,-1.062,-1.060,-1.070
65750,8099,3,AY,1,100,0.238,0.247,0.247
65750,8100,3,AZ,1,100,0.012,0.007,0.012
65750,8101,3,GX,1,100,-0.153,-0.397,-0.824
65750,8102,3,GY,1,100,-0.031,-0.244,-0.122
65750,8103,3,GZ,1,100,0.305,0.275,0.427
65750,8104,3,MX,1,100,96,96,96
65750,8105,3,MY,1,100,-38,-38,-38
65750,8106,3,MZ,1,100,-4,-3,-3
65805,8107,4,EM,1,100,RS,RB,2025-10-31_12-35-32-301594.csv,PS,MN
65844,8108,3,PI,1,100,173760,173747,173810
65844,8109,3,PR,1,100,149370,149374,149376
65844,8110,3,PG,1,100,11337,11323,11334
65816,8111,1,EA,1,100,2.956529
65816,8112,1,EL,1,100,-19128.000000
65857,8113,3,AX,1,100,-1.065,-1.061,-1.068
65857,8114,3,AY,1,100,0.240,0.240,0.243
65857,8115,3,AZ,1,100,0.010,0.010,0.012
65857,8116,3,GX,1,100,-0.275,-0.092,-0.641
65857,8117,3,GY,1,100,-0.061,-0.275,-0.092
65857,8118,3,GZ,1,100,-0.061,-0.122,0.092
65857,8119,3,MX,1,100,96,98,96
65857,8120,3,MY,1,100,-38,-38,-38
65857,8121,3,MZ,1,100,-5,-4,-3
65849,8122,1,BV,1,100,4.09
65849,8123,1,B%,1,100,100
65884,8124,1,BI,1,100,800
65884,8125,1,HR,1,100,73.83
65949,8126,1,SF,1,100,0.0000
65964,8127,3,PI,1,100,173889,173945,174014
65964,8128,3,PR,1,100,149393,149407,149411
65964,8129,3,PG,1,100,11337,11328,11339
65949,8130,2,EA,1,100,2.955280,2.956529
65949,8131,2,EL,1,100,-19127.800781,-19128.000000
65876,8132,1,T1,1,100,24.912
65891,8133,1,TH,1,100,23.607
65937,8134,2,AX,1,100,-1.068,-1.058
65937,8135,2,AY,1,100,0.244,0.240
65937,8136,2,AZ,1,100,0.008,0.013
65937,8137,2,GX,1,100,-0.763,-0.671
65937,8138,2,GY,1,100,0.031,-0.061
65937,8139,2,GZ,1,100,0.031,-0.275
65937,8140,2,MX,1,100,95,96
65937,8141,2,MY,1,100,-39,-38
65937,8142,2,MZ,1,100,-4,-3
66006,8143,4,EM,1,100,RS,RB,2025-10-31_12-35-32-301594.csv,PS,MN
66044,8144,2,PI,1,100,174062,174124
66044,8145,2,PR,1,100,149438,149440
66044,8146,2,PG,1,100,11343,11353
66016,8147,1,EA,1,100,2.955280
66016,8148,1,EL,1,100,-19127.800781
66009,8149,1,T1,1,100,24.997
66024,8150,1,TH,1,100,23.614
66057,8151,3,AX,1,100,-1.065,-1.067,-1.062
66057,8152,3,AY,1,100,0.242,0.245,0.242
66057,8153,3,AZ,1,100,0.010,0.010,0.011
66057,8154,3,GX,1,100,-0.702,-0.732,-0.549
66057,8155,3,GY,1,100,-0.153,-0.061,-0.092
66057,8156,3,GZ,1,100,-0.061,0.061,-0.031
66057,8157,3,MX,1,100,96,96,96
66057,8158,3,MY,1,100,-37,-38,-38
66057,8159,3,MZ,1,100,-4,-4,-3
66164,8160,3,PI,1,100,174154,174221,174261
66164,8161,3,PR,1,100,149459,149450,149479
66164,8162,3,PG,1,100,11348,11351,11352
66150,8163,2,EA,1,100,2.956529,2.956529
66150,8164,2,EL,1,100,-19128.000000,-19128.000000
66143,8165,1,T1,1,100,25.070
66157,8166,1,TH,1,100,23.539
66137,8167,2,AX,1,100,-1.063,-1.066
66137,8168,2,AY,1,100,0.240,0.240
66137,8169,2,AZ,1,100,0.009,0.010
66137,8170,2,GX,1,100,-0.488,-0.336
66137,8171,2,GY,1,100,-0.153,-0.183
66137,8172,2,GZ,1,100,-0.214,-0.153
66137,8173,2,MX,1,100,96,96
66137,8174,2,MY,1,100,-38,-37
66137,8175,2,MZ,1,100,-3,-5
66207,8176,4,EM,1,100,RS,RB,2025-10-31_12-35-32-301594.csv,PS,MN
66216,8177,1,SF,1,100,0.0000
66244,8178,2,PI,1,100,174327,174381
66244,8179,2,PR,1,100,149483,149511
66244,8180,2,PG,1,100,11367,11357
66216,8181,1,EA,1,100,2.955280
66216,8182,1,EL,1,100,-19127.800781
66257,8183,3,AX,1,100,-1.067,-1.063,-1.065
66257,8184,3,AY,1,100,0.241,0.236,0.236
66257,8185,3,AZ,1,100,0.011,0.017,0.011
66257,8186,3,GX,1,100,-0.488,-0.671,-0.702
66257,8187,3,GY,1,100,-0.214,0.061,-0.183
66257,8188,3,GZ,1,100,-0.275,0.061,-0.061
66257,8189,3,MX,1,100,96,95,96
66257,8190,3,MY,1,100,-38,-37,-38
66257,8191,3,MZ,1,100,-5,-5,-3
66364,8192,3,PI,1,100,174182,173679,173521
66364,8193,3,PR,1,100,149450,149324,149257
66364,8194,3,PG,1,100,11361,11334,11330
66349,8195,2,EA,1,100,2.956529,2.955280
66349,8196,2,EL,1,100,-19128.000000,-19127.800781
66276,8197,1,T1,1,100,25.101
66291,8198,1,TH,1,100,23.539
66337,8199,2,AX,1,100,-1.066,-1.060
66337,8200,2,AY,1,100,0.247,0.242
66337,8201,2,AZ,1,100,0.009,0.010
66337,8202,2,GX,1,100,-1.007,-0.916
66337,8203,2,GY,1,100,-0.061,0.061
66337,8204,2,GZ,1,100,0.000,-0.397
66337,8205,2,MX,1,100,96,97
66337,8206,2,MY,1,100,-38,-37
66337,8207,2,MZ,1,100,-4,-4
66408,8208,4,EM,1,100,RS,RB,2025-10-31_12-35-32-301594.csv,PS,MN
66444,8209,2,PI,1,100,173549,173528
66444,8210,2,PR,1,100,149259,149274
66444,8211,2,PG,1,100,11314,11321
66416,8212,1,EA,1,100,2.956529
66416,8213,1,EL,1,100,-19128.000000
66409,8214,1,T1,1,100,25.079
66424,8215,1,TH,1,100,23.670
66457,8216,3,AX,1,100,-1.065,-1.064,-1.066
66457,8217,3,AY,1,100,0.242,0.239,0.234
66457,8218,3,AZ,1,100,0.012,0.013,0.014
66457,8219,3,GX,1,100,-0.366,-0.366,-0.305
66457,8220,3,GY,1,100,-0.153,-0.214,-0.244
66457,8221,3,GZ,1,100,-0.244,-0.153,-0.275
66457,8222,3,MX,1,100,96,97,96
66457,8223,3,MY,1,100,-38,-38,-38
66457,8224,3,MZ,1,100,-4,-4,-4
66549,8225,1,SF,1,100,0.0000
66564,8226,3,PI,1,100,173541,173616,173647
66564,8227,3,PR,1,100,149263,149289,149297
66564,8228,3,PG,1,100,11290,11308,11305
66549,8229,2,EA,1,100,2.955280,2.956529
66549,8230,2,EL,1,100,-19127.800781,-19128.000000
66543,8231,1,T1,1,100,25.105
66557,8232,1,TH,1,100,23.670
66537,8233,2,AX,1,100,-1.062,-1.063
66537,8234,2,AY,1,100,0.235,0.241
66537,8235,2,AZ,1,100,0.016,0.007
66537,8236,2,GX,1,100,-0.458,-0.824
66537,8237,2,GY,1,100,-0.061,-0.275
66537,8238,2,GZ,1,100,-0.122,-0.092
66537,8239,2,MX,1,100,96,97
66537,8240,2,MY,1,100,-38,-38
66537,8241,2,MZ,1,100,-4,-4
66609,8242,4,EM,1,100,RS,RB,2025-10-31_12-35-32-301594.csv,PS,MN
66644,8243,2,PI,1,100,173642,173673
66644,8244,2,PR,1,100,149306,149295
66644,8245,2,PG,1,100,11304,11309
66616,8246,1,EA,1,100,2.954019
66616,8247,1,EL,1,100,-19127.599609
66644,8248,3,AX,1,100,-1.071,-1.064,-1.063
66644,8249,3,AY,1,100,0.250,0.242,0.236
66644,8250,3,AZ,1,100,0.009,0.012,0.013
66644,8251,3,GX,1,100,-0.885,-0.427,-0.244
66644,8252,3,GY,1,100,-0.214,-0.214,-0.305
66644,8253,3,GZ,1,100,0.305,-0.031,-0.580
66644,8254,3,MX,1,100,96,97,96
66644,8255,3,MY,1,100,-39,-38,-37
66644,8256,3,MZ,1,100,-3,-3,-4
66724,8257,1,BI,1,100,840
66724,8258,1,HR,1,100,73.29
66764,8259,3,PI,1,100,173719,173800,173860
66764,8260,3,PR,1,100,149299,149321,149325
66764,8261,3,PG,1,100,11301,11319,11310
66749,8262,2,EA,1,100,2.956529,2.952771
66749,8263,2,EL,1,100,-19128.000000,-19127.400391
66676,8264,1,T1,1,100,25.010
66691,8265,1,TH,1,100,23.574
66764,8266,3,AX,1,100,-1.070,-1.067,-1.062
66764,8267,3,AY,1,100,0.235,0.235,0.236
66764,8268,3,AZ,1,100,0.014,0.010,0.013
66764,8269,3,GX,1,100,-0.366,-0.702,-0.854
66764,8270,3,GY,1,100,-0.183,-0.031,-0.031
66764,8271,3,GZ,1,100,-0.275,-0.305,-0.427
66764,8272,3,MX,1,100,95,97,96
66764,8273,3,MY,1,100,-38,-37,-40
66764,8274,3,MZ,1,100,-4,-3,-4
66814,8275,4,EM,1,100,RS,RB,2025-10-31_12-35-32-301594.csv,PS,MN
66844,8276,2,PI,1,100,173921,173958
66844,8277,2,PR,1,100,149331,149339
66844,8278,2,PG,1,100,11325,11323
66816,8279,1,EA,1,100,2.954019
66816,8280,1,EL,1,100,-19127.599609
66809,8281,1,T1,1,100,25.075
66824,8282,1,TH,1,100,23.581
66844,8283,2,AX,1,100,-1.063,-1.067
66844,8284,2,AY,1,100,0.240,0.237
66844,8285,2,AZ,1,100,0.014,0.010
66844,8286,2,GX,1,100,-0.824,-0.793
66844,8287,2,GY,1,100,-0.031,0.061
66844,8288,2,GZ,1,100,-0.336,-0.092
66844,8289,2,MX,1,100,97,96
66844,8290,2,MY,1,100,-37,-39
66844,8291,2,MZ,1,100,-3,-3
66949,8292,1,SF,1,100,0.0000
66964,8293,3,PI,1,100,173995,174078,174126
66964,8294,3,PR,1,100,149365,149380,149384
66964,8295,3,PG,1,100,11324,11324,11334
66949,8296,2,EA,1,100,2.952771,2.952771
66949,8297,2,EL,1,100,-19127.400391,-19127.400391
66943,8298,1,T1,1,100,25.174
66957,8299,1,TH,1,100,23.641
66964,8300,3,AX,1,100,-1.063,-1.065,-1.068
66964,8301,3,AY,1,100,0.241,0.243,0.236
66964,8302,3,AZ,1,100,0.007,0.011,0.017
66964,8303,3,GX,1,100,-0.549,-0.305,-0.305
66964,8304,3,GY,1,100,-0.122,-0.183,-0.092
66964,8305,3,GZ,1,100,-0.061,-0.031,-0.092
66964,8306,3,MX,1,100,96,96,96
66964,8307,3,MY,1,100,-39,-38,-38
66964,8308,3,MZ,1,100,-4,-3,-5
67014,8309,4,EM,1,100,RS,RB,2025-10-31_12-35-32-301594.csv,PS,MN
67044,8310,2,PI,1,100,174178,174253
67044,8311,2,PR,1,100,149387,149417
67044,8312,2,PG,1,100,11328,11329
67016,8313,1,EA,1,100,2.950267
67016,8314,1,EL,1,100,-19127.000000
67076,8315,1,T1,1,100,25.146
67044,8316,2,AX,1,100,-1.062,-1.070
67044,8317,2,AY,1,100,0.234,0.237
67044,8318,2,AZ,1,100,0.010,0.013
67044,8319,2,GX,1,100,-0.336,-0.488
67044,8320,2,GY,1,100,-0.061,-0.183
67044,8321,2,GZ,1,100,-0.183,-0.397
67044,8322,2,MX,1,100,96,96
67044,8323,2,MY,1,100,-36,-38
67044,8324,2,MZ,1,100,-3,-3
67164,8325,3,PI,1,100,174310,174278,173780
67164,8326,3,PR,1,100,149437,149417,149276
67164,8327,3,PG,1,100,11341,11351,11327
67149,8328,2,EA,1,100,2.950267,2.950267
67149,8329,2,EL,1,100,-19127.000000,-19127.000000
67091,8330,1,TH,1,100,23.641
67164,8331,3,AX,1,100,-1.068,-1.062,-1.063
67164,8332,3,AY,1,100,0.236,0.236,0.238
67164,8333,3,AZ,1,100,0.019,0.009,0.010
67164,8334,3,GX,1,100,-0.824,-0.580,-0.732
67164,8335,3,GY,1,100,0.214,-0.244,-0.153
67164,8336,3,GZ,1,100,0.336,0.031,0.031
67164,8337,3,MX,1,100,97,96,97
67164,8338,3,MY,1,100,-38,-38,-39
67164,8339,3,MZ,1,100,-3,-4,-3
67218,8340,4,EM,1,100,RS,RB,2025-10-31_12-35-32-301594.csv,PS,MN
67216,8341,1,SF,1,100,0.0000
67244,8342,2,PI,1,100,173471,173455
67244,8343,2,PR,1,100,149190,149176
67244,8344,2,PG,1,100,11303,11297
67216,8345,1,EA,1,100,2.950267
67216,8346,1,EL,1,100,-19127.000000
67209,8347,1,T1,1,100,25.063
67224,8348,1,TH,1,100,23.681
67244,8349,2,AX,1,100,-1.064,-1.064
67244,8350,2,AY,1,100,0.237,0.243
67244,8351,2,AZ,1,100,0.014,0.011
67244,8352,2,GX,1,100,-0.671,-0.336
67244,8353,2,GY,1,100,-0.031,-0.061
67244,8354,2,GZ,1,100,-0.366,-0.061
67244,8355,2,MX,1,100,96,97
67244,8356,2,MY,1,100,-38,-38
67244,8357,2,MZ,1,100,-5,-4
67377,8358,3,PI,1,100,173456,173441,173480
67377,8359,3,PR,1,100,149183,149196,149204
67377,8360,3,PG,1,100,11301,11289,11282
67349,8361,2,EA,1,100,2.951512,2.950267
67349,8362,2,EL,1,100,-19127.199219,-19127.000000
67343,8363,1,T1,1,100,25.169
67357,8364,1,TH,1,100,23.681
67363,8365,3,AX,1,100,-1.066,-1.070,-1.063
67363,8366,3,AY,1,100,0.235,0.240,0.236
67363,8367,3,AZ,1,100,0.014,0.008,0.009
67363,8368,3,GX,1,100,-0.275,-0.214,0.244
67363,8369,3,GY,1,100,-0.153,-0.183,0.000
67363,8370,3,GZ,1,100,0.031,0.000,0.336
67363,8371,3,MX,1,100,96,96,96
67363,8372,3,MY,1,100,-39,-38,-38
67363,8373,3,MZ,1,100,-3,-5,-3
67419,8374,4,EM,1,100,RS,RB,2025-10-31_12-35-32-301594.csv,PS,MN
67457,8375,2,PI,1,100,173538,173572
67457,8376,2,PR,1,100,149177,149222
67457,8377,2,PG,1,100,11291,11277
67483,8378,2,EA,1,100,2.950267,2.950267
67483,8379,2,EL,1,100,-19127.000000,-19127.000000
67476,8380,1,T1,1,100,25.215
67491,8381,1,TH,1,100,23.588
67470,8382,3,AX,1,100,-1.063,-1.071,-1.069
67470,8383,3,AY,1,100,0.237,0.243,0.234
67470,8384,3,AZ,1,100,0.014,0.009,0.016
67470,8385,3,GX,1,100,0.061,-0.275,0.427
67470,8386,3,GY,1,100,-0.183,-0.031,0.061
67470,8387,3,GZ,1,100,0.336,0.793,0.519
67470,8388,3,MX,1,100,96,96,96
67470,8389,3,MY,1,100,-39,-40,-37
67470,8390,3,MZ,1,100,-4,-4,-5
67577,8391,1,BI,1,100,840
67577,8392,1,HR,1,100,72.88
67549,8393,1,SF,1,100,0.0000
67577,8394,3,PI,1,100,173592,173635,173709
67577,8395,3,PR,1,100,149217,149208,149231
67577,8396,3,PG,1,100,11281,11292,11298
67549,8397,1,EA,1,100,2.950267
67549,8398,1,EL,1,100,-19127.000000
67550,8399,2,AX,1,100,-1.065,-1.073
67550,8400,2,AY,1,100,0.233,0.233
67550,8401,2,AZ,1,100,0.017,0.016
67550,8402,2,GX,1,100,0.336,-0.092
67550,8403,2,GY,1,100,0.214,0.519
67550,8404,2,GZ,1,100,0.519,0.488
67550,8405,2,MX,1,100,96,96
67550,8406,2,MY,1,100,-37,-37
67550,8407,2,MZ,1,100,-5,-4
67620,8408,4,EM,1,100,RS,RB,2025-10-31_12-35-32-301594.csv,PS,MN
67657,8409,2,PI,1,100,173789,173833
67657,8410,2,PR,1,100,149251,149270
67657,8411,2,PG,1,100,11281,11314
67683,8412,2,EA,1,100,2.950267,2.950267
67683,8413,2,EL,1,100,-19127.000000,-19127.000000
67609,8414,1,T1,1,100,25.164
67624,8415,1,TH,1,100,23.588
67670,8416,3,AX,1,100,-1.071,-1.060,-1.062
67670,8417,3,AY,1,100,0.236,0.236,0.240
67670,8418,3,AZ,1,100,0.012,0.008,0.006
67670,8419,3,GX,1,100,-0.610,-1.160,-1.373
67670,8420,3,GY,1,100,0.824,0.854,0.610
67670,8421,3,GZ,1,100,0.305,-0.122,-0.336
67670,8422,3,MX,1,100,97,96,96
67670,8423,3,MY,1,100,-38,-39,-38
67670,8424,3,MZ,1,100,-5,-4,-4
67777,8425,3,PI,1,100,173892,173927,173964
67777,8426,3,PR,1,100,149284,149292,149307
67777,8427,3,PG,1,100,11321,11300,11317
67749,8428,1,EA,1,100,2.950267
67749,8429,1,EL,1,100,-19127.000000
67742,8430,1,T1,1,100,25.177
67757,8431,1,TH,1,100,23.713
67750,8432,2,AX,1,100,-1.059,-1.054
67750,8433,2,AY,1,100,0.241,0.235
67750,8434,2,AZ,1,100,0.003,0.006
67750,8435,2,GX,1,100,-1.556,-1.251
67750,8436,2,GY,1,100,0.397,-0.153
67750,8437,2,GZ,1,100,-0.519,-0.549
67750,8438,2,MX,1,100,97,96
67750,8439,2,MY,1,100,-37,-40
67750,8440,2,MZ,1,100,-3,-4
67823,8441,4,EM,1,100,RS,RB,2025-10-31_12-35-32-301594.csv,PS,MN
67883,8442,1,SF,1,100,0.0000
67857,8443,2,PI,1,100,174047,174098
67857,8444,2,PR,1,100,149309,149314
67857,8445,2,PG,1,100,11303,11316
67883,8446,2,EA,1,100,2.950267,2.950267
67883,8447,2,EL,1,100,-19127.000000,-19127.000000
67876,8448,1,T1,1,100,25.219
67891,8449,1,TH,1,100,23.720
67870,8450,3,AX,1,100,-1.058,-1.078,-1.073
67870,8451,3,AY,1,100,0.241,0.242,0.233
67870,8452,3,AZ,1,100,0.008,0.011,0.016
67870,8453,3,GX,1,100,-0.854,-0.885,-0.549
67870,8454,3,GY,1,100,-0.885,-1.038,-0.793
67870,8455,3,GZ,1,100,-0.488,-0.183,-0.458
67870,8456,3,MX,1,100,96,97,96
67870,8457,3,MY,1,100,-37,-40,-39
67870,8458,3,MZ,1,100,-4,-4,-4
67977,8459,3,PI,1,100,174160,174184,174250
67977,8460,3,PR,1,100,149334,149343,149373
67977,8461,3,PG,1,100,11321,11315,11331
67949,8462,1,EA,1,100,2.950267
67949,8463,1,EL,1,100,-19127.000000
67950,8464,2,AX,1,100,-1.055,-1.067
67950,8465,2,AY,1,100,0.230,0.238
67950,8466,2,AZ,1,100,0.009,0.010
67950,8467,2,GX,1,100,-0.488,-0.763
67950,8468,2,GY,1,100,-0.854,-0.885
67950,8469,2,GZ,1,100,-0.763,-0.610
67950,8470,2,MX,1,100,96,96
67950,8471,2,MY,1,100,-38,-38
67950,8472,2,MZ,1,100,-4,-3
68026,8473,4,EM,1,100,RS,RB,2025-10-31_12-35-32-301594.csv,PS,MN
68057,8474,2,PI,1,100,174300,173998
68057,8475,2,PR,1,100,149372,149298
68057,8476,2,PG,1,100,11329,11320
68083,8477,2,EA,1,100,2.950267,2.950267
68083,8478,2,EL,1,100,-19127.000000,-19127.000000
68009,8479,1,T1,1,100,25.165
68024,8480,1,TH,1,100,23.650
68070,8481,3,AX,1,100,-1.068,-1.062,-1.072
68070,8482,3,AY,1,100,0.240,0.241,0.235
68070,8483,3,AZ,1,100,0.010,0.005,0.016
68070,8484,3,GX,1,100,-1.129,-0.885,-0.214
68070,8485,3,GY,1,100,-0.641,-1.282,-1.373
68070,8486,3,GZ,1,100,-0.427,-1.129,-1.099
68070,8487,3,MX,1,100,97,97,96
68070,8488,3,MY,1,100,-38,-39,-38
68070,8489,3,MZ,1,100,-3,-4,-4
68177,8490,3,PI,1,100,173504,173410,173416
68177,8491,3,PR,1,100,149144,149117,149126
68177,8492,3,PG,1,100,11297,11301,11286
68149,8493,1,EA,1,100,2.950267
68149,8494,1,EL,1,100,-19127.000000
68142,8495,1,T1,1,100,25.178
68157,8496,1,TH,1,100,23.650
68190,8497,3,AX,1,100,-1.081,-1.069,-1.075
68190,8498,3,AY,1,100,0.233,0.231,0.223
68190,8499,3,AZ,1,100,0.025,0.012,0.019
68190,8500,3,GX,1,100,-0.336,-0.153,0.061
68190,8501,3,GY,1,100,-0.824,-0.397,0.061
68190,8502,3,GZ,1,100,-0.946,-0.641,-0.336
68190,8503,3,MX,1,100,96,96,96
68190,8504,3,MY,1,100,-39,-39,-39
68190,8505,3,MZ,1,100,-4,-3,-4
68227,8506,4,EM,1,100,RS,RB,2025-10-31_12-35-32-301594.csv,PS,MN
68283,8507,1,SF,1,100,0.0000
68257,8508,2,PI,1,100,173418,173439
68257,8509,2,PR,1,100,149128,149120
68257,8510,2,PG,1,100,11280,11262
68283,8511,2,EA,1,100,2.951512,2.950267
68283,8512,2,EL,1,100,-19127.199219,-19127.000000
68276,8513,1,T1,1,100,25.112
68291,8514,1,TH,1,100,23.709
68257,8515,2,AX,1,100,-1.079,-1.067
68257,8516,2,AY,1,100,0.221,0.220
68257,8517,2,AZ,1,100,0.027,0.023
68257,8518,2,GX,1,100,-0.702,-1.190
68257,8519,2,GY,1,100,1.038,1.556
68257,8520,2,GZ,1,100,-0.183,0.214
68257,8521,2,MX,1,100,96,96
68257,8522,2,MY,1,100,-39,-39
68257,8523,2,MZ,1,100,-5,-4
68377,8524,3,PI,1,100,173535,173550,173577
68377,8525,3,PR,1,100,149138,149145,149143
68377,8526,3,PG,1,100,11278,11275,11261
68349,8527,1,EA,1,100,2.950267
68349,8528,1,EL,1,100,-19127.000000
68377,8529,3,AX,1,100,-1.071,-1.069,-1.070
68377,8530,3,AY,1,100,0.235,0.247,0.247
68377,8531,3,AZ,1,100,0.011,0.005,0.000
68377,8532,3,GX,1,100,-2.258,-2.167,-1.282
68377,8533,3,GY,1,100,2.197,2.533,2.686
68377,8534,3,GZ,1,100,0.732,0.763,0.549
68377,8535,3,MX,1,100,96,96,97
68377,8536,3,MY,1,100,-39,-39,-38
68377,8537,3,MZ,1,100,-4,-4,-3
68432,8538,4,EM,1,100,RS,RB,2025-10-31_12-35-32-301594.csv,PS,MN
68457,8539,1,BI,1,100,880
68457,8540,1,HR,1,100,71.83
68497,8541,3,PI,1,100,173606,173661,173737
68497,8542,3,PR,1,100,149162,149165,149191
68497,8543,3,PG,1,100,11276,11274,11278
68483,8544,2,EA,1,100,2.951512,2.950267
68483,8545,2,EL,1,100,-19127.199219,-19127.000000
68409,8546,1,T1,1,100,25.120
68424,8547,1,TH,1,100,23.709
68497,8548,3,AX,1,100,-1.059,-1.052,-1.052
68497,8549,3,AY,1,100,0.238,0.219,0.207
68497,8550,3,AZ,1,100,-0.009,0.008,0.014
68497,8551,3,GX,1,100,-0.336,0.458,-0.214
68497,8552,3,GY,1,100,2.563,2.075,1.373
68497,8553,3,GZ,1,100,-0.214,-0.427,-0.580
68497,8554,3,MX,1,100,96,96,96
68497,8555,3,MY,1,100,-40,-39,-40
68497,8556,3,MZ,1,100,-3,-5,-4
68549,8557,1,SF,1,100,0.0000
68577,8558,2,PI,1,100,173818,173864
68577,8559,2,PR,1,100,149196,149213
68577,8560,2,PG,1,100,11276,11297
68549,8561,1,EA,1,100,2.950267
68549,8562,1,EL,1,100,-19127.000000
68542,8563,1,T1,1,100,25.123
68557,8564,1,TH,1,100,23.652
68577,8565,2,AX,1,100,-1.059,-1.061
68577,8566,2,AY,1,100,0.220,0.242
68577,8567,2,AZ,1,100,0.005,0.001
68577,8568,2,GX,1,100,-1.801,-3.479
68577,8569,2,GY,1,100,0.458,-0.275
68577,8570,2,GZ,1,100,-0.275,-0.153
68577,8571,2,MX,1,100,97,97
68577,8572,2,MY,1,100,-40,-40
68577,8573,2,MZ,1,100,-3,-3
68632,8574,4,EM,1,100,RS,RB,2025-10-31_12-35-32-301594.csv,PS,MN
68693,8575,1,TL,1,100,2025-10-31_12-35-58-324664
68698,8576,2,AK,1,100,7741,RD
68699,8577,2,RD,1,100,TL,TU
68707,8578,1,TL,1,100,2025-10-31_12-36-03-380768
68711,8579,2,AK,1,100,8577,RD
68697,8580,3,PI,1,100,173906,173930,173970
68697,8581,3,PR,1,100,149221,149225,149234
68697,8582,3,PG,1,100,11297,11283,11307
68683,8583,2,EA,1,100,2.950267,2.950267
68683,8584,2,EL,1,100,-19127.000000,-19127.000000
68676,8585,1,T1,1,100,25.195
68691,8586,1,TH,1,100,23.652
68697,8587,3,AX,1,100,-1.067,-1.061,-1.060
68697,8588,3,AY,1,100,0.246,0.241,0.236
68697,8589,3,AZ,1,100,-0.002,-0.001,0.001
68697,8590,3,GX,1,100,-3.113,-1.801,-1.160
68697,8591,3,GY,1,100,-0.793,-1.068,-1.404
68697,8592,3,GZ,1,100,-0.519,-0.458,-0.275
68697,8593,3,MX,1,100,96,96,95
68697,8594,3,MY,1,100,-38,-40,-40
68697,8595,3,MZ,1,100,-4,-3,-4
68777,8596,2,PI,1,100,174025,174055
68777,8597,2,PR,1,100,149250,149250
68777,8598,2,PG,1,100,11308,11309
68749,8599,1,EA,1,100,2.950267
68749,8600,1,EL,1,100,-19127.000000
68809,8601,1,T1,1,100,25.084
68777,8602,2,AX,1,100,-1.069,-1.076
68777,8603,2,AY,1,100,0.232,0.238
68777,8604,2,AZ,1,100,0.006,0.013
68777,8605,2,GX,1,100,-0.549,-0.214
68777,8606,2,GY,1,100,-1.709,-1.678
68777,8607,2,GZ,1,100,-0.183,-0.122
68777,8608,2,MX,1,100,95,96
68777,8609,2,MY,1,100,-39,-39
68777,8610,2,MZ,1,100,-3,-3
68847,8611,4,EM,1,100,RS,RB,2025-10-31_12-35-32-301594.csv,PS,MN
68883,8612,1,SF,1,100,0.0000
68897,8613,3,PI,1,100,174129,174166,174230
68897,8614,3,PR,1,100,149256,149294,149289
68897,8615,3,PG,1,100,11303,11309,11313
68883,8616,2,EA,1,100,2.950267,2.950267
68883,8617,2,EL,1,100,-19127.000000,-19127.000000
68824,8618,1,TH,1,100,23.697
68897,8619,3,AX,1,100,-1.078,-1.075,-1.081
68897,8620,3,AY,1,100,0.239,0.225,0.211
68897,8621,3,AZ,1,100,0.010,0.015,0.021
68897,8622,3,GX,1,100,0.305,1.312,1.343
68897,8623,3,GY,1,100,-1.465,-0.641,0.153
68897,8624,3,GZ,1,100,-0.031,0.519,0.702
68897,8625,3,MX,1,100,97,96,96
68897,8626,3,MY,1,100,-39,-38,-40
68897,8627,3,MZ,1,100,-4,-4,-3
69017,8628,3,PI,1,100,173868,173467,173411
69017,8629,3,PR,1,100,149204,149079,149074
69017,8630,3,PG,1,100,11311,11271,11258
69016,8631,2,EA,1,100,2.950267,2.951512
69016,8632,2,EL,1,100,-19127.000000,-19127.199219
68942,8633,1,T1,1,100,25.178
68957,8634,1,TH,1,100,23.704
69017,8635,3,AX,1,100,-1.081,-1.083,-1.068
69017,8636,3,AY,1,100,0.214,0.230,0.224
69017,8637,3,AZ,1,100,0.015,0.018,0.011
69017,8638,3,GX,1,100,0.122,-1.160,-1.770
69017,8639,3,GY,1,100,0.916,2.167,2.960
69017,8640,3,GZ,1,100,0.122,0.427,0.031
69017,8641,3,MX,1,100,96,97,96
69017,8642,3,MY,1,100,-39,-39,-39
69017,8643,3,MZ,1,100,-3,-5,-3
69049,8644,4,EM,1,100,RS,RB,2025-10-31_12-35-32-301594.csv,PS,MN
69097,8645,2,PI,1,100,173446,173424
69097,8646,2,PR,1,100,149072,149062
69097,8647,2,PG,1,100,11270,11255
69083,8648,1,EA,1,100,2.951512
69083,8649,1,EL,1,100,-19127.199219
69076,8650,1,T1,1,100,25.148
69091,8651,1,TH,1,100,23.659
69083,8652,2,AX,1,100,-1.054,-1.056
69083,8653,2,AY,1,100,0.223,0.238
69083,8654,2,AZ,1,100,-0.005,-0.009
69083,8655,2,GX,1,100,-2.350,-3.082
69083,8656,2,GY,1,100,3.143,2.899
69083,8657,2,GZ,1,100,-0.397,-0.458
69083,8658,2,MX,1,100,96,96
69083,8659,2,MY,1,100,-38,-39
69083,8660,2,MZ,1,100,-3,-3
69216,8661,1,SF,1,100,0.0000
69217,8662,3,PI,1,100,173415,173514,173531
69217,8663,3,PR,1,100,149067,149090,149087
69217,8664,3,PG,1,100,11263,11246,11260
69216,8665,2,EA,1,100,2.950267,2.950267
69216,8666,2,EL,1,100,-19127.000000,-19127.000000
69209,8667,1,T1,1,100,25.064
69224,8668,1,TH,1,100,23.659
69203,8669,3,AX,1,100,-1.066,-1.054,-1.044
69203,8670,3,AY,1,100,0.240,0.230,0.227
69203,8671,3,AZ,1,100,-0.004,-0.001,-0.006
69203,8672,3,GX,1,100,-2.838,-2.319,-2.228
69203,8673,3,GY,1,100,2.350,1.526,0.763
69203,8674,3,GZ,1,100,-0.946,-1.282,-0.458
69203,8675,3,MX,1,100,96,97,97
69203,8676,3,MY,1,100,-39,-40,-40
69203,8677,3,MZ,1,100,-3,-2,-3
69259,8678,4,EM,1,100,RS,RB,2025-10-31_12-35-32-301594.csv,PS,MN
69297,8679,2,PI,1,100,173536,173548
69297,8680,2,PR,1,100,149067,149094
69297,8681,2,PG,1,100,11256,11247
69282,8682,1,EA,1,100,2.951512
69282,8683,1,EL,1,100,-19127.199219
69323,8684,3,AX,1,100,-1.057,-1.072,-1.057
69323,8685,3,AY,1,100,0.248,0.248,0.232
69323,8686,3,AZ,1,100,-0.010,-0.010,-0.006
69323,8687,3,GX,1,100,-2.411,-1.251,0.488
69323,8688,3,GY,1,100,-0.336,-0.671,-1.160
69323,8689,3,GZ,1,100,-0.092,0.580,0.061
69323,8690,3,MX,1,100,96,97,97
69323,8691,3,MY,1,100,-40,-40,-39
69323,8692,3,MZ,1,100,-3,-3,-3
69377,8693,1,BI,1,100,920
69377,8694,1,HR,1,100,70.36
69417,8695,3,PI,1,100,173628,173676,173710
69417,8696,3,PR,1,100,149104,149109,149124
69417,8697,3,PG,1,100,11259,11260,11250
69416,8698,2,EA,1,100,2.950267,2.951512
69416,8699,2,EL,1,100,-19127.000000,-19127.199219
69342,8700,1,T1,1,100,25.099
69357,8701,1,TH,1,100,23.726
69403,8702,2,AX,1,100,-1.054,-1.074
69403,8703,2,AY,1,100,0.226,0.221
69403,8704,2,AZ,1,100,0.005,0.004
69403,8705,2,GX,1,100,0.854,0.397
69403,8706,2,GY,1,100,-1.831,-2.106
69403,8707,2,GZ,1,100,-0.214,0.122
69403,8708,2,MX,1,100,96,97
69403,8709,2,MY,1,100,-40,-41
69403,8710,2,MZ,1,100,-2,-3
69460,8711,4,EM,1,100,RS,RB,2025-10-31_12-35-32-301594.csv,PS,MN
69497,8712,2,PI,1,100,173776,173824
69497,8713,2,PR,1,100,149148,149139
69497,8714,2,PG,1,100,11268,11275
69482,8715,1,EA,1,100,2.950267
69482,8716,1,EL,1,100,-19127.000000
69476,8717,1,T1,1,100,25.185
69490,8718,1,TH,1,100,23.726
69523,8719,3,AX,1,100,-1.083,-1.077,-1.081
69523,8720,3,AY,1,100,0.231,0.235,0.223
69523,8721,3,AZ,1,100,0.009,0.006,0.009
69523,8722,3,GX,1,100,0.153,-0.031,0.336
69523,8723,3,GY,1,100,-2.014,-1.495,-0.732
69523,8724,3,GZ,1,100,0.214,0.336,0.427
69523,8725,3,MX,1,100,96,96,97
69523,8726,3,MY,1,100,-38,-40,-40
69523,8727,3,MZ,1,100,-3,-3,-3
69616,8728,1,SF,1,100,0.0000
69617,8729,3,PI,1,100,173861,173919,174018
69617,8730,3,PR,1,100,149155,149175,149178
69617,8731,3,PG,1,100,11278,11270,11278
69616,8732,2,EA,1,100,2.950267,2.950267
69616,8733,2,EL,1,100,-19127.000000,-19127.000000
69609,8734,1,T1,1,100,25.151
69624,8735,1,TH,1,100,23.624
69603,8736,2,AX,1,100,-1.086,-1.056
69603,8737,2,AY,1,100,0.206,0.204
69603,8738,2,AZ,1,100,0.021,0.007
69603,8739,2,GX,1,100,0.153,-0.885
69603,8740,2,GY,1,100,0.702,1.343
69603,8741,2,GZ,1,100,0.244,0.031
69603,8742,2,MX,1,100,96,97
69603,8743,2,MY,1,100,-40,-40
69603,8744,2,MZ,1,100,-2,-3
69661,8745,4,EM,1,100,RS,RB,2025-10-31_12-35-32-301594.csv,PS,MN
69710,8746,2,PI,1,100,174107,174180
69710,8747,2,PR,1,100,149199,149223
69710,8748,2,PG,1,100,11298,11289
69682,8749,1,EA,1,100,2.950267
69682,8750,1,EL,1,100,-19127.000000
69723,8751,3,AX,1,100,-1.064,-1.069,-1.074
69723,8752,3,AY,1,100,0.235,0.258,0.254
69723,8753,3,AZ,1,100,-0.004,-0.001,-0.008
69723,8754,3,GX,1,100,-1.404,-1.312,-0.092
69723,8755,3,GY,1,100,1.953,2.960,2.411
69723,8756,3,GZ,1,100,1.160,3.235,2.380
69723,8757,3,MX,1,100,97,97,97
69723,8758,3,MY,1,100,-40,-40,-39
69723,8759,3,MZ,1,100,-3,-3,-3
69830,8760,3,PI,1,100,174094,173595,173363
69830,8761,3,PR,1,100,149200,149064,148993
69830,8762,3,PG,1,100,11296,11261,11255
69816,8763,2,EA,1,100,2.950267,2.950267
69816,8764,2,EL,1,100,-19127.000000,-19127.000000
69742,8765,1,T1,1,100,25.136
69757,8766,1,TH,1,100,23.631
69803,8767,2,AX,1,100,-1.069,-1.061
69803,8768,2,AY,1,100,0.245,0.228
69803,8769,2,AZ,1,100,-0.021,0.000
69803,8770,2,GX,1,100,1.343,1.465
69803,8771,2,GY,1,100,2.350,2.289
69803,8772,2,GZ,1,100,1.495,-0.275
69803,8773,2,MX,1,100,97,97
69803,8774,2,MY,1,100,-38,-40
69803,8775,2,MZ,1,100,-3,-4
69867,8776,4,EM,1,100,RS,RB,2025-10-31_12-35-32-301594.csv,PS,MN
69882,8777,1,SF,1,100,0.0000
69910,8778,2,PI,1,100,173390,173389
69910,8779,2,PR,1,100,149003,149002
69910,8780,2,PG,1,100,11236,11244
69882,8781,1,EA,1,100,2.950267
69882,8782,1,EL,1,100,-19127.000000
69876,8783,1,T1,1,100,25.165
69890,8784,1,TH,1,100,23.621
69910,8785,3,AX,1,100,-1.056,-1.041,-1.054
69910,8786,3,AY,1,100,0.203,0.208,0.245
69910,8787,3,AZ,1,100,0.011,-0.006,-0.015
69910,8788,3,GX,1,100,0.702,-1.343,-3.387
69910,8789,3,GY,1,100,1.648,0.916,-0.519
69910,8790,3,GZ,1,100,-1.190,-0.946,-0.763
69910,8791,3,MX,1,100,96,96,96
69910,8792,3,MY,1,100,-40,-40,-39
69910,8793,3,MZ,1,100,-3,-4,-4
70030,8794,3,PI,1,100,173370,173421,173458
70030,8795,3,PR,1,100,149002,149000,149027
70030,8796,3,PG,1,100,11226,11232,11231
70016,8797,2,EA,1,100,2.950267,2.950267
70016,8798,2,EL,1,100,-19127.000000,-19127.000000
70009,8799,1,T1,1,100,25.249
70024,8800,1,TH,1,100,23.621
70030,8801,3,AX,1,100,-1.063,-1.053,-1.054
70030,8802,3,AY,1,100,0.256,0.255,0.242
70030,8803,3,AZ,1,100,-0.016,-0.020,-0.010
70030,8804,3,GX,1,100,-3.174,-1.404,0.244
70030,8805,3,GY,1,100,-1.190,-2.014,-2.869
70030,8806,3,GZ,1,100,-0.305,-0.305,0.092
70030,8807,3,MX,1,100,97,96,97
70030,8808,3,MY,1,100,-40,-39,-38
70030,8809,3,MZ,1,100,-3,-3,-3
70067,8810,4,EM,1,100,RS,RB,2025-10-31_12-35-32-301594.csv,PS,MN
70110,8811,2,PI,1,100,173441,173470
70110,8812,2,PR,1,100,149022,149011
70110,8813,2,PG,1,100,11224,11225
70082,8814,1,EA,1,100,2.950267
70082,8815,1,EL,1,100,-19127.000000
70110,8816,2,AX,1,100,-1.074,-1.085
70110,8817,2,AY,1,100,0.229,0.225
70110,8818,2,AZ,1,100,0.001,0.014
70110,8819,2,GX,1,100,1.007,1.129
70110,8820,2,GY,1,100,-3.082,-2.991
70110,8821,2,GZ,1,100,0.183,0.366
70110,8822,2,MX,1,100,97,97
70110,8823,2,MY,1,100,-40,-40
70110,8824,2,MZ,1,100,-2,-3
70230,8825,1,BI,1,100,840
70230,8826,1,HR,1,100,70.60
70216,8827,1,SF,1,100,0.0000
70230,8828,3,PI,1,100,173516,173594,173655
70230,8829,3,PR,1,100,149027,149050,149046
70230,8830,3,PG,1,100,11223,11242,11240
70216,8831,2,EA,1,100,2.950267,2.950267
70216,8832,2,EL,1,100,-19127.000000,-19127.000000
70142,8833,1,T1,1,100,25.179
70157,8834,1,TH,1,100,23.675
70230,8835,3,AX,1,100,-1.087,-1.091,-1.082
70230,8836,3,AY,1,100,0.227,0.220,0.209
70230,8837,3,AZ,1,100,0.013,0.018,0.014
70230,8838,3,GX,1,100,0.763,0.153,-0.427
70230,8839,3,GY,1,100,-2.289,-0.793,0.397
70230,8840,3,GZ,1,100,0.549,1.038,-0.427
70230,8841,3,MX,1,100,97,97,97
70230,8842,3,MY,1,100,-38,-39,-40
70230,8843,3,MZ,1,100,-3,-3,-3
70273,8844,4,EM,1,100,RS,RB,2025-10-31_12-35-32-301594.csv,PS,MN
70310,8845,2,PI,1,100,173735,173806
70310,8846,2,PR,1,100,149058,149074
70310,8847,2,PG,1,100,11245,11239
70282,8848,1,EA,1,100,2.950267
70282,8849,1,EL,1,100,-19127.000000
70276,8850,1,T1,1,100,25.148
70290,8851,1,TH,1,100,23.675
70310,8852,2,AX,1,100,-1.057,-1.062
70310,8853,2,AY,1,100,0.238,0.249
70310,8854,2,AZ,1,100,0.003,-0.008
70310,8855,2,GX,1,100,-1.587,-1.740
70310,8856,2,GY,1,100,1.587,2.228
70310,8857,2,GZ,1,100,-0.580,0.610
70310,8858,2,MX,1,100,97,96
70310,8859,2,MY,1,100,-39,-40
70310,8860,2,MZ,1,100,-3,-3
70430,8861,3,PI,1,100,173874,173939,174008
70430,8862,3,PR,1,100,149098,149123,149126
70430,8863,3,PG,1,100,11243,11252,11261
70416,8864,2,EA,1,100,2.950267,2.950267
70416,8865,2,EL,1,100,-19127.000000,-19127.000000
70409,8866,1,T1,1,100,25.206
70424,8867,1,TH,1,100,23.583
70430,8868,3,AX,1,100,-1.058,-1.060,-1.067
70430,8869,3,AY,1,100,0.259,0.251,0.226
70430,8870,3,AZ,1,100,-0.013,-0.018,-0.005
70430,8871,3,GX,1,100,-0.275,1.770,3.143
70430,8872,3,GY,1,100,2.502,2.289,1.862
70430,8873,3,GZ,1,100,1.251,1.923,1.495
70430,8874,3,MX,1,100,97,97,96
70430,8875,3,MY,1,100,-39,-40,-40
70430,8876,3,MZ,1,100,-4,-4,-4
70480,8877,4,EM,1,100,RS,RB,2025-10-31_12-35-32-301594.csv,PS,MN
70510,8878,2,PI,1,100,174069,173842
70510,8879,2,PR,1,100,149151,149093
70510,8880,2,PG,1,100,11260,11270
70482,8881,1,EA,1,100,2.950267
70482,8882,1,EL,1,100,-19127.000000
70510,8883,2,AX,1,100,-1.048,-1.046
70510,8884,2,AY,1,100,0.200,0.214
70510,8885,2,AZ,1,100,0.005,-0.004
70510,8886,2,GX,1,100,2.350,0.061
70510,8887,2,GY,1,100,1.251,-0.122
70510,8888,2,GZ,1,100,0.763,0.244
70510,8889,2,MX,1,100,96,97
70510,8890,2,MY,1,100,-38,-41
70510,8891,2,MZ,1,100,-5,-3
70616,8892,1,SF,1,100,0.0000
70630,8893,3,PI,1,100,173395,173287,173282
70630,8894,3,PR,1,100,148964,148916,148943
70630,8895,3,PG,1,100,11244,11225,11208
70616,8896,2,EA,1,100,2.950267,2.950267
70616,8897,2,EL,1,100,-19127.000000,-19127.000000
70542,8898,1,T1,1,100,25.160
70557,8899,1,TH,1,100,23.583
70630,8900,3,AX,1,100,-1.065,-1.074,-1.056
70630,8901,3,AY,1,100,0.245,0.259,0.255
70630,8902,3,AZ,1,100,-0.004,-0.008,-0.020
70630,8903,3,GX,1,100,-2.319,-2.563,-1.282
70630,8904,3,GY,1,100,-0.946,-1.434,-1.892
70630,8905,3,GZ,1,100,0.336,0.000,-0.183
70630,8906,3,MX,1,100,97,96,97
70630,8907,3,MY,1,100,-39,-40,-40
70630,8908,3,MZ,1,100,-4,-3,-4
70684,8909,4,EM,1,100,RS,RB,2025-10-31_12-35-32-301594.csv,PS,MN
70710,8910,2,PI,1,100,173310,173321
70710,8911,2,PR,1,100,148934,148929
70710,8912,2,PG,1,100,11207,11208
70682,8913,1,EA,1,100,2.950267
70682,8914,1,EL,1,100,-19127.000000
70676,8915,1,T1,1,100,25.211
70690,8916,1,TH,1,100,23.789
70736,8917,3,AX,1,100,-1.044,-1.058,-1.089
70736,8918,3,AY,1,100,0.238,0.229,0.240
70736,8919,3,AZ,1,100,-0.007,0.008,0.014
70736,8920,3,GX,1,100,-0.092,0.580,0.336
70736,8921,3,GY,1,100,-2.747,-3.265,-3.174
70736,8922,3,GZ,1,100,-1.282,-0.916,0.702
70736,8923,3,MX,1,100,96,96,97
70736,8924,3,MY,1,100,-38,-39,-39
70736,8925,3,MZ,1,100,-3,-4,-4
70830,8926,3,PI,1,100,173379,173410,173414
70830,8927,3,PR,1,100,148950,148971,148970
70830,8928,3,PG,1,100,11199,11202,11204
70816,8929,2,EA,1,100,2.950267,2.950267
70816,8930,2,EL,1,100,-19127.000000,-19127.000000
70809,8931,1,T1,1,100,25.304
70824,8932,1,TH,1,100,23.796
70816,8933,2,AX,1,100,-1.093,-1.080
70816,8934,2,AY,1,100,0.238,0.221
70816,8935,2,AZ,1,100,0.005,0.014
70816,8936,2,GX,1,100,0.519,0.580
70816,8937,2,GY,1,100,-2.411,-1.160
70816,8938,2,GZ,1,100,1.312,0.000
70816,8939,2,MX,1,100,97,96
70816,8940,2,MY,1,100,-40,-39
70816,8941,2,MZ,1,100,-3,-4
70884,8942,4,EM,1,100,RS,RB,2025-10-31_12-35-32-301594.csv,PS,MN
70910,8943,1,BI,1,100,680
70910,8944,1,HR,1,100,74.52
70882,8945,1,SF,1,100,0.0000
70910,8946,2,PI,1,100,173453,173547
70910,8947,2,PR,1,100,148959,148990
70910,8948,2,PG,1,100,11201,11199
70882,8949,1,EA,1,100,2.950267
70882,8950,1,EL,1,100,-19127.000000
70942,8951,1,T1,1,100,25.238
70936,8952,3,AX,1,100,-1.061,-1.069,-1.080
70936,8953,3,AY,1,100,0.219,0.242,0.251
70936,8954,3,AZ,1,100,0.021,-0.003,-0.000
70936,8955,3,GX,1,100,0.000,-0.885,-0.610
70936,8956,3,GY,1,100,-0.061,0.702,1.770
70936,8957,3,GZ,1,100,-0.488,0.641,1.770
70936,8958,3,MX,1,100,96,97,97
70936,8959,3,MY,1,100,-38,-39,-40
70936,8960,3,MZ,1,100,-3,-2,-4
70848,8961,1,BV,1,100,4.10
70848,8962,1,B%,1,100,100
71030,8963,3,PI,1,100,173640,173734,173782
71030,8964,3,PR,1,100,149017,149032,149035
71030,8965,3,PG,1,100,11204,11227,11230
71016,8966,2,EA,1,100,2.950267,2.950267
71016,8967,2,EL,1,100,-19127.000000,-19127.000000
70957,8968,1,TH,1,100,23.700
71016,8969,2,AX,1,100,-1.077,-1.072
71016,8970,2,AY,1,100,0.256,0.238
71016,8971,2,AZ,1,100,-0.003,-0.003
71016,8972,2,GX,1,100,0.519,1.862
71016,8973,2,GY,1,100,2.472,3.052
71016,8974,2,GZ,1,100,1.709,0.977
71016,8975,2,MX,1,100,97,96
71016,8976,2,MY,1,100,-39,-38
71016,8977,2,MZ,1,100,-5,-3
71085,8978,4,EM,1,100,RS,RB,2025-10-31_12-35-32-301594.csv,PS,MN
71150,8979,3,PI,1,100,173839,173904,173991
71150,8980,3,PR,1,100,149049,149065,149087
71150,8981,3,PG,1,100,11232,11235,11242
71149,8982,2,EA,1,100,2.950267,2.950267
71149,8983,2,EL,1,100,-19127.000000,-19127.000000
71075,8984,1,T1,1,100,25.209
71090,8985,1,TH,1,100,23.700
71136,8986,3,AX,1,100,-1.058,-1.061,-1.044
71136,8987,3,AY,1,100,0.222,0.206,0.208
71136,8988,3,AZ,1,100,0.004,0.007,-0.007
71136,8989,3,GX,1,100,1.862,0.427,-1.648
71136,8990,3,GY,1,100,3.296,3.021,2.594
71136,8991,3,GZ,1,100,0.092,-0.305,-0.214
71136,8992,3,MX,1,100,96,96,97
71136,8993,3,MY,1,100,-39,-40,-40
71136,8994,3,MZ,1,100,-4,-4,-5
71216,8995,1,SF,1,100,0.0000
71230,8996,2,PI,1,100,174025,173723
71230,8997,2,PR,1,100,149082,149037
71230,8998,2,PG,1,100,11239,11230
71216,8999,1,EA,1,100,2.950267
71216,9000,1,EL,1,100,-19127.000000
71209,9001,1,T1,1,100,25.303
71224,9002,1,TH,1,100,23.626
71216,9003,2,AX,1,100,-1.031,-1.044
71216,9004,2,AY,1,100,0.252,0.280
71216,9005,2,AZ,1,100,-0.022,-0.030
71216,9006,2,GX,1,100,-4.059,-4.608
71216,9007,2,GY,1,100,0.824,-1.434
71216,9008,2,GZ,1,100,-0.244,-0.214
71216,9009,2,MX,1,100,96,96
71216,9010,2,MY,1,100,-40,-40
71216,9011,2,MZ,1,100,-3,-3
71286,9012,4,EM,1,100,RS,RB,2025-10-31_12-35-32-301594.csv,PS,MN
71350,9013,3,PI,1,100,173290,173210,173242
71350,9014,3,PR,1,100,148917,148874,148888
71350,9015,3,PG,1,100,11204,11195,11197
71349,9016,2,EA,1,100,2.950267,2.949022
71349,9017,2,EL,1,100,-19127.000000,-19126.800781
71342,9018,1,T1,1,100,25.309
71357,9019,1,TH,1,100,23.626
71336,9020,3,AX,1,100,-1.068,-1.068,-1.064
71336,9021,3,AY,1,100,0.275,0.239,0.209
71336,9022,3,AZ,1,100,-0.021,-0.000,0.009
71336,9023,3,GX,1,100,-1.801,1.007,1.831
71336,9024,3,GY,1,100,-2.533,-3.326,-3.815
71336,9025,3,GZ,1,100,0.092,0.000,-0.916
71336,9026,3,MX,1,100,97,96,97
71336,9027,3,MY,1,100,-40,-40,-40
71336,9028,3,MZ,1,100,-4,-4,-3
71430,9029,2,PI,1,100,173262,173287
71430,9030,2,PR,1,100,148882,148885
71430,9031,2,PG,1,100,11180,11191
71416,9032,1,EA,1,100,2.950267
71416,9033,1,EL,1,100,-19127.000000
71416,9034,2,AX,1,100,-1.062,-1.078
71416,9035,2,AY,1,100,0.216,0.242
71416,9036,2,AZ,1,100,0.019,0.006
71416,9037,2,GX,1,100,0.763,-0.641
71416,9038,2,GY,1,100,-3.693,-3.021
71416,9039,2,GZ,1,100,-0.916,0.885
71416,9040,2,MX,1,100,97,97
71416,9041,2,MY,1,100,-39,-39
71416,9042,2,MZ,1,100,-3,-5
71487,9043,4,EM,1,100,RS,RB,2025-10-31_12-35-32-301594.csv,PS,MN
71549,9044,1,SF,1,100,0.0000
71550,9045,3,PI,1,100,173366,173375,173387
71550,9046,3,PR,1,100,148898,148922,148899
71550,9047,3,PG,1,100,11180,11173,11185
71549,9048,2,EA,1,100,2.950267,2.950267
71549,9049,2,EL,1,100,-19127.000000,-19127.000000
71476,9050,1,T1,1,100,25.346
71490,9051,1,TH,1,100,23.762
71523,9052,3,AX,1,100,-1.101,-1.085,-1.065
71523,9053,3,AY,1,100,0.260,0.230,0.222
71523,9054,3,AZ,1,100,0.003,0.014,0.014
71523,9055,3,GX,1,100,-0.488,0.366,0.092
71523,9056,3,GY,1,100,-1.923,-0.427,0.610
71523,9057,3,GZ,1,100,1.831,1.160,-0.397
71523,9058,3,MX,1,100,97,98,97
71523,9059,3,MY,1,100,-40,-40,-41
71523,9060,3,MZ,1,100,-3,-4,-4
71630,9061,1,BI,1,100,720
71630,9062,1,HR,1,100,76.48
71630,9063,2,PI,1,100,173473,173556
71630,9064,2,PR,1,100,148927,148932
71630,9065,2,PG,1,100,11191,11193
71616,9066,1,EA,1,100,2.950267
71616,9067,1,EL,1,100,-19127.000000
71609,9068,1,T1,1,100,25.292
71624,9069,1,TH,1,100,23.762
71643,9070,3,AX,1,100,-1.065,-1.071,-1.076
71643,9071,3,AY,1,100,0.234,0.245,0.255
71643,9072,3,AZ,1,100,0.001,0.006,-0.000
71643,9073,3,GX,1,100,-0.397,-0.122,-0.214
71643,9074,3,GY,1,100,1.801,2.594,3.326
71643,9075,3,GZ,1,100,0.519,1.465,1.617
71643,9076,3,MX,1,100,97,96,96
71643,9077,3,MY,1,100,-38,-40,-40
71643,9078,3,MZ,1,100,-5,-4,-4
71688,9079,4,EM,1,100,RS,RB,2025-10-31_12-35-32-301594.csv,PS,MN
71750,9080,3,PI,1,100,173640,173711,173782
71750,9081,3,PR,1,100,148973,148995,149005
71750,9082,3,PG,1,100,11188,11200,11199
71749,9083,2,EA,1,100,2.950267,2.950267
71749,9084,2,EL,1,100,-19127.000000,-19127.000000
71742,9085,1,T1,1,100,25.197
71757,9086,1,TH,1,100,23.746
71723,9087,2,AX,1,100,-1.085,-1.046
71723,9088,2,AY,1,100,0.232,0.211
71723,9089,2,AZ,1,100,-0.002,-0.005
71723,9090,2,GX,1,100,0.244,0.366
71723,9091,2,GY,1,100,3.143,3.723
71723,9092,2,GZ,1,100,-0.397,-1.343
71723,9093,2,MX,1,100,96,97
71723,9094,2,MY,1,100,-39,-40
71723,9095,2,MZ,1,100,-5,-4
71830,9096,2,PI,1,100,173820,173861
71830,9097,2,PR,1,100,149017,149014
71830,9098,2,PG,1,100,11195,11195
71816,9099,1,EA,1,100,2.950267
71816,9100,1,EL,1,100,-19127.000000
71843,9101,3,AX,1,100,-1.030,-1.039,-1.062
71843,9102,3,AY,1,100,0.206,0.258,0.274
71843,9103,3,AZ,1,100,-0.005,-0.030,-0.020
71843,9104,3,GX,1,100,-1.495,-3.906,-3.693
71843,9105,3,GY,1,100,2.960,1.038,-0.031
71843,9106,3,GZ,1,100,-1.404,-1.556,-0.183
71843,9107,3,MX,1,100,97,97,97
71843,9108,3,MY,1,100,-39,-40,-40
71843,9109,3,MZ,1,100,-4,-4,-4
71892,9110,4,EM,1,100,RS,RB,2025-10-31_12-35-32-301594.csv,PS,MN
71949,9111,1,SF,1,100,0.0000
71950,9112,3,PI,1,100,173895,173852,173368
71950,9113,3,PR,1,100,149044,149020,148882
71950,9114,3,PG,1,100,11221,11227,11198
71949,9115,2,EA,1,100,2.950267,2.950267
71949,9116,2,EL,1,100,-19127.000000,-19127.000000
71876,9117,1,T1,1,100,25.298
71890,9118,1,TH,1,100,23.753
71963,9119,3,AX,1,100,-1.065,-1.055,-1.059
71963,9120,3,AY,1,100,0.259,0.224,0.214
71963,9121,3,AZ,1,100,-0.013,-0.008,0.000
71963,9122,3,GX,1,100,-1.526,-0.244,-0.458
71963,9123,3,GY,1,100,-0.977,-2.075,-2.502
71963,9124,3,GZ,1,100,0.031,-0.916,-1.251
71963,9125,3,MX,1,100,97,97,97
71963,9126,3,MY,1,100,-41,-41,-40
71963,9127,3,MZ,1,100,-4,-4,-3
72030,9128,2,PI,1,100,173147,173181
72030,9129,2,PR,1,100,148816,148837
72030,9130,2,PG,1,100,11178,11161
72016,9131,1,EA,1,100,2.950267
72016,9132,1,EL,1,100,-19127.000000
72009,9133,1,T1,1,100,25.235
72024,9134,1,TH,1,100,23.742
72043,9135,2,AX,1,100,-1.070,-1.082
72043,9136,2,AY,1,100,0.238,0.262
72043,9137,2,AZ,1,100,0.003,-0.000
72043,9138,2,GX,1,100,-1.556,-1.556
72043,9139,2,GY,1,100,-2.533,-1.984
72043,9140,2,GZ,1,100,-0.824,0.732
72043,9141,2,MX,1,100,97,97
72043,9142,2,MY,1,100,-40,-40
72043,9143,2,MZ,1,100,-4,-4
72093,9144,4,EM,1,100,RS,RB,2025-10-31_12-35-32-301594.csv,PS,MN
72164,9145,3,PI,1,100,173175,173198,173298
72164,9146,3,PR,1,100,148818,148827,148864
72164,9147,3,PG,1,100,11155,11146,11149
72149,9148,2,EA,1,100,2.947767,2.947767
72149,9149,2,EL,1,100,-19126.599609,-19126.599609
72142,9150,1,T1,1,100,25.244
72157,9151,1,TH,1,100,23.742
72164,9152,3,AX,1,100,-1.090,-1.078,-1.063
72164,9153,3,AY,1,100,0.255,0.217,0.216
72164,9154,3,AZ,1,100,-0.004,0.010,0.012
72164,9155,3,GX,1,100,-0.244,1.160,0.458
72164,9156,3,GY,1,100,-1.221,0.031,0.916
72164,9157,3,GZ,1,100,0.885,-0.244,-0.458
72164,9158,3,MX,1,100,96,97,97
72164,9159,3,MY,1,100,-39,-40,-39
72164,9160,3,MZ,1,100,-3,-3,-3
72216,9161,1,SF,1,100,0.0000
72243,9162,2,PI,1,100,173379,173358
72244,9163,2,PR,1,100,148859,148866
72244,9164,2,PG,1,100,11157,11152
72216,9165,1,EA,1,100,2.949022
72216,9166,1,EL,1,100,-19126.800781
72244,9167,2,AX,1,100,-1.046,-1.076
72244,9168,2,AY,1,100,0.229,0.243
72244,9169,2,AZ,1,100,-0.008,0.002
72244,9170,2,GX,1,100,-0.275,-0.641
72244,9171,2,GY,1,100,1.617,1.190
72244,9172,2,GZ,1,100,0.916,0.610
72244,9173,2,MX,1,100,97,96
72244,9174,2,MY,1,100,-39,-40
72244,9175,2,MZ,1,100,-5,-3
72298,9176,4,EM,1,100,RS,RB,2025-10-31_12-35-32-301594.csv,PS,MN
72324,9177,1,BI,1,100,680
72324,9178,1,HR,1,100,79.09
72364,9179,3,PI,1,100,173382,173464,173542
72364,9180,3,PR,1,100,148885,148898,148896
72364,9181,3,PG,1,100,11144,11151,11171
72349,9182,2,EA,1,100,2.949022,2.945271
72349,9183,2,EL,1,100,-19126.800781,-19126.199219
72275,9184,1,T1,1,100,25.176
72290,9185,1,TH,1,100,23.684
72350,9186,3,AX,1,100,-1.083,-1.072,-1.031
72350,9187,3,AY,1,100,0.264,0.239,0.203
72350,9188,3,AZ,1,100,-0.012,-0.017,-0.009
72350,9189,3,GX,1,100,-0.488,0.732,0.732
72350,9190,3,GY,1,100,1.953,2.747,1.923
72350,9191,3,GZ,1,100,0.702,0.580,-1.862
72350,9192,3,MX,1,100,97,98,96
72350,9193,3,MY,1,100,-38,-40,-40
72350,9194,3,MZ,1,100,-3,-5,-4
72444,9195,2,PI,1,100,173596,173670
72444,9196,2,PR,1,100,148926,148939
72444,9197,2,PG,1,100,11164,11169
72416,9198,1,EA,1,100,2.944031
72416,9199,1,EL,1,100,-19126.000000
72409,9200,1,T1,1,100,25.147
72424,9201,1,TH,1,100,23.684
72470,9202,3,AX,1,100,-1.034,-1.065,-1.070
72470,9203,3,AY,1,100,0.223,0.252,0.243
72470,9204,3,AZ,1,100,-0.017,-0.013,-0.001
72470,9205,3,GX,1,100,-1.007,-2.350,-1.953
72470,9206,3,GY,1,100,0.427,-1.099,-2.258
72470,9207,3,GZ,1,100,-1.770,-0.671,-0.519
72470,9208,3,MX,1,100,96,96,96
72470,9209,3,MY,1,100,-41,-40,-40
72470,9210,3,MZ,1,100,-3,-3,-3
72500,9211,4,EM,1,100,RS,RB,2025-10-31_12-35-32-301594.csv,PS,MN
72549,9212,1,SF,1,100,0.0000
72563,9213,3,PI,1,100,173685,173708,173747
72563,9214,3,PR,1,100,148948,148950,148956
72563,9215,3,PG,1,100,11181,11183,11177
72549,9216,2,EA,1,100,2.944031,2.946524
72549,9217,2,EL,1,100,-19126.000000,-19126.400391
72542,9218,1,T1,1,100,25.206
72557,9219,1,TH,1,100,23.619
72550,9220,2,AX,1,100,-1.075,-1.068
72550,9221,2,AY,1,100,0.238,0.217
72550,9222,2,AZ,1,100,-0.008,0.000
72550,9223,2,GX,1,100,-1.373,-1.465
72550,9224,2,GY,1,100,-2.930,-3.021
72550,9225,2,GZ,1,100,-0.854,-1.740
72550,9226,2,MX,1,100,97,96
72550,9227,2,MY,1,100,-41,-40
72550,9228,2,MZ,1,100,-3,-3
72643,9229,2,PI,1,100,173784,173565
72643,9230,2,PR,1,100,148963,148906
72643,9231,2,PG,1,100,11173,11193
72615,9232,1,EA,1,100,2.944031
72615,9233,1,EL,1,100,-19126.000000
72669,9234,3,AX,1,100,-1.055,-1.085,-1.108
72669,9235,3,AY,1,100,0.226,0.250,0.250
72669,9236,3,AZ,1,100,0.009,-0.002,-0.002
72669,9237,3,GX,1,100,-1.465,-1.434,-0.397
72669,9238,3,GY,1,100,-3.296,-2.869,-1.251
72669,9239,3,GZ,1,100,-2.625,-0.366,1.129
72669,9240,3,MX,1,100,97,97,97
72669,9241,3,MY,1,100,-40,-40,-40
72669,9242,3,MZ,1,100,-4,-3,-3
72705,9243,4,EM,1,100,RS,RB,2025-10-31_12-35-32-301594.csv,PS,MN
72763,9244,3,PI,1,100,173144,173077,173127
72763,9245,3,PR,1,100,148778,148769,148784
72763,9246,3,PG,1,100,11159,11132,11149
72749,9247,2,EA,1,100,2.944031,2.944031
72749,9248,2,EL,1,100,-19126.000000,-19126.000000
72675,9249,1,T1,1,100,25.195
72690,9250,1,TH,1,100,23.626
72750,9251,2,AX,1,100,-1.089,-1.056
72750,9252,2,AY,1,100,0.212,0.211
72750,9253,2,AZ,1,100,0.008,0.013
72750,9254,2,GX,1,100,1.160,0.702
72750,9255,2,GY,1,100,0.214,1.129
72750,9256,2,GZ,1,100,-0.671,-1.587
72750,9257,2,MX,1,100,97,96
72750,9258,2,MY,1,100,-41,-41
72750,9259,2,MZ,1,100,-4,-3
72843,9260,2,PI,1,100,173174,173217
72843,9261,2,PR,1,100,148787,148799
72843,9262,2,PG,1,100,11135,11130
72815,9263,1,EA,1,100,2.944031
72815,9264,1,EL,1,100,-19126.000000
72809,9265,1,T1,1,100,25.226
72823,9266,1,TH,1,100,23.742
72869,9267,3,AX,1,100,-1.060,-1.066,-1.060
72869,9268,3,AY,1,100,0.226,0.242,0.255
72869,9269,3,AZ,1,100,-0.002,-0.008,-0.009
72869,9270,3,GX,1,100,-0.427,0.183,1.007
72869,9271,3,GY,1,100,1.984,2.441,2.380
72869,9272,3,GZ,1,100,-0.031,1.129,2.136
72869,9273,3,MX,1,100,96,97,96
72869,9274,3,MY,1,100,-41,-40,-41
72869,9275,3,MZ,1,100,-4,-3,-3
72905,9276,4,EM,1,100,RS,RB,2025-10-31_12-35-32-301594.csv,PS,MN
72949,9277,1,SF,1,100,0.0000
72963,9278,3,PI,1,100,173293,173315,173334
72963,9279,3,PR,1,100,148824,148835,148833
72963,9280,3,PG,1,100,11136,11147,11136
72949,9281,2,EA,1,100,2.944031,2.944031
72949,9282,2,EL,1,100,-19126.000000,-19126.000000
72942,9283,1,T1,1,100,25.133
72957,9284,1,TH,1,100,23.742
72950,9285,2,AX,1,100,-1.050,-1.059
72950,9286,2,AY,1,100,0.245,0.218
72950,9287,2,AZ,1,100,-0.022,-0.011
72950,9288,2,GX,1,100,2.411,3.601
72950,9289,2,GY,1,100,1.526,0.671
72950,9290,2,GZ,1,100,1.343,0.580
72950,9291,2,MX,1,100,97,96
72950,9292,2,MY,1,100,-41,-40
72950,9293,2,MZ,1,100,-3,-5
73003,9294,1,BI,1,100,680
73003,9295,1,HR,1,100,81.12
73043,9296,2,PI,1,100,173362,173430
73043,9297,2,PR,1,100,148842,148839
73043,9298,2,PG,1,100,11127,11139
73015,9299,1,EA,1,100,2.944031
73015,9300,1,EL,1,100,-19126.000000
73075,9301,1,T1,1,100,25.164
73069,9302,3,AX,1,100,-1.044,-1.054,-1.077
73069,9303,3,AY,1,100,0.204,0.230,0.225
73069,9304,3,AZ,1,100,-0.007,-0.001,0.009
73069,9305,3,GX,1,100,2.594,0.000,-1.282
73069,9306,3,GY,1,100,-0.214,-2.228,-3.387
73069,9307,3,GZ,1,100,0.519,-0.397,-0.214
73069,9308,3,MX,1,100,96,96,96
73069,9309,3,MY,1,100,-40,-40,-40
73069,9310,3,MZ,1,100,-5,-3,-4
73114,9311,4,EM,1,100,RS,RB,2025-10-31_12-35-32-301594.csv,PS,MN
73163,9312,3,PI,1,100,173503,173530,173565
73163,9313,3,PR,1,100,148878,148864,148875
73164,9314,3,PG,1,100,11149,11136,11151
73149,9315,2,EA,1,100,2.944031,2.946524
73149,9316,2,EL,1,100,-19126.000000,-19126.400391
73090,9317,1,TH,1,100,23.633
73176,9318,3,AX,1,100,-1.078,-1.091,-1.070
73176,9319,3,AY,1,100,0.220,0.226,0.237
73176,9320,3,AZ,1,100,0.016,0.007,0.001
73176,9321,3,GX,1,100,-1.984,-2.808,-3.143
73176,9322,3,GY,1,100,-3.235,-2.838,-1.526
73176,9323,3,GZ,1,100,-0.580,-0.397,-0.092
73176,9324,3,MX,1,100,96,96,96
73176,9325,3,MY,1,100,-40,-41,-40
73176,9326,3,MZ,1,100,-4,-3,-2
73216,9327,1,SF,1,100,0.0000
73243,9328,2,PI,1,100,173613,173675
73243,9329,2,PR,1,100,148911,148909
73243,9330,2,PG,1,100,11153,11152
73216,9331,1,EA,1,100,2.945271
73216,9332,1,EL,1,100,-19126.199219
73209,9333,1,T1,1,100,25.177
73223,9334,1,TH,1,100,23.633
73256,9335,2,AX,1,100,-1.050,-1.072
73256,9336,2,AY,1,100,0.256,0.265
73256,9337,2,AZ,1,100,-0.010,-0.008
73256,9338,2,GX,1,100,-2.533,-0.610
73256,9339,2,GY,1,100,-1.312,-1.343
73256,9340,2,GZ,1,100,-0.183,0.854
73256,9341,2,MX,1,100,96,98
73256,9342,2,MY,1,100,-40,-40
73256,9343,2,MZ,1,100,-3,-3
73315,9344,4,EM,1,100,RS,RB,2025-10-31_12-35-32-301594.csv,PS,MN
73363,9345,3,PI,1,100,173721,173734,173370
73363,9346,3,PR,1,100,148921,148915,148832
73363,9347,3,PG,1,100,11178,11163,11155
73349,9348,2,EA,1,100,2.945271,2.950267
73349,9349,2,EL,1,100,-19126.199219,-19127.000000
73342,9350,1,T1,1,100,25.219
73357,9351,1,TH,1,100,23.854
73376,9352,3,AX,1,100,-1.111,-1.088,-1.056
73376,9353,3,AY,1,100,0.236,0.206,0.208
73376,9354,3,AZ,1,100,0.017,0.022,0.009
73376,9355,3,GX,1,100,1.740,2.991,1.831
73376,9356,3,GY,1,100,0.061,1.038,2.502
73376,9357,3,GZ,1,100,2.533,0.885,0.427
73376,9358,3,MX,1,100,96,98,97
73376,9359,3,MY,1,100,-39,-40,-40
73376,9360,3,MZ,1,100,-4,-3,-4
73483,9361,3,PI,1,100,173087,173083,173136
73483,9362,3,PR,1,100,148741,148737,148762
73483,9363,3,PG,1,100,11149,11122,11126
73482,9364,2,EA,1,100,2.947767,2.950267
73482,9365,2,EL,1,100,-19126.599609,-19127.000000
73475,9366,1,T1,1,100,25.165
73490,9367,1,TH,1,100,23.854
73456,9368,2,AX,1,100,-1.059,-1.065
73456,9369,2,AY,1,100,0.231,0.250
73456,9370,2,AZ,1,100,0.004,-0.010
73456,9371,2,GX,1,100,0.244,0.183
73456,9372,2,GY,1,100,3.784,3.967
73456,9373,2,GZ,1,100,1.892,2.960
73456,9374,2,MX,1,100,96,97
73456,9375,2,MY,1,100,-40,-39
73456,9376,2,MZ,1,100,-3,-4
73519,9377,4,EM,1,100,RS,RB,2025-10-31_12-35-32-301594.csv,PS,MN
73549,9378,1,SF,1,100,0.0000
73563,9379,2,PI,1,100,173139,173218
73563,9380,2,PR,1,100,148746,148763
73563,9381,2,PG,1,100,11113,11124
73549,9382,1,EA,1,100,2.947767
73549,9383,1,EL,1,100,-19126.599609
73576,9384,3,AX,1,100,-1.072,-1.063,-1.056
73576,9385,3,AY,1,100,0.250,0.235,0.198
73576,9386,3,AZ,1,100,-0.015,-0.015,-0.004
73576,9387,3,GX,1,100,0.549,0.793,0.183
73576,9388,3,GY,1,100,3.784,3.479,2.838
73576,9389,3,GZ,1,100,2.899,1.648,0.153
73576,9390,3,MX,1,100,96,97,97
73576,9391,3,MY,1,100,-39,-41,-41
73576,9392,3,MZ,1,100,-4,-5,-5
73683,9393,3,PI,1,100,173300,173296,173281
73683,9394,3,PR,1,100,148799,148791,148792
73683,9395,3,PG,1,100,11116,11117,11118
73682,9396,2,EA,1,100,2.949022,2.950267
73682,9397,2,EL,1,100,-19126.800781,-19127.000000
73609,9398,1,T1,1,100,25.178
73623,9399,1,TH,1,100,23.731
73656,9400,2,AX,1,100,-1.042,-1.031
73656,9401,2,AY,1,100,0.203,0.254
73656,9402,2,AZ,1,100,-0.014,-0.020
73656,9403,2,GX,1,100,-2.045,-5.737
73656,9404,2,GY,1,100,1.831,-0.275
73656,9405,2,GZ,1,100,-0.763,-1.495
73656,9406,2,MX,1,100,96,97
73656,9407,2,MY,1,100,-39,-41
73656,9408,2,MZ,1,100,-5,-3
73720,9409,4,EM,1,100,RS,RB,2025-10-31_12-35-32-301594.csv,PS,MN
73723,9410,1,BI,1,100,720
73723,9411,1,HR,1,100,81.61
73763,9412,2,PI,1,100,173305,173360
73763,9413,2,PR,1,100,148795,148804
73763,9414,2,PG,1,100,11121,11115
73749,9415,1,EA,1,100,2.950267
73749,9416,1,EL,1,100,-19127.000000
73742,9417,1,T1,1,100,25.148
73757,9418,1,TH,1,100,23.738
73776,9419,3,AX,1,100,-1.056,-1.081,-1.071
73776,9420,3,AY,1,100,0.286,0.263,0.225
73776,9421,3,AZ,1,100,-0.021,-0.007,-0.009
73776,9422,3,GX,1,100,-5.280,-2.594,-0.854
73776,9423,3,GY,1,100,-2.167,-2.563,-3.113
73776,9424,3,GZ,1,100,-1.068,-0.183,-0.916
73776,9425,3,MX,1,100,96,97,97
73776,9426,3,MY,1,100,-41,-40,-40
73776,9427,3,MZ,1,100,-4,-3,-5
73821,9428,1,TL,1,100,2025-10-31_12-36-03-405593
73823,9429,2,AK,1,100,8577,RD
73823,9430,2,RD,1,100,TL,TU
73839,9431,1,TL,1,100,2025-10-31_12-36-08-511415
73840,9432,2,AK,1,100,9430,RD
73882,9433,1,SF,1,100,0.0000
73883,9434,3,PI,1,100,173425,173500,173540
73883,9435,3,PR,1,100,148825,148827,148834
73883,9436,3,PG,1,100,11116,11142,11146
73882,9437,2,EA,1,100,2.950267,2.950267
73882,9438,2,EL,1,100,-19127.000000,-19127.000000
73875,9439,1,T1,1,100,25.241
73890,9440,1,TH,1,100,23.691
73883,9441,3,AX,1,100,-1.062,-1.054,-1.070
73883,9442,3,AY,1,100,0.218,0.237,0.273
73883,9443,3,AZ,1,100,0.000,0.000,-0.017
73883,9444,3,GX,1,100,-0.549,-0.610,-0.336
73883,9445,3,GY,1,100,-3.387,-3.143,-2.594
73883,9446,3,GZ,1,100,-2.289,-1.465,0.824
73883,9447,3,MX,1,100,97,97,98
73883,9448,3,MY,1,100,-39,-41,-40
73883,9449,3,MZ,1,100,-4,-3,-3
73925,9450,4,EM,1,100,RS,RB,2025-10-31_12-35-32-301594.csv,PS,MN
73963,9451,2,PI,1,100,173582,173616
73963,9452,2,PR,1,100,148853,148860
73963,9453,2,PG,1,100,11151,11147
73949,9454,1,EA,1,100,2.950267
73949,9455,1,EL,1,100,-19127.000000
73963,9456,2,AX,1,100,-1.069,-1.081
73963,9457,2,AY,1,100,0.273,0.245
73963,9458,2,AZ,1,100,-0.018,0.002
73963,9459,2,GX,1,100,2.747,5.554
73963,9460,2,GY,1,100,-2.167,-1.526
73963,9461,2,GZ,1,100,2.350,3.235
73963,9462,2,MX,1,100,98,97
73963,9463,2,MY,1,100,-40,-40
73963,9464,2,MZ,1,100,-4,-4
74083,9465,3,PI,1,100,173709,173592,173149
74083,9466,3,PR,1,100,148880,148864,148733
74083,9467,3,PG,1,100,11152,11144,11124
74082,9468,2,EA,1,100,2.950267,2.954019
74082,9469,2,EL,1,100,-19127.000000,-19127.599609
74009,9470,1,T1,1,100,25.282
74023,9471,1,TH,1,100,23.691
74083,9472,3,AX,1,100,-1.087,-1.082,-1.064
74083,9473,3,AY,1,100,0.215,0.203,0.229
74083,9474,3,AZ,1,100,0.024,0.026,0.010
74083,9475,3,GX,1,100,6.592,5.341,2.502
74083,9476,3,GY,1,100,-0.275,0.732,2.045
74083,9477,3,GZ,1,100,3.693,3.296,3.326
74083,9478,3,MX,1,100,96,96,96
74083,9479,3,MY,1,100,-40,-39,-39
74083,9480,3,MZ,1,100,-4,-5,-5
74127,9481,4,EM,1,100,RS,RB,2025-10-31_12-35-32-301594.csv,PS,MN
74163,9482,2,PI,1,100,173055,173080
74163,9483,2,PR,1,100,148699,148696
74163,9484,2,PG,1,100,11105,11109
74149,9485,1,EA,1,100,2.955280
74149,9486,1,EL,1,100,-19127.800781
74142,9487,1,T1,1,100,25.228
74157,9488,1,TH,1,100,23.745
74163,9489,2,AX,1,100,-1.076,-1.044
74163,9490,2,AY,1,100,0.233,0.269
74163,9491,2,AZ,1,100,-0.001,-0.026
74163,9492,2,GX,1,100,0.854,-0.244
74163,9493,2,GY,1,100,2.014,3.143
74163,9494,2,GZ,1,100,1.617,2.777
74163,9495,2,MX,1,100,96,96
74163,9496,2,MY,1,100,-38,-40
74163,9497,2,MZ,1,100,-3,-3
74282,9498,1,SF,1,100,0.0000
74283,9499,3,PI,1,100,173079,173114,173204
74283,9500,3,PR,1,100,148702,148723,148745
74283,9501,3,PG,1,100,11089,11108,11118
74282,9502,2,EA,1,100,2.954019,2.952771
74282,9503,2,EL,1,100,-19127.599609,-19127.400391
74275,9504,1,T1,1,100,25.170
74290,9505,1,TH,1,100,23.745
74283,9506,3,AX,1,100,-1.054,-1.040,-1.067
74283,9507,3,AY,1,100,0.247,0.206,0.264
74283,9508,3,AZ,1,100,-0.012,-0.004,-0.028
74283,9509,3,GX,1,100,-0.366,-0.610,-3.082
74283,9510,3,GY,1,100,2.502,0.732,1.495
74283,9511,3,GZ,1,100,2.533,-0.458,1.434
74283,9512,3,MX,1,100,96,95,96
74283,9513,3,MY,1,100,-39,-39,-39
74283,9514,3,MZ,1,100,-4,-5,-4
74330,9515,4,EM,1,100,RS,RB,2025-10-31_12-35-32-301594.csv,PS,MN
74363,9516,2,PI,1,100,173242,173205
74363,9517,2,PR,1,100,148753,148735
74363,9518,2,PG,1,100,11094,11095
74349,9519,1,EA,1,100,2.955280
74349,9520,1,EL,1,100,-19127.800781
74363,9521,2,AX,1,100,-1.052,-1.029
74363,9522,2,AY,1,100,0.273,0.287
74363,9523,2,AZ,1,100,-0.012,-0.014
74363,9524,2,GX,1,100,-3.571,-2.472
74363,9525,2,GY,1,100,0.336,-1.587
74363,9526,2,GZ,1,100,4.150,-1.038
74363,9527,2,MX,1,100,97,97
74363,9528,2,MY,1,100,-39,-39
74363,9529,2,MZ,1,100,-4,-3
74457,9530,1,BI,1,100,720
74457,9531,1,HR,1,100,82.00
74497,9532,3,PI,1,100,173198,173256,173351
74497,9533,3,PR,1,100,148726,148749,148764
74497,9534,3,PG,1,100,11106,11099,11106
74482,9535,2,EA,1,100,2.956529,2.956529
74482,9536,2,EL,1,100,-19128.000000,-19128.000000
74408,9537,1,T1,1,100,25.251
74423,9538,1,TH,1,100,23.731
74483,9539,3,AX,1,100,-1.077,-1.089,-1.079
74483,9540,3,AY,1,100,0.279,0.241,0.230
74483,9541,3,AZ,1,100,-0.016,0.000,0.008
74483,9542,3,GX,1,100,0.000,1.434,0.824
74483,9543,3,GY,1,100,-0.916,-1.160,-0.885
74483,9544,3,GZ,1,100,4.639,2.960,-0.244
74483,9545,3,MX,1,100,97,97,96
74483,9546,3,MY,1,100,-38,-38,-39
74483,9547,3,MZ,1,100,-4,-3,-4
74531,9548,4,EM,1,100,RS,RB,2025-10-31_12-35-32-301594.csv,PS,MN
74549,9549,1,SF,1,100,0.0000
74577,9550,2,PI,1,100,173405,173459
74577,9551,2,PR,1,100,148792,148798
74577,9552,2,PG,1,100,11109,11115
74549,9553,1,EA,1,100,2.956529
74549,9554,1,EL,1,100,-19128.000000
74542,9555,1,T1,1,100,25.286
74557,9556,1,TH,1,100,23.738
74603,9557,3,AX,1,100,-1.076,-1.078,-1.077
74603,9558,3,AY,1,100,0.248,0.243,0.250
74603,9559,3,AZ,1,100,0.013,0.005,-0.014
74603,9560,3,GX,1,100,-0.519,-1.740,-2.380
74603,9561,3,GY,1,100,0.519,2.533,4.028
74603,9562,3,GZ,1,100,-0.275,1.831,1.770
74603,9563,3,MX,1,100,98,97,97
74603,9564,3,MY,1,100,-38,-38,-38
74603,9565,3,MZ,1,100,-5,-5,-3
74697,9566,3,PI,1,100,173519,173614,173692
74697,9567,3,PR,1,100,148802,148829,148855
74697,9568,3,PG,1,100,11116,11118,11125
74682,9569,2,EA,1,100,2.956529,2.960297
74682,9570,2,EL,1,100,-19128.000000,-19128.599609
74675,9571,1,T1,1,100,25.230
74690,9572,1,TH,1,100,23.803
74683,9573,2,AX,1,100,-1.037,-1.023
74683,9574,2,AY,1,100,0.277,0.293
74683,9575,2,AZ,1,100,-0.029,-0.033
74683,9576,2,GX,1,100,-2.869,-1.923
74683,9577,2,GY,1,100,4.578,4.395
74683,9578,2,GZ,1,100,0.946,2.808
74683,9579,2,MX,1,100,97,98
74683,9580,2,MY,1,100,-38,-39
74683,9581,2,MZ,1,100,-5,-3
74732,9582,4,EM,1,100,RS,RB,2025-10-31_12-35-32-301594.csv,PS,MN
74777,9583,2,PI,1,100,173689,173278
74777,9584,2,PR,1,100,148833,148735
74777,9585,2,PG,1,100,11138,11129
74749,9586,1,EA,1,100,2.960297
74749,9587,1,EL,1,100,-19128.599609
74789,9588,3,AX,1,100,-1.064,-1.083,-1.058
74789,9589,3,AY,1,100,0.296,0.282,0.254
74789,9590,3,AZ,1,100,-0.031,-0.026,-0.019
74789,9591,3,GX,1,100,1.068,3.265,3.723
74789,9592,3,GY,1,100,3.998,4.364,3.479
74789,9593,3,GZ,1,100,4.700,5.493,2.045
74789,9594,3,MX,1,100,98,97,97
74789,9595,3,MY,1,100,-37,-38,-39
74789,9596,3,MZ,1,100,-5,-5,-5
74882,9597,1,SF,1,100,0.0000
74897,9598,3,PI,1,100,173006,173019,173063
74897,9599,3,PR,1,100,148672,148681,148698
74897,9600,3,PG,1,100,11097,11094,11079
74882,9601,2,EA,1,100,2.961563,2.961563
74882,9602,2,EL,1,100,-19128.800781,-19128.800781
74809,9603,1,T1,1,100,25.206
74823,9604,1,TH,1,100,23.803
74869,9605,2,AX,1,100,-1.060,-1.059
74869,9606,2,AY,1,100,0.231,0.224
74869,9607,2,AZ,1,100,-0.015,-0.024
74869,9608,2,GX,1,100,2.075,-0.610
74869,9609,2,GY,1,100,2.838,4.028
74869,9610,2,GZ,1,100,-1.801,0.580
74869,9611,2,MX,1,100,96,97
74869,9612,2,MY,1,100,-38,-38
74869,9613,2,MZ,1,100,-6,-5
74937,9614,4,EM,1,100,RS,RB,2025-10-31_12-35-32-301594.csv,PS,MN
74977,9615,2,PI,1,100,173070,173141
74977,9616,2,PR,1,100,148696,148703
74977,9617,2,PG,1,100,11081,11092
74949,9618,1,EA,1,100,2.961563
74949,9619,1,EL,1,100,-19128.800781
74942,9620,1,T1,1,100,25.337
74957,9621,1,TH,1,100,23.727
74989,9622,3,AX,1,100,-1.024,-0.999,-1.032
74989,9623,3,AY,1,100,0.238,0.263,0.294
74989,9624,3,AZ,1,100,-0.033,-0.045,-0.043
74989,9625,3,GX,1,100,-4.272,-8.026,-8.057
74989,9626,3,GY,1,100,2.777,-1.160,-3.326
74989,9627,3,GZ,1,100,-1.190,-5.585,-3.418
74989,9628,3,MX,1,100,97,97,97
74989,9629,3,MY,1,100,-38,-39,-38
74989,9630,3,MZ,1,100,-5,-4,-3
75097,9631,3,PI,1,100,173195,173139,173163
75097,9632,3,PR,1,100,148713,148694,148704
75097,9633,3,PG,1,100,11085,11083,11085
75082,9634,2,EA,1,100,2.962818,2.962818
75082,9635,2,EL,1,100,-19129.000000,-19129.000000
75075,9636,1,T1,1,100,25.323
75090,9637,1,TH,1,100,23.727
75109,9638,3,AX,1,100,-1.091,-1.093,-1.061
75109,9639,3,AY,1,100,0.310,0.287,0.250
75109,9640,3,AZ,1,100,-0.029,-0.030,-0.015
75109,9641,3,GX,1,100,-5.951,-2.441,0.366
75109,9642,3,GY,1,100,-3.815,-3.235,-2.838
75109,9643,3,GZ,1,100,0.000,1.160,-2.594
75109,9644,3,MX,1,100,98,98,98
75109,9645,3,MY,1,100,-39,-38,-39
75109,9646,3,MZ,1,100,-4,-3,-4
75144,9647,4,EM,1,100,RS,RB,2025-10-31_12-35-32-301594.csv,PS,MN
75177,9648,1,BI,1,100,720
75177,9649,1,HR,1,100,82.29
75177,9650,2,PI,1,100,173214,173328
75177,9651,2,PR,1,100,148728,148750
75177,9652,2,PG,1,100,11088,11085
75149,9653,1,EA,1,100,2.962818
75149,9654,1,EL,1,100,-19129.000000
75208,9655,1,T1,1,100,25.317
75189,9656,2,AX,1,100,-1.057,-1.081
75189,9657,2,AY,1,100,0.240,0.268
75189,9658,2,AZ,1,100,-0.007,-0.019
75189,9659,2,GX,1,100,1.190,0.641
75189,9660,2,GY,1,100,-1.678,0.397
75189,9661,2,GZ,1,100,-2.350,1.007
75189,9662,2,MX,1,100,96,97
75189,9663,2,MY,1,100,-39,-38
75189,9664,2,MZ,1,100,-3,-5
75282,9665,1,SF,1,100,0.0000
75297,9666,3,PI,1,100,173387,173437,173504
75297,9667,3,PR,1,100,148766,148767,148784
75297,9668,3,PG,1,100,11104,11092,11103
75282,9669,2,EA,1,100,2.961563,2.962818
75282,9670,2,EL,1,100,-19128.800781,-19129.000000
75223,9671,1,TH,1,100,23.776
75309,9672,3,AX,1,100,-1.083,-1.061,-1.046
75309,9673,3,AY,1,100,0.262,0.250,0.244
75309,9674,3,AZ,1,100,-0.018,-0.019,-0.026
75309,9675,3,GX,1,100,0.916,0.916,-0.122
75309,9676,3,GY,1,100,1.801,2.808,2.808
75309,9677,3,GZ,1,100,2.716,2.075,0.793
75309,9678,3,MX,1,100,98,97,98
75309,9679,3,MY,1,100,-38,-38,-38
75309,9680,3,MZ,1,100,-5,-5,-5
75351,9681,4,EM,1,100,RS,RB,2025-10-31_12-35-32-301594.csv,PS,MN
75377,9682,2,PI,1,100,173612,173691
75377,9683,2,PR,1,100,148811,148833
75377,9684,2,PG,1,100,11116,11116
75349,9685,1,EA,1,100,2.964074
75349,9686,1,EL,1,100,-19129.199219
75342,9687,1,T1,1,100,25.208
75357,9688,1,TH,1,100,23.783
75389,9689,2,AX,1,100,-1.039,-1.057
75389,9690,2,AY,1,100,0.260,0.279
75389,9691,2,AZ,1,100,-0.027,-0.026
75389,9692,2,GX,1,100,-0.977,-1.190
75389,9693,2,GY,1,100,3.326,3.510
75389,9694,2,GZ,1,100,2.655,5.341
75389,9695,2,MX,1,100,98,98
75389,9696,2,MY,1,100,-38,-38
75389,9697,2,MZ,1,100,-3,-5
75497,9698,3,PI,1,100,173669,173248,173000
75497,9699,3,PR,1,100,148838,148735,148673
75497,9700,3,PG,1,100,11137,11109,11095
75482,9701,2,EA,1,100,2.965344,2.967874
75482,9702,2,EL,1,100,-19129.400391,-19129.800781
75475,9703,1,T1,1,100,25.196
75490,9704,1,TH,1,100,23.825
75497,9705,3,AX,1,100,-1.091,-1.049,-1.016
75497,9706,3,AY,1,100,0.283,0.271,0.261
75497,9707,3,AZ,1,100,-0.028,-0.032,-0.044
75497,9708,3,GX,1,100,-1.007,-0.916,-1.587
75497,9709,3,GY,1,100,3.448,3.998,2.441
75497,9710,3,GZ,1,100,4.791,2.533,-0.397
75497,9711,3,MX,1,100,97,98,99
75497,9712,3,MY,1,100,-37,-38,-38
75497,9713,3,MZ,1,100,-5,-5,-5
75552,9714,4,EM,1,100,RS,RB,2025-10-31_12-35-32-301594.csv,PS,MN
75549,9715,1,SF,1,100,0.0000
75576,9716,2,PI,1,100,172986,172999
75576,9717,2,PR,1,100,148653,148666
75577,9718,2,PG,1,100,11079,11067
75549,9719,1,EA,1,100,2.969134
75549,9720,1,EL,1,100,-19130.000000
75608,9721,1,T1,1,100,25.227
75623,9722,1,TH,1,100,23.825
75617,9723,3,AX,1,100,-1.023,-1.024,-1.080
75617,9724,3,AY,1,100,0.290,0.307,0.302
75617,9725,3,AZ,1,100,-0.053,-0.056,-0.044
75617,9726,3,GX,1,100,-1.862,-1.984,-1.251
75617,9727,3,GY,1,100,0.946,-0.488,-3.235
75617,9728,3,GZ,1,100,-0.092,2.441,0.641
75617,9729,3,MX,1,100,98,98,98
75617,9730,3,MY,1,100,-37,-38,-38
75617,9731,3,MZ,1,100,-5,-4,-5
75696,9732,3,PI,1,100,173033,173089,173113
75696,9733,3,PR,1,100,148684,148684,148702
75696,9734,3,PG,1,100,11075,11074,11068
75682,9735,2,EA,1,100,2.969134,2.966602
75682,9736,2,EL,1,100,-19130.000000,-19129.599609
75696,9737,2,AX,1,100,-1.066,-1.055
75696,9738,2,AY,1,100,0.295,0.261
75696,9739,2,AZ,1,100,-0.032,-0.015
75696,9740,2,GX,1,100,0.305,2.258
75696,9741,2,GY,1,100,-3.448,-3.632
75696,9742,2,GZ,1,100,-1.038,-2.502
75696,9743,2,MX,1,100,98,99
75696,9744,2,MY,1,100,-38,-38
75696,9745,2,MZ,1,100,-4,-4
75753,9746,4,EM,1,100,RS,RB,2025-10-31_12-35-32-301594.csv,PS,MN
75816,9747,3,PI,1,100,173115,173134,173187
75816,9748,3,PR,1,100,148698,148691,148705
75816,9749,3,PG,1,100,11076,11071,11071
75815,9750,2,EA,1,100,2.969134,2.969134
75815,9751,2,EL,1,100,-19130.000000,-19130.000000
75742,9752,1,T1,1,100,25.275
75757,9753,1,TH,1,100,23.720
75817,9754,3,AX,1,100,-1.053,-1.057,-1.062
75817,9755,3,AY,1,100,0.245,0.239,0.263
75817,9756,3,AZ,1,100,-0.017,-0.021,-0.019
75817,9757,3,GX,1,100,1.434,-0.397,-2.014
75817,9758,3,GY,1,100,-3.998,-4.211,-4.364
75817,9759,3,GZ,1,100,-2.838,-3.326,-3.876
75817,9760,3,MX,1,100,99,98,97
75817,9761,3,MY,1,100,-38,-38,-38
75817,9762,3,MZ,1,100,-5,-4,-5
75856,9763,1,BI,1,100,680
75856,9764,1,HR,1,100,83.61
75882,9765,1,SF,1,100,0.0000
75896,9766,2,PI,1,100,173297,173374
75896,9767,2,PR,1,100,148731,148748
75897,9768,2,PG,1,100,11079,11093
75882,9769,1,EA,1,100,2.969134
75882,9770,1,EL,1,100,-19130.000000
75875,9771,1,T1,1,100,25.296
75890,9772,1,TH,1,100,23.720
75897,9773,2,AX,1,100,-1.063,-1.050
75897,9774,2,AY,1,100,0.285,0.290
75897,9775,2,AZ,1,100,-0.022,-0.029
75897,9776,2,GX,1,100,-2.228,-0.580
75897,9777,2,GY,1,100,-3.967,-3.571
75897,9778,2,GZ,1,100,-3.204,-2.686
75897,9779,2,MX,1,100,98,98
75897,9780,2,MY,1,100,-38,-39
75897,9781,2,MZ,1,100,-3,-4
75848,9782,1,BV,1,100,4.10
75848,9783,1,B%,1,100,100
75954,9784,4,EM,1,100,RS,RB,2025-10-31_12-35-32-301594.csv,PS,MN
76016,9785,3,PI,1,100,173441,173478,173560
76016,9786,3,PR,1,100,148760,148760,148798
76016,9787,3,PG,1,100,11098,11098,11093
76015,9788,2,EA,1,100,2.967874,2.969134
76015,9789,2,EL,1,100,-19129.800781,-19130.000000
76008,9790,1,T1,1,100,25.235
76023,9791,1,TH,1,100,23.760
76016,9792,3,AX,1,100,-1.053,-1.052,-1.062
76016,9793,3,AY,1,100,0.277,0.268,0.260
76016,9794,3,AZ,1,100,-0.022,-0.021,-0.011
76016,9795,3,GX,1,100,1.678,3.693,5.005
76016,9796,3,GY,1,100,-3.571,-3.326,-3.387
76016,9797,3,GZ,1,100,-2.228,-1.343,-0.580
76016,9798,3,MX,1,100,97,98,97
76016,9799,3,MY,1,100,-38,-38,-38
76016,9800,3,MZ,1,100,-5,-5,-5
76096,9801,2,PI,1,100,173627,173575
76096,9802,2,PR,1,100,148812,148779
76096,9803,2,PG,1,100,11110,11113
76082,9804,1,EA,1,100,2.966602
76082,9805,1,EL,1,100,-19129.599609
76096,9806,2,AX,1,100,-1.070,-1.073
76096,9807,2,AY,1,100,0.250,0.236
76096,9808,2,AZ,1,100,-0.003,0.007
76096,9809,2,GX,1,100,5.402,4.913
76096,9810,2,GY,1,100,-3.448,-2.991
76096,9811,2,GZ,1,100,0.061,0.244
76096,9812,2,MX,1,100,97,97
76096,9813,2,MY,1,100,-38,-38
76096,9814,2,MZ,1,100,-4,-5
76158,9815,4,EM,1,100,RS,RB,2025-10-31_12-35-32-301594.csv,PS,MN
76215,9816,1,SF,1,100,0.0000
76216,9817,3,PI,1,100,173128,172901,172890
76216,9818,3,PR,1,100,148687,148635,148641
76216,9819,3,PG,1,100,11081,11066,11059
76215,9820,2,EA,1,100,2.969134,2.969134
76215,9821,2,EL,1,100,-19130.000000,-19130.000000
76142,9822,1,T1,1,100,25.350
76156,9823,1,TH,1,100,23.760
76216,9824,3,AX,1,100,-1.061,-1.066,-1.069
76216,9825,3,AY,1,100,0.224,0.235,0.251
76216,9826,3,AZ,1,100,0.008,0.005,0.005
76216,9827,3,GX,1,100,3.204,0.702,-0.977
76216,9828,3,GY,1,100,-2.563,-2.136,-1.373
76216,9829,3,GZ,1,100,-0.214,-1.007,-0.397
76216,9830,3,MX,1,100,96,97,97
76216,9831,3,MY,1,100,-38,-38,-38
76216,9832,3,MZ,1,100,-5,-5,-5
76296,9833,2,PI,1,100,172938,172946
76296,9834,2,PR,1,100,148632,148652
76296,9835,2,PG,1,100,11056,11047
76282,9836,1,EA,1,100,2.969134
76282,9837,1,EL,1,100,-19130.000000
76275,9838,1,T1,1,100,25.329
76290,9839,1,TH,1,100,23.787
76322,9840,3,AX,1,100,-1.058,-1.056,-1.055
76322,9841,3,AY,1,100,0.265,0.267,0.266
76322,9842,3,AZ,1,100,-0.010,-0.011,-0.009
76322,9843,3,GX,1,100,-1.984,-1.953,-1.038
76322,9844,3,GY,1,100,-1.160,-1.007,-1.282
76322,9845,3,GZ,1,100,-0.336,-0.366,-0.366
76322,9846,3,MX,1,100,96,96,96
76322,9847,3,MY,1,100,-38,-38,-38
76322,9848,3,MZ,1,100,-5,-5,-5
76359,9849,4,EM,1,100,RS,RB,2025-10-31_12-35-32-301594.csv,PS,MN
76416,9850,3,PI,1,100,173024,173111,173101
76416,9851,3,PR,1,100,148661,148684,148676
76416,9852,3,PG,1,100,11047,11064,11047
76415,9853,2,EA,1,100,2.970396,2.972934
76415,9854,2,EL,1,100,-19130.199219,-19130.599609
76408,9855,1,T1,1,100,25.284
76423,9856,1,TH,1,100,23.794
76402,9857,2,AX,1,100,-1.066,-1.069
76402,9858,2,AY,1,100,0.265,0.252
76402,9859,2,AZ,1,100,-0.000,0.000
76402,9860,2,GX,1,100,-0.061,0.702
76402,9861,2,GY,1,100,-1.373,-1.068
76402,9862,2,GZ,1,100,0.183,0.519
76402,9863,2,MX,1,100,96,97
76402,9864,2,MY,1,100,-38,-38
76402,9865,2,MZ,1,100,-5,-4
76496,9866,1,BI,1,100,640
76496,9867,1,HR,1,100,85.87
76496,9868,2,PI,1,100,173126,173193
76496,9869,2,PR,1,100,148679,148696
76496,9870,2,PG,1,100,11053,11064
76482,9871,1,EA,1,100,2.971671
76482,9872,1,EL,1,100,-19130.400391
76523,9873,3,AX,1,100,-1.066,-1.066,-1.070
76523,9874,3,AY,1,100,0.248,0.250,0.253
76523,9875,3,AZ,1,100,0.005,0.006,-0.001
76523,9876,3,GX,1,100,1.099,0.671,0.092
76523,9877,3,GY,1,100,-0.793,-0.397,0.153
76523,9878,3,GZ,1,100,0.488,0.519,0.580
76523,9879,3,MX,1,100,96,96,96
76523,9880,3,MY,1,100,-37,-38,-37
76523,9881,3,MZ,1,100,-5,-5,-4
76560,9882,4,EM,1,100,RS,RB,2025-10-31_12-35-32-301594.csv,PS,MN
76615,9883,1,SF,1,100,0.0000
76616,9884,3,PI,1,100,173289,173360,173434
76616,9885,3,PR,1,100,148712,148737,148740
76616,9886,3,PG,1,100,11054,11073,11071
76615,9887,2,EA,1,100,2.975477,2.975477
76615,9888,2,EL,1,100,-19131.000000,-19131.000000
76542,9889,1,T1,1,100,25.229
76557,9890,1,TH,1,100,23.718
76602,9891,2,AX,1,100,-1.060,-1.056
76602,9892,2,AY,1,100,0.256,0.262
76602,9893,2,AZ,1,100,-0.001,-0.007
76602,9894,2,GX,1,100,-0.458,-0.793
76602,9895,2,GY,1,100,0.427,0.336
76602,9896,2,GZ,1,100,0.427,-0.092
76602,9897,2,MX,1,100,97,97
76602,9898,2,MY,1,100,-40,-38
76602,9899,2,MZ,1,100,-4,-5
76696,9900,2,PI,1,100,173481,173557
76696,9901,2,PR,1,100,148765,148770
76696,9902,2,PG,1,100,11083,11097
76682,9903,1,EA,1,100,2.975477
76682,9904,1,EL,1,100,-19131.000000
76675,9905,1,T1,1,100,25.135
76690,9906,1,TH,1,100,23.718
76722,9907,3,AX,1,100,-1.060,-1.059,-1.052
76722,9908,3,AY,1,100,0.265,0.263,0.255
76722,9909,3,AZ,1,100,-0.006,-0.008,-0.007
76722,9910,3,GX,1,100,-0.793,-0.519,-0.305
76722,9911,3,GY,1,100,0.458,0.214,-0.061
76722,9912,3,GZ,1,100,0.244,0.000,-0.366
76722,9913,3,MX,1,100,96,96,96
76722,9914,3,MY,1,100,-37,-38,-37
76722,9915,3,MZ,1,100,-5,-4,-5
76764,9916,4,EM,1,100,RS,RB,2025-10-31_12-35-32-301594.csv,PS,MN
76816,9917,3,PI,1,100,173599,173688,173702
76816,9918,3,PR,1,100,148775,148800,148808
76816,9919,3,PG,1,100,11079,11098,11091
76815,9920,2,EA,1,100,2.975477,2.975477
76815,9921,2,EL,1,100,-19131.000000,-19131.000000
76808,9922,1,T1,1,100,25.165
76823,9923,1,TH,1,100,23.837
76802,9924,2,AX,1,100,-1.063,-1.061
76802,9925,2,AY,1,100,0.258,0.251
76802,9926,2,AZ,1,100,-0.007,0.003
76802,9927,2,GX,1,100,-0.122,-0.244
76802,9928,2,GY,1,100,-0.031,-0.183
76802,9929,2,GZ,1,100,0.092,0.214
76802,9930,2,MX,1,100,97,97
76802,9931,2,MY,1,100,-37,-37
76802,9932,2,MZ,1,100,-6,-5
76882,9933,1,SF,1,100,0.0000
76910,9934,2,PI,1,100,173211,172908
76910,9935,2,PR,1,100,148686,148622
76910,9936,2,PG,1,100,11081,11055
76882,9937,1,EA,1,100,2.975477
76882,9938,1,EL,1,100,-19131.000000
76922,9939,3,AX,1,100,-1.055,-1.061,-1.062
76922,9940,3,AY,1,100,0.252,0.262,0.268
76922,9941,3,AZ,1,100,-0.005,-0.001,-0.004
76922,9942,3,GX,1,100,-0.763,-1.251,-1.038
76922,9943,3,GY,1,100,-0.458,-0.366,-0.305
76922,9944,3,GZ,1,100,0.031,-0.183,-0.214
76922,9945,3,MX,1,100,96,97,97
76922,9946,3,MY,1,100,-37,-38,-38
76922,9947,3,MZ,1,100,-5,-3,-5
76969,9948,4,EM,1,100,RS,RB,2025-10-31_12-35-32-301594.csv,PS,MN
77030,9949,3,PI,1,100,172913,172952,172953
77030,9950,3,PR,1,100,148621,148629,148626
77030,9951,3,PG,1,100,11047,11051,11054
77015,9952,2,EA,1,100,2.975477,2.975477
77015,9953,2,EL,1,100,-19131.000000,-19131.000000
76942,9954,1,T1,1,100,25.213
76956,9955,1,TH,1,100,23.837
77002,9956,2,AX,1,100,-1.062,-1.060
77002,9957,2,AY,1,100,0.263,0.249
77002,9958,2,AZ,1,100,-0.005,-0.006
77002,9959,2,GX,1,100,-0.305,0.153
77002,9960,2,GY,1,100,-0.244,-0.336
77002,9961,2,GZ,1,100,-0.061,-0.519
77002,9962,2,MX,1,100,96,97
77002,9963,2,MY,1,100,-38,-37
77002,9964,2,MZ,1,100,-4,-3
77110,9965,2,PI,1,100,173056,173113
77110,9966,2,PR,1,100,148668,148680
77110,9967,2,PG,1,100,11047,11042
77082,9968,1,EA,1,100,2.980576
77082,9969,1,EL,1,100,-19131.800781
77075,9970,1,T1,1,100,25.234
77090,9971,1,TH,1,100,23.774
77110,9972,3,AX,1,100,-1.059,-1.063,-1.068
77110,9973,3,AY,1,100,0.245,0.253,0.259
77110,9974,3,AZ,1,100,0.000,-0.003,-0.002
77110,9975,3,GX,1,100,0.000,-0.397,-0.610
77110,9976,3,GY,1,100,-0.244,-0.275,0.000
77110,9977,3,GZ,1,100,-0.305,0.031,0.671
77110,9978,3,MX,1,100,96,97,97
77110,9979,3,MY,1,100,-39,-38,-39
77110,9980,3,MZ,1,100,-4,-5,-3
77170,9981,4,EM,1,100,RS,RB,2025-10-31_12-35-32-301594.csv,PS,MN
77230,9982,1,BI,1,100,720
77230,9983,1,HR,1,100,85.30
77215,9984,1,SF,1,100,0.0000
77230,9985,3,PI,1,100,173100,173123,173206
77230,9986,3,PR,1,100,148676,148672,148683
77230,9987,3,PG,1,100,11063,11046,11038
77215,9988,2,EA,1,100,2.978024,2.980576
77215,9989,2,EL,1,100,-19131.400391,-19131.800781
77208,9990,1,T1,1,100,25.208
77223,9991,1,TH,1,100,23.774
77230,9992,3,AX,1,100,-1.059,-1.056,-1.062
77230,9993,3,AY,1,100,0.258,0.258,0.256
77230,9994,3,AZ,1,100,-0.005,-0.005,-0.001
77230,9995,3,GX,1,100,-0.488,-0.153,-0.153
77230,9996,3,GY,1,100,0.153,0.122,0.214
77230,9997,3,GZ,1,100,0.092,0.275,0.458
77230,9998,3,MX,1,100,95,96,97
77230,9999,3,MY,1,100,-38,-38,-38
77230,10000,3,MZ,1,100,-4,-5,-5
77310,10001,2,PI,1,100,173275,173354
77310,10002,2,PR,1,100,148704,148708
77310,10003,2,PG,1,100,11069,11066
77282,10004,1,EA,1,100,2.978024
77282,10005,1,EL,1,100,-19131.400391
77310,10006,2,AX,1,100,-1.063,-1.056
77310,10007,2,AY,1,100,0.255,0.257
77310,10008,2,AZ,1,100,-0.003,-0.002
77310,10009,2,GX,1,100,-0.183,-0.427
77310,10010,2,GY,1,100,0.244,0.092
77310,10011,2,GZ,1,100,0.427,0.031
77310,10012,2,MX,1,100,96,97
77310,10013,2,MY,1,100,-37,-38
77310,10014,2,MZ,1,100,-5,-5
77371,10015,4,EM,1,100,RS,RB,2025-10-31_12-35-32-301594.csv,PS,MN
77430,10016,3,PI,1,100,173432,173515,173576
77430,10017,3,PR,1,100,148748,148765,148779
77430,10018,3,PG,1,100,11082,11080,11080
77415,10019,2,EA,1,100,2.981848,2.981848
77415,10020,2,EL,1,100,-19132.000000,-19132.000000
77342,10021,1,T1,1,100,25.232
77356,10022,1,TH,1,100,23.850
77430,10023,3,AX,1,100,-1.059,-1.066,-1.058
77430,10024,3,AY,1,100,0.261,0.265,0.255
77430,10025,3,AZ,1,100,-0.012,-0.004,-0.001
77430,10026,3,GX,1,100,-0.641,-0.488,-0.305
77430,10027,3,GY,1,100,-0.061,0.000,-0.092
77430,10028,3,GZ,1,100,0.092,0.275,-0.031
77430,10029,3,MX,1,100,96,97,97
77430,10030,3,MY,1,100,-38,-38,-38
77430,10031,3,MZ,1,100,-5,-4,-4
77510,10032,2,PI,1,100,173647,173706
77510,10033,2,PR,1,100,148784,148811
77510,10034,2,PG,1,100,11087,11093
77482,10035,1,EA,1,100,2.981848
77482,10036,1,EL,1,100,-19132.000000
77475,10037,1,T1,1,100,25.278
77490,10038,1,TH,1,100,23.857
77510,10039,2,AX,1,100,-1.053,-1.061
77510,10040,2,AY,1,100,0.252,0.255
77510,10041,2,AZ,1,100,0.000,-0.002
77510,10042,2,GX,1,100,-0.214,-0.244
77510,10043,2,GY,1,100,-0.275,-0.397
77510,10044,2,GZ,1,100,-0.427,0.000
77510,10045,2,MX,1,100,96,96
77510,10046,2,MY,1,100,-37,-38
77510,10047,2,MZ,1,100,-4,-5
77572,10048,4,EM,1,100,RS,RB,2025-10-31_12-35-32-301594.csv,PS,MN
77615,10049,1,SF,1,100,0.0000
77630,10050,3,PI,1,100,173798,173881,173752
77630,10051,3,PR,1,100,148840,148844,148815
77630,10052,3,PG,1,100,11106,11110,11113
77615,10053,2,EA,1,100,2.981848,2.981848
77615,10054,2,EL,1,100,-19132.000000,-19132.000000
77608,10055,1,T1,1,100,25.262
77623,10056,1,TH,1,100,23.754
77630,10057,3,AX,1,100,-1.066,-1.064,-1.056
77630,10058,3,AY,1,100,0.261,0.249,0.262
77630,10059,3,AZ,1,100,-0.002,0.001,-0.007
77630,10060,3,GX,1,100,-0.580,-0.610,-0.580
77630,10061,3,GY,1,100,-0.153,-0.031,-0.336
77630,10062,3,GZ,1,100,0.122,0.092,-0.122
77630,10063,3,MX,1,100,97,96,97
77630,10064,3,MY,1,100,-38,-38,-39
77630,10065,3,MZ,1,100,-5,-4,-5
77710,10066,2,PI,1,100,173171,172965
77710,10067,2,PR,1,100,148696,148627
77710,10068,2,PG,1,100,11093,11069
77682,10069,1,EA,1,100,2.981848
77682,10070,1,EL,1,100,-19132.000000
77741,10071,1,T1,1,100,25.255
77710,10072,2,AX,1,100,-1.064,-1.061
77710,10073,2,AY,1,100,0.260,0.256
77710,10074,2,AZ,1,100,-0.007,-0.006
77710,10075,2,GX,1,100,-0.977,-0.366
77710,10076,2,GY,1,100,0.153,0.153
77710,10077,2,GZ,1,100,0.214,-0.031
77710,10078,2,MX,1,100,97,96
77710,10079,2,MY,1,100,-37,-38
77710,10080,2,MZ,1,100,-3,-4
77777,10081,4,EM,1,100,RS,RB,2025-10-31_12-35-32-301594.csv,PS,MN
77830,10082,3,PI,1,100,173001,172996,173035
77830,10083,3,PR,1,100,148638,148646,148640
77830,10084,3,PG,1,100,11066,11063,11062
77815,10085,2,EA,1,100,2.983120,2.986968
77815,10086,2,EL,1,100,-19132.199219,-19132.800781
77756,10087,1,TH,1,100,23.754
77830,10088,3,AX,1,100,-1.057,-1.064,-1.059
77830,10089,3,AY,1,100,0.258,0.254,0.252
77830,10090,3,AZ,1,100,-0.006,-0.002,-0.004
77830,10091,3,GX,1,100,-0.183,-0.092,0.031
77830,10092,3,GY,1,100,-0.031,-0.092,0.183
77830,10093,3,GZ,1,100,0.092,0.031,0.427
77830,10094,3,MX,1,100,96,96,97
77830,10095,3,MY,1,100,-38,-38,-40
77830,10096,3,MZ,1,100,-4,-5,-5
77882,10097,1,SF,1,100,0.0000
77910,10098,2,PI,1,100,173152,173181
77910,10099,2,PR,1,100,148665,148671
77910,10100,2,PG,1,100,11066,11072
77882,10101,1,EA,1,100,2.986968
77882,10102,1,EL,1,100,-19132.800781
77875,10103,1,T1,1,100,25.252
77890,10104,1,TH,1,100,23.812
77936,10105,3,AX,1,100,-1.050,-1.065,-1.064
77936,10106,3,AY,1,100,0.252,0.268,0.263
77936,10107,3,AZ,1,100,-0.001,-0.004,-0.010
77936,10108,3,GX,1,100,-0.366,-0.732,-0.732
77936,10109,3,GY,1,100,-0.092,-0.092,0.122
77936,10110,3,GZ,1,100,-0.153,0.702,0.427
77936,10111,3,MX,1,100,97,97,97
77936,10112,3,MY,1,100,-37,-39,-38
77936,10113,3,MZ,1,100,-5,-5,-5
77978,10114,4,EM,1,100,RS,RB,2025-10-31_12-35-32-301594.csv,PS,MN
78030,10115,1,BI,1,100,800
78030,10116,1,HR,1,100,83.01
78030,10117,3,PI,1,100,173183,173226,173308
78030,10118,3,PR,1,100,148668,148703,148708
78030,10119,3,PG,1,100,11060,11072,11068
78015,10120,2,EA,1,100,2.988245,2.988245
78015,10121,2,EL,1,100,-19133.000000,-19133.000000
78008,10122,1,T1,1,100,25.251
78023,10123,1,TH,1,100,23.812
78016,10124,2,AX,1,100,-1.054,-1.063
78016,10125,2,AY,1,100,0.258,0.256
78016,10126,2,AZ,1,100,-0.004,-0.002
78016,10127,2,GX,1,100,-0.214,-0.153
78016,10128,2,GY,1,100,-0.031,-0.214
78016,10129,2,GZ,1,100,-0.031,-0.092
78016,10130,2,MX,1,100,97,97
78016,10131,2,MY,1,100,-39,-37
78016,10132,2,MZ,1,100,-4,-5
78150,10133,3,PI,1,100,173385,173456,173551
78150,10134,3,PR,1,100,148739,148744,148756
78150,10135,3,PG,1,100,11062,11087,11079
78148,10136,2,EA,1,100,2.988245,2.989523
78148,10137,2,EL,1,100,-19133.000000,-19133.199219
78141,10138,1,T1,1,100,25.180
78156,10139,1,TH,1,100,23.783
78136,10140,3,AX,1,100,-1.066,-1.054,-1.060
78136,10141,3,AY,1,100,0.259,0.254,0.256
78136,10142,3,AZ,1,100,-0.005,-0.000,0.001
78136,10143,3,GX,1,100,-0.305,-0.397,-0.305
78136,10144,3,GY,1,100,-0.031,0.000,-0.122
78136,10145,3,GZ,1,100,0.122,0.061,0.000
78136,10146,3,MX,1,100,96,96,97
78136,10147,3,MY,1,100,-38,-39,-38
78136,10148,3,MZ,1,100,-6,-4,-5
78194,10149,4,EM,1,100,RS,RB,2025-10-31_12-35-32-301594.csv,PS,MN
78215,10150,1,SF,1,100,0.0000
78230,10151,2,PI,1,100,173603,173659
78230,10152,2,PR,1,100,148771,148780
78230,10153,2,PG,1,100,11099,11096
78215,10154,1,EA,1,100,2.989523
78215,10155,1,EL,1,100,-19133.199219
78216,10156,2,AX,1,100,-1.064,-1.059
78216,10157,2,AY,1,100,0.257,0.258
78216,10158,2,AZ,1,100,-0.003,-0.005
78216,10159,2,GX,1,100,-0.336,-0.305
78216,10160,2,GY,1,100,0.092,0.153
78216,10161,2,GZ,1,100,0.244,0.305
78216,10162,2,MX,1,100,96,97
78216,10163,2,MY,1,100,-38,-38
78216,10164,2,MZ,1,100,-5,-5
78350,10165,3,PI,1,100,173749,173842,173899
78350,10166,3,PR,1,100,148790,148829,148823
78350,10167,3,PG,1,100,11113,11108,11116
78348,10168,2,EA,1,100,2.990814,2.992094
78348,10169,2,EL,1,100,-19133.400391,-19133.599609
78275,10170,1,T1,1,100,25.290
78290,10171,1,TH,1,100,23.790
78336,10172,3,AX,1,100,-1.059,-1.057,-1.060
78336,10173,3,AY,1,100,0.262,0.257,0.258
78336,10174,3,AZ,1,100,-0.006,-0.003,-0.009
78336,10175,3,GX,1,100,-0.061,0.092,-0.031
78336,10176,3,GY,1,100,0.153,0.183,0.000
78336,10177,3,GZ,1,100,0.061,0.244,0.366
78336,10178,3,MX,1,100,96,97,97
78336,10179,3,MY,1,100,-38,-39,-39
78336,10180,3,MZ,1,100,-6,-4,-5
78394,10181,4,EM,1,100,RS,RB,2025-10-31_12-35-32-301594.csv,PS,MN
78430,10182,2,PI,1,100,174009,174053
78430,10183,2,PR,1,100,148860,148888
78430,10184,2,PG,1,100,11116,11125
78415,10185,1,EA,1,100,2.993388
78415,10186,1,EL,1,100,-19133.800781
78408,10187,1,T1,1,100,25.267
78423,10188,1,TH,1,100,23.817
78416,10189,2,AX,1,100,-1.065,-1.060
78416,10190,2,AY,1,100,0.260,0.254
78416,10191,2,AZ,1,100,-0.004,0.000
78416,10192,2,GX,1,100,-0.244,-0.092
78416,10193,2,GY,1,100,0.275,0.275
78416,10194,2,GZ,1,100,0.488,0.793
78416,10195,2,MX,1,100,96,96
78416,10196,2,MY,1,100,-37,-38
78416,10197,2,MZ,1,100,-6,-4
78548,10198,1,SF,1,100,0.0000
78550,10199,3,PI,1,100,173655,173159,173075
78550,10200,3,PR,1,100,148799,148660,148640
78550,10201,3,PG,1,100,11121,11103,11071
78548,10202,2,EA,1,100,2.994670,2.994670
78548,10203,2,EL,1,100,-19134.000000,-19134.000000
78541,10204,1,T1,1,100,25.187
78556,10205,1,TH,1,100,23.817
78536,10206,3,AX,1,100,-1.061,-1.065,-1.060
78536,10207,3,AY,1,100,0.261,0.257,0.259
78536,10208,3,AZ,1,100,-0.006,-0.004,-0.008
78536,10209,3,GX,1,100,-0.458,-0.641,-0.519
78536,10210,3,GY,1,100,0.000,0.336,0.427
78536,10211,3,GZ,1,100,0.275,0.458,-0.153
78536,10212,3,MX,1,100,97,97,97
78536,10213,3,MY,1,100,-38,-38,-38
78536,10214,3,MZ,1,100,-4,-4,-4
78595,10215,4,EM,1,100,RS,RB,2025-10-31_12-35-32-301594.csv,PS,MN
78630,10216,2,PI,1,100,173129,173173
78630,10217,2,PR,1,100,148683,148674
78630,10218,2,PG,1,100,11078,11086
78615,10219,1,EA,1,100,2.994670
78615,10220,1,EL,1,100,-19134.000000
78656,10221,3,AX,1,100,-1.052,-1.062,-1.057
78656,10222,3,AY,1,100,0.262,0.259,0.257
78656,10223,3,AZ,1,100,-0.009,-0.006,-0.009
78656,10224,3,GX,1,100,-0.519,-0.458,-0.366
78656,10225,3,GY,1,100,0.336,0.275,0.366
78656,10226,3,GZ,1,100,0.031,0.092,0.214
78656,10227,3,MX,1,100,96,97,97
78656,10228,3,MY,1,100,-37,-39,-39
78656,10229,3,MZ,1,100,-6,-5,-6
78750,10230,3,PI,1,100,173240,173306,173291
78750,10231,3,PR,1,100,148687,148717,148696
78750,10232,3,PG,1,100,11085,11091,11077
78748,10233,2,EA,1,100,2.994670,2.995953
78748,10234,2,EL,1,100,-19134.000000,-19134.199219
78675,10235,1,T1,1,100,25.329
78690,10236,1,TH,1,100,23.767
78762,10237,3,AX,1,100,-1.057,-1.064,-1.063
78762,10238,3,AY,1,100,0.260,0.265,0.260
78762,10239,3,AZ,1,100,-0.008,-0.006,-0.008
78762,10240,3,GX,1,100,-0.366,-0.549,-0.122
78762,10241,3,GY,1,100,0.122,0.305,0.366
78762,10242,3,GZ,1,100,0.153,0.580,0.580
78762,10243,3,MX,1,100,97,96,96
78762,10244,3,MY,1,100,-39,-39,-38
78762,10245,3,MZ,1,100,-5,-5,-5
78796,10246,4,EM,1,100,RS,RB,2025-10-31_12-35-32-301594.csv,PS,MN
78830,10247,2,PI,1,100,173332,173374
78830,10248,2,PR,1,100,148715,148730
78830,10249,2,PG,1,100,11095,11093
78815,10250,1,EA,1,100,2.994670
78815,10251,1,EL,1,100,-19134.000000
78808,10252,1,T1,1,100,25.391
78823,10253,1,TH,1,100,23.767
78842,10254,2,AX,1,100,-1.061,-1.052
78842,10255,2,AY,1,100,0.251,0.253
78842,10256,2,AZ,1,100,-0.004,-0.008
78842,10257,2,GX,1,100,-0.092,-0.458
78842,10258,2,GY,1,100,0.366,0.488
78842,10259,2,GZ,1,100,0.122,0.153
78842,10260,2,MX,1,100,96,96
78842,10261,2,MY,1,100,-38,-38
78842,10262,2,MZ,1,100,-5,-5
78929,10263,1,TL,1,100,2025-10-31_12-36-08-587876
78930,10264,2,AK,1,100,9430,RD
78930,10265,2,RD,1,100,TL,TU
78942,10266,1,TL,1,100,2025-10-31_12-36-13-610846
78944,10267,2,AK,1,100,10265,RD
78870,10268,1,BI,1,100,840
78870,10269,1,HR,1,100,80.44
78948,10270,1,SF,1,100,0.0000
78950,10271,3,PI,1,100,173459,173559,173665
78950,10272,3,PR,1,100,148722,148778,148774
78950,10273,3,PG,1,100,11097,11102,11114
78948,10274,2,EA,1,100,2.994670,2.994670
78948,10275,2,EL,1,100,-19134.000000,-19134.000000
78941,10276,1,T1,1,100,25.346
78956,10277,1,TH,1,100,23.908
78962,10278,3,AX,1,100,-1.059,-1.064,-1.057
78962,10279,3,AY,1,100,0.260,0.261,0.261
78962,10280,3,AZ,1,100,-0.010,-0.008,-0.010
78962,10281,3,GX,1,100,-0.549,-0.854,-0.732
78962,10282,3,GY,1,100,0.519,0.549,0.488
78962,10283,3,GZ,1,100,0.488,0.275,0.153
78962,10284,3,MX,1,100,96,97,97
78962,10285,3,MY,1,100,-38,-38,-39
78962,10286,3,MZ,1,100,-6,-5,-5
78997,10287,4,EM,1,100,RS,RB,2025-10-31_12-35-32-301594.csv,PS,MN
79029,10288,2,PI,1,100,173720,173815
79029,10289,2,PR,1,100,148802,148819
79029,10290,2,PG,1,100,11111,11113
79015,10291,1,EA,1,100,2.998536
79015,10292,1,EL,1,100,-19134.599609
79042,10293,2,AX,1,100,-1.054,-1.063
79042,10294,2,AY,1,100,0.261,0.265
79042,10295,2,AZ,1,100,-0.010,-0.012
79042,10296,2,GX,1,100,-0.732,-0.732
79042,10297,2,GY,1,100,0.366,0.397
79042,10298,2,GZ,1,100,0.244,0.549
79042,10299,2,MX,1,100,97,97
79042,10300,2,MY,1,100,-38,-39
79042,10301,2,MZ,1,100,-5,-5
79150,10302,3,PI,1,100,173876,173937,174016
79150,10303,3,PR,1,100,148834,148845,148857
79150,10304,3,PG,1,100,11124,11135,11141
79148,10305,2,EA,1,100,2.995953,2.998536
79148,10306,2,EL,1,100,-19134.199219,-19134.599609
79075,10307,1,T1,1,100,25.256
79090,10308,1,TH,1,100,23.908
79162,10309,3,AX,1,100,-1.062,-1.054,-1.062
79162,10310,3,AY,1,100,0.260,0.258,0.260
79162,10311,3,AZ,1,100,-0.010,-0.013,-0.004
79162,10312,3,GX,1,100,-0.610,-0.610,-0.275
79162,10313,3,GY,1,100,0.336,0.092,-0.031
79162,10314,3,GZ,1,100,0.397,0.061,0.092
79162,10315,3,MX,1,100,96,97,97
79162,10316,3,MY,1,100,-37,-38,-39
79162,10317,3,MZ,1,100,-5,-6,-5
79198,10318,4,EM,1,100,RS,RB,2025-10-31_12-35-32-301594.csv,PS,MN
79215,10319,1,SF,1,100,0.0000
79229,10320,2,PI,1,100,174117,174225
79229,10321,2,PR,1,100,148874,148905
79229,10322,2,PG,1,100,11137,11147
79215,10323,1,EA,1,100,2.998536
79215,10324,1,EL,1,100,-19134.599609
79208,10325,1,T1,1,100,25.288
79223,10326,1,TH,1,100,23.794
79242,10327,2,AX,1,100,-1.066,-1.061
79242,10328,2,AY,1,100,0.260,0.259
79242,10329,2,AZ,1,100,-0.007,-0.011
79242,10330,2,GX,1,100,-0.488,-0.671
79242,10331,2,GY,1,100,0.275,0.000
79242,10332,2,GZ,1,100,0.732,0.122
79242,10333,2,MX,1,100,97,97
79242,10334,2,MY,1,100,-38,-38
79242,10335,2,MZ,1,100,-5,-5
79363,10336,3,PI,1,100,173856,173350,173215
79363,10337,3,PR,1,100,148828,148724,148680
79363,10338,3,PG,1,100,11135,11131,11119
79348,10339,2,EA,1,100,2.999835,3.001122
79348,10340,2,EL,1,100,-19134.800781,-19135.000000
79341,10341,1,T1,1,100,25.267
79356,10342,1,TH,1,100,23.801
79363,10343,3,AX,1,100,-1.057,-1.059,-1.059
79363,10344,3,AY,1,100,0.258,0.266,0.267
79363,10345,3,AZ,1,100,-0.009,-0.009,-0.015
79363,10346,3,GX,1,100,-0.824,-0.977,-0.671
79363,10347,3,GY,1,100,0.000,0.214,0.092
79363,10348,3,GZ,1,100,0.000,-0.214,0.183
79363,10349,3,MX,1,100,96,97,96
79363,10350,3,MY,1,100,-37,-37,-38
79363,10351,3,MZ,1,100,-5,-5,-6
79407,10352,4,EM,1,100,RS,RB,2025-10-31_12-35-32-301594.csv,PS,MN
79443,10353,2,PI,1,100,173258,173321
79443,10354,2,PR,1,100,148687,148694
79443,10355,2,PG,1,100,11108,11113
79415,10356,1,EA,1,100,3.001122
79415,10357,1,EL,1,100,-19135.000000
79443,10358,2,AX,1,100,-1.060,-1.061
79443,10359,2,AY,1,100,0.264,0.256
79443,10360,2,AZ,1,100,-0.010,-0.008
79443,10361,2,GX,1,100,-0.458,-0.214
79443,10362,2,GY,1,100,-0.122,-0.092
79443,10363,2,GZ,1,100,-0.092,0.000
79443,10364,2,MX,1,100,96,97
79443,10365,2,MY,1,100,-38,-38
79443,10366,2,MZ,1,100,-5,-5
79548,10367,1,SF,1,100,0.0000
79563,10368,3,PI,1,100,173405,173498,173485
79563,10369,3,PR,1,100,148726,148754,148747
79563,10370,3,PG,1,100,11106,11113,11134
79548,10371,2,EA,1,100,3.001122,3.001122
79548,10372,2,EL,1,100,-19135.000000,-19135.000000
79475,10373,1,T1,1,100,25.257
79490,10374,1,TH,1,100,23.823
79549,10375,3,AX,1,100,-1.059,-1.061,-1.063
79549,10376,3,AY,1,100,0.250,0.259,0.265
79549,10377,3,AZ,1,100,-0.007,-0.008,-0.012
79549,10378,3,GX,1,100,-0.061,-0.519,-0.671
79549,10379,3,GY,1,100,-0.092,-0.031,0.153
79549,10380,3,GZ,1,100,0.153,0.549,0.366
79549,10381,3,MX,1,100,97,96,97
79549,10382,3,MY,1,100,-38,-38,-38
79549,10383,3,MZ,1,100,-6,-6,-6
79609,10384,4,EM,1,100,RS,RB,2025-10-31_12-35-32-301594.csv,PS,MN
79643,10385,1,BI,1,100,760
79643,10386,1,HR,1,100,80.11
79643,10387,2,PI,1,100,173472,173532
79643,10388,2,PR,1,100,148743,148771
79643,10389,2,PG,1,100,11109,11126
79615,10390,1,EA,1,100,3.001122
79615,10391,1,EL,1,100,-19135.000000
79608,10392,1,T1,1,100,25.253
79623,10393,1,TH,1,100,23.823
79669,10394,3,AX,1,100,-1.056,-1.057,-1.061
79669,10395,3,AY,1,100,0.262,0.259,0.262
79669,10396,3,AZ,1,100,-0.013,-0.010,-0.009
79669,10397,3,GX,1,100,-0.427,-0.336,-0.610
79669,10398,3,GY,1,100,0.061,0.061,0.153
79669,10399,3,GZ,1,100,0.153,0.153,0.122
79669,10400,3,MX,1,100,96,97,96
79669,10401,3,MY,1,100,-38,-39,-38
79669,10402,3,MZ,1,100,-5,-4,-5
79763,10403,3,PI,1,100,173607,173711,173798
79763,10404,3,PR,1,100,148778,148790,148813
79763,10405,3,PG,1,100,11141,11135,11133
79748,10406,2,EA,1,100,3.001122,3.001122
79748,10407,2,EL,1,100,-19135.000000,-19135.000000
79741,10408,1,T1,1,100,25.251
79756,10409,1,TH,1,100,23.821
79749,10410,2,AX,1,100,-1.061,-1.056
79749,10411,2,AY,1,100,0.258,0.262
79749,10412,2,AZ,1,100,-0.009,-0.013
79749,10413,2,GX,1,100,-0.580,-0.763
79749,10414,2,GY,1,100,0.092,0.031
79749,10415,2,GZ,1,100,0.031,-0.153
79749,10416,2,MX,1,100,97,97
79749,10417,2,MY,1,100,-38,-39
79749,10418,2,MZ,1,100,-5,-5
79810,10419,4,EM,1,100,RS,RB,2025-10-31_12-35-32-301594.csv,PS,MN
79843,10420,2,PI,1,100,173879,173960
79843,10421,2,PR,1,100,148831,148850
79843,10422,2,PG,1,100,11129,11145
79815,10423,1,EA,1,100,3.003714
79815,10424,1,EL,1,100,-19135.400391
79875,10425,1,T1,1,100,25.215
79869,10426,3,AX,1,100,-1.057,-1.060,-1.058
79869,10427,3,AY,1,100,0.264,0.260,0.266
79869,10428,3,AZ,1,100,-0.016,-0.011,-0.011
79869,10429,3,GX,1,100,-0.854,-0.610,-0.549
79869,10430,3,GY,1,100,0.092,0.092,0.000
79869,10431,3,GZ,1,100,-0.061,-0.031,-0.183
79869,10432,3,MX,1,100,97,96,98
79869,10433,3,MY,1,100,-36,-38,-38
79869,10434,3,MZ,1,100,-4,-5,-5
79948,10435,1,SF,1,100,0.0000
79963,10436,3,PI,1,100,174021,174074,174150
79963,10437,3,PR,1,100,148858,148896,148914
79963,10438,3,PG,1,100,11156,11154,11169
79948,10439,2,EA,1,100,3.006310,3.005005
79948,10440,2,EL,1,100,-19135.800781,-19135.599609
79889,10441,1,TH,1,100,23.821
79949,10442,2,AX,1,100,-1.060,-1.061
79949,10443,2,AY,1,100,0.261,0.260
79949,10444,2,AZ,1,100,-0.012,-0.008
79949,10445,2,GX,1,100,-0.458,-0.458
79949,10446,2,GY,1,100,-0.183,0.000
79949,10447,2,GZ,1,100,-0.153,-0.061
79949,10448,2,MX,1,100,97,97
79949,10449,2,MY,1,100,-38,-39
79949,10450,2,MZ,1,100,-3,-5
80011,10451,4,EM,1,100,RS,RB,2025-10-31_12-35-32-301594.csv,PS,MN
80043,10452,2,PI,1,100,174252,173979
80043,10453,2,PR,1,100,148915,148872
80043,10454,2,PG,1,100,11174,11161
80015,10455,1,EA,1,100,3.003714
80015,10456,1,EL,1,100,-19135.400391
80008,10457,1,T1,1,100,25.164
80023,10458,1,TH,1,100,23.854
80069,10459,3,AX,1,100,-1.062,-1.061,-1.056
80069,10460,3,AY,1,100,0.255,0.260,0.264
80069,10461,3,AZ,1,100,-0.008,-0.011,-0.014
80069,10462,3,GX,1,100,-0.488,-0.946,-1.099
80069,10463,3,GY,1,100,-0.061,-0.122,0.000
80069,10464,3,GZ,1,100,0.092,-0.214,-0.275
80069,10465,3,MX,1,100,97,96,96
80069,10466,3,MY,1,100,-38,-38,-38
80069,10467,3,MZ,1,100,-6,-5,-5
80163,10468,3,PI,1,100,173452,173294,173353
80163,10469,3,PR,1,100,148744,148702,148718
80163,10470,3,PG,1,100,11148,11144,11146
80148,10471,2,EA,1,100,3.002411,3.006310
80148,10472,2,EL,1,100,-19135.199219,-19135.800781
80141,10473,1,T1,1,100,25.213
80156,10474,1,TH,1,100,23.861
80149,10475,2,AX,1,100,-1.058,-1.057
80149,10476,2,AY,1,100,0.268,0.263
80149,10477,2,AZ,1,100,-0.015,-0.016
80149,10478,2,GX,1,100,-0.641,-0.488
80149,10479,2,GY,1,100,-0.031,-0.092
80149,10480,2,GZ,1,100,-0.153,-0.122
80149,10481,2,MX,1,100,97,97
80149,10482,2,MY,1,100,-37,-38
80149,10483,2,MZ,1,100,-4,-5
80212,10484,4,EM,1,100,RS,RB,2025-10-31_12-35-32-301594.csv,PS,MN
80281,10485,1,SF,1,100,0.0000
80283,10486,3,PI,1,100,173378,173471,173552
80283,10487,3,PR,1,100,148739,148734,148768
80283,10488,3,PG,1,100,11126,11141,11150
80281,10489,2,EA,1,100,3.006310,3.007603
80281,10490,2,EL,1,100,-19135.800781,-19136.000000
80275,10491,1,T1,1,100,25.269
80289,10492,1,TH,1,100,23.826
80269,10493,3,AX,1,100,-1.058,-1.057,-1.058
80269,10494,3,AY,1,100,0.261,0.256,0.256
80269,10495,3,AZ,1,100,-0.009,-0.011,-0.008
80269,10496,3,GX,1,100,-0.031,0.000,-0.305
80269,10497,3,GY,1,100,-0.366,-0.244,-0.366
80269,10498,3,GZ,1,100,-0.092,-0.031,-0.153
80269,10499,3,MX,1,100,96,97,96
80269,10500,3,MY,1,100,-38,-39,-39
80269,10501,3,MZ,1,100,-5,-5,-5
80363,10502,2,PI,1,100,173535,173541
80363,10503,2,PR,1,100,148761,148782
80363,10504,2,PG,1,100,11141,11135
80348,10505,1,EA,1,100,3.007603
80348,10506,1,EL,1,100,-19136.000000
80375,10507,3,AX,1,100,-1.065,-1.061,-1.058
80375,10508,3,AY,1,100,0.267,0.260,0.260
80375,10509,3,AZ,1,100,-0.010,-0.006,-0.010
80375,10510,3,GX,1,100,-0.549,-0.519,-0.488
80375,10511,3,GY,1,100,-0.397,-0.092,-0.122
80375,10512,3,GZ,1,100,0.153,-0.153,-0.244
80375,10513,3,MX,1,100,96,97,97
80375,10514,3,MY,1,100,-38,-38,-38
80375,10515,3,MZ,1,100,-5,-4,-4
80413,10516,4,EM,1,100,RS,RB,2025-10-31_12-35-32-301594.csv,PS,MN
80443,10517,1,BI,1,100,800
80443,10518,1,HR,1,100,78.97
80483,10519,3,PI,1,100,173566,173670,173749
80483,10520,3,PR,1,100,148797,148790,148807
80483,10521,3,PG,1,100,11154,11149,11171
80481,10522,2,EA,1,100,3.007603,3.007603
80481,10523,2,EL,1,100,-19136.000000,-19136.000000
80408,10524,1,T1,1,100,25.223
80423,10525,1,TH,1,100,23.826
80455,10526,2,AX,1,100,-1.057,-1.066
80455,10527,2,AY,1,100,0.258,0.258
80455,10528,2,AZ,1,100,-0.012,-0.010
80455,10529,2,GX,1,100,-0.610,-0.732
80455,10530,2,GY,1,100,-0.244,-0.214
80455,10531,2,GZ,1,100,-0.244,-0.336
80455,10532,2,MX,1,100,96,96
80455,10533,2,MY,1,100,-39,-38
80455,10534,2,MZ,1,100,-5,-4
80548,10535,1,SF,1,100,0.0000
80563,10536,2,PI,1,100,173857,173915
80563,10537,2,PR,1,100,148837,148856
80563,10538,2,PG,1,100,11166,11192
80548,10539,1,EA,1,100,3.007603
80548,10540,1,EL,1,100,-19136.000000
80541,10541,1,T1,1,100,25.274
80556,10542,1,TH,1,100,23.814
80575,10543,3,AX,1,100,-1.059,-1.055,-1.064
80575,10544,3,AY,1,100,0.254,0.254,0.259
80575,10545,3,AZ,1,100,-0.008,-0.014,-0.008
80575,10546,3,GX,1,100,-0.671,-0.946,-0.946
80575,10547,3,GY,1,100,-0.214,-0.275,-0.183
80575,10548,3,GZ,1,100,-0.427,-0.519,-0.031
80575,10549,3,MX,1,100,97,98,97
80575,10550,3,MY,1,100,-37,-39,-38
80575,10551,3,MZ,1,100,-4,-5,-4
80619,10552,4,EM,1,100,RS,RB,2025-10-31_12-35-32-301594.csv,PS,MN
80683,10553,3,PI,1,100,173981,174044,174113
80683,10554,3,PR,1,100,148860,148875,148882
80683,10555,3,PG,1,100,11192,11175,11190
80681,10556,2,EA,1,100,3.007603,3.008897
80681,10557,2,EL,1,100,-19136.000000,-19136.199219
80675,10558,1,T1,1,100,25.260
80689,10559,1,TH,1,100,23.814
80655,10560,2,AX,1,100,-1.062,-1.056
80655,10561,2,AY,1,100,0.260,0.258
80655,10562,2,AZ,1,100,-0.011,-0.010
80655,10563,2,GX,1,100,-0.916,-0.580
80655,10564,2,GY,1,100,-0.214,-0.336
80655,10565,2,GZ,1,100,-0.244,-0.488
80655,10566,2,MX,1,100,97,96
80655,10567,2,MY,1,100,-37,-38
80655,10568,2,MZ,1,100,-5,-4
80763,10569,2,PI,1,100,174195,174278
80763,10570,2,PR,1,100,148890,148920
80763,10571,2,PG,1,100,11195,11203
80748,10572,1,EA,1,100,3.007603
80748,10573,1,EL,1,100,-19136.000000
80775,10574,3,AX,1,100,-1.063,-1.066,-1.062
80775,10575,3,AY,1,100,0.259,0.255,0.251
80775,10576,3,AZ,1,100,-0.010,-0.008,-0.005
80775,10577,3,GX,1,100,-0.366,-0.488,-0.519
80775,10578,3,GY,1,100,-0.366,-0.122,-0.153
80775,10579,3,GZ,1,100,-0.397,-0.031,-0.153
80775,10580,3,MX,1,100,97,97,97
80775,10581,3,MY,1,100,-38,-39,-38
80775,10582,3,MZ,1,100,-5,-4,-5
80825,10583,4,EM,1,100,RS,RB,2025-10-31_12-35-32-301594.csv,PS,MN
80881,10584,1,SF,1,100,0.0000
80883,10585,3,PI,1,100,174182,173618,173304
80883,10586,3,PR,1,100,148898,148777,148716
80883,10587,3,PG,1,100,11198,11188,11148
80881,10588,2,EA,1,100,3.008897,3.008897
80881,10589,2,EL,1,100,-19136.199219,-19136.199219
80808,10590,1,T1,1,100,25.290
80823,10591,1,TH,1,100,23.839
80895,10592,3,AX,1,100,-1.058,-1.062,-1.059
80895,10593,3,AY,1,100,0.254,0.257,0.263
80895,10594,3,AZ,1,100,-0.010,-0.011,-0.013
80895,10595,3,GX,1,100,-0.763,-1.190,-1.068
80895,10596,3,GY,1,100,-0.244,-0.061,-0.031
80895,10597,3,GZ,1,100,-0.244,-0.641,-0.610
80895,10598,3,MX,1,100,96,98,96
80895,10599,3,MY,1,100,-38,-38,-38
80895,10600,3,MZ,1,100,-5,-5,-5
80847,10601,1,BV,1,100,4.10
80847,10602,1,B%,1,100,100
80963,10603,2,PI,1,100,173300,173342
80963,10604,2,PR,1,100,148724,148715
80963,10605,2,PG,1,100,11149,11143
80948,10606,1,EA,1,100,3.011502
80948,10607,1,EL,1,100,-19136.599609
80941,10608,1,T1,1,100,25.267
80956,10609,1,TH,1,100,23.839
80975,10610,2,AX,1,100,-1.058,-1.063
80975,10611,2,AY,1,100,0.263,0.251
80975,10612,2,AZ,1,100,-0.011,-0.008
80975,10613,2,GX,1,100,-0.610,-0.305
80975,10614,2,GY,1,100,-0.214,-0.305
80975,10615,2,GZ,1,100,-0.458,-0.580
80975,10616,2,MX,1,100,97,97
80975,10617,2,MY,1,100,-39,-38
80975,10618,2,MZ,1,100,-5,-5
81032,10619,4,EM,1,100,RS,RB,2025-10-31_12-35-32-301594.csv,PS,MN
81083,10620,3,PI,1,100,173359,173448,173482
81083,10621,3,PR,1,100,148723,148743,148749
81083,10622,3,PG,1,100,11134,11161,11158
81081,10623,2,EA,1,100,3.011502,3.011502
81081,10624,2,EL,1,100,-19136.599609,-19136.599609
81074,10625,1,T1,1,100,25.187
81089,10626,1,TH,1,100,23.752
81095,10627,3,AX,1,100,-1.056,-1.056,-1.057
81095,10628,3,AY,1,100,0.248,0.248,0.253
81095,10629,3,AZ,1,100,-0.009,-0.002,-0.012
81095,10630,3,GX,1,100,-0.214,-0.427,-0.824
81095,10631,3,GY,1,100,-0.214,-0.458,-0.366
81095,10632,3,GZ,1,100,-0.305,-0.488,0.000
81095,10633,3,MX,1,100,96,97,97
81095,10634,3,MY,1,100,-39,-38,-39
81095,10635,3,MZ,1,100,-4,-4,-5
81163,10636,2,PI,1,100,173461,173510
81163,10637,2,PR,1,100,148767,148760
81163,10638,2,PG,1,100,11163,11151
81148,10639,1,EA,1,100,3.014111
81148,10640,1,EL,1,100,-19137.000000
81163,10641,2,AX,1,100,-1.069,-1.065
81163,10642,2,AY,1,100,0.263,0.257
81163,10643,2,AZ,1,100,-0.010,-0.002
81163,10644,2,GX,1,100,-0.885,-0.732
81163,10645,2,GY,1,100,-0.427,-0.183
81163,10646,2,GZ,1,100,-0.153,0.061
81163,10647,2,MX,1,100,97,97
81163,10648,2,MY,1,100,-39,-39
81163,10649,2,MZ,1,100,-5,-5
81232,10650,4,EM,1,100,RS,RB,2025-10-31_12-35-32-301594.csv,PS,MN
81243,10651,1,BI,1,100,800
81243,10652,1,HR,1,100,78.09
81281,10653,1,SF,1,100,0.0000
81283,10654,3,PI,1,100,173567,173646,173729
81283,10655,3,PR,1,100,148764,148780,148831
81283,10656,3,PG,1,100,11165,11167,11171
81281,10657,2,EA,1,100,3.014111,3.010205
81281,10658,2,EL,1,100,-19137.000000,-19136.400391
81208,10659,1,T1,1,100,25.258
81223,10660,1,TH,1,100,23.759
81283,10661,3,AX,1,100,-1.057,-1.062,-1.066
81283,10662,3,AY,1,100,0.252,0.250,0.253
81283,10663,3,AZ,1,100,-0.010,-0.007,-0.006
81283,10664,3,GX,1,100,-0.488,-0.458,-0.763
81283,10665,3,GY,1,100,-0.061,-0.122,0.122
81283,10666,3,GZ,1,100,-0.275,-0.336,-0.122
81283,10667,3,MX,1,100,96,97,97
81283,10668,3,MY,1,100,-39,-39,-39
81283,10669,3,MZ,1,100,-4,-3,-4
81363,10670,2,PI,1,100,173826,173894
81363,10671,2,PR,1,100,148822,148829
81363,10672,2,PG,1,100,11179,11190
81348,10673,1,EA,1,100,3.014111
81348,10674,1,EL,1,100,-19137.000000
81341,10675,1,T1,1,100,25.253
81356,10676,1,TH,1,100,23.817
81403,10677,3,AX,1,100,-1.064,-1.056,-1.063
81403,10678,3,AY,1,100,0.250,0.249,0.253
81403,10679,3,AZ,1,100,-0.007,-0.009,-0.010
81403,10680,3,GX,1,100,-0.854,-0.916,-1.160
81403,10681,3,GY,1,100,0.214,0.214,0.275
81403,10682,3,GZ,1,100,-0.427,-0.488,-0.275
81403,10683,3,MX,1,100,96,96,96
81403,10684,3,MY,1,100,-39,-39,-38
81403,10685,3,MZ,1,100,-3,-5,-4
81433,10686,4,EM,1,100,RS,RB,2025-10-31_12-35-32-301594.csv,PS,MN
81483,10687,3,PI,1,100,173941,174012,174095
81483,10688,3,PR,1,100,148837,148875,148884
81483,10689,3,PG,1,100,11180,11200,11195
81481,10690,2,EA,1,100,3.014111,3.014111
81481,10691,2,EL,1,100,-19137.000000,-19137.000000
81474,10692,1,T1,1,100,25.322
81489,10693,1,TH,1,100,23.817
81483,10694,2,AX,1,100,-1.058,-1.052
81483,10695,2,AY,1,100,0.261,0.256
81483,10696,2,AZ,1,100,-0.014,-0.013
81483,10697,2,GX,1,100,-1.129,-0.641
81483,10698,2,GY,1,100,0.244,-0.031
81483,10699,2,GZ,1,100,-0.244,-0.122
81483,10700,2,MX,1,100,96,97
81483,10701,2,MY,1,100,-39,-39
81483,10702,2,MZ,1,100,-5,-4
81548,10703,1,SF,1,100,0.0000
81563,10704,2,PI,1,100,174153,174243
81563,10705,2,PR,1,100,148888,148909
81563,10706,2,PG,1,100,11196,11206
81548,10707,1,EA,1,100,3.014111
81548,10708,1,EL,1,100,-19137.000000
81563,10709,2,AX,1,100,-1.071,-1.067
81563,10710,2,AY,1,100,0.256,0.247
81563,10711,2,AZ,1,100,-0.007,-0.003
81563,10712,2,GX,1,100,-0.275,-0.092
81563,10713,2,GY,1,100,-0.183,0.031
81563,10714,2,GZ,1,100,-0.092,0.397
81563,10715,2,MX,1,100,97,97
81563,10716,2,MY,1,100,-37,-39
81563,10717,2,MZ,1,100,-3,-4
81634,10718,4,EM,1,100,RS,RB,2025-10-31_12-35-32-301594.csv,PS,MN
81696,10719,3,PI,1,100,174175,173632,173278
81696,10720,3,PR,1,100,148917,148774,148692
81696,10721,3,PG,1,100,11209,11200,11166
81681,10722,2,EA,1,100,3.014111,3.014111
81681,10723,2,EL,1,100,-19137.000000,-19137.000000
81608,10724,1,T1,1,100,25.352
81623,10725,1,TH,1,100,23.799
81682,10726,3,AX,1,100,-1.059,-1.062,-1.062
81682,10727,3,AY,1,100,0.248,0.248,0.252
81682,10728,3,AZ,1,100,-0.010,-0.002,-0.011
81682,10729,3,GX,1,100,-0.244,-0.580,-0.641
81682,10730,3,GY,1,100,-0.366,-0.153,0.000
81682,10731,3,GZ,1,100,-0.153,0.183,-0.305
81682,10732,3,MX,1,100,96,96,97
81682,10733,3,MY,1,100,-38,-38,-39
81682,10734,3,MZ,1,100,-4,-4,-5
81776,10735,2,PI,1,100,173286,173339
81776,10736,2,PR,1,100,148702,148716
81776,10737,2,PG,1,100,11164,11157
81748,10738,1,EA,1,100,3.014111
81748,10739,1,EL,1,100,-19137.000000
81741,10740,1,T1,1,100,25.401
81756,10741,1,TH,1,100,23.799
81802,10742,3,AX,1,100,-1.057,-1.058,-1.065
81802,10743,3,AY,1,100,0.257,0.250,0.250
81802,10744,3,AZ,1,100,-0.010,-0.007,-0.008
81802,10745,3,GX,1,100,-0.549,-0.549,-0.427
81802,10746,3,GY,1,100,-0.061,-0.305,-0.244
81802,10747,3,GZ,1,100,-0.458,-0.366,-0.092
81802,10748,3,MX,1,100,96,96,97
81802,10749,3,MY,1,100,-39,-40,-38
81802,10750,3,MZ,1,100,-5,-5,-5
81835,10751,4,EM,1,100,RS,RB,2025-10-31_12-35-32-301594.csv,PS,MN
81881,10752,1,SF,1,100,0.0000
81896,10753,3,PI,1,100,173341,173424,173484
81896,10754,3,PR,1,100,148702,148732,148759
81896,10755,3,PG,1,100,11165,11162,11180
81881,10756,2,EA,1,100,3.014111,3.014111
81881,10757,2,EL,1,100,-19137.000000,-19137.000000
81874,10758,1,T1,1,100,25.386
81889,10759,1,TH,1,100,23.866
81882,10760,2,AX,1,100,-1.060,-1.057
81882,10761,2,AY,1,100,0.246,0.250
81882,10762,2,AZ,1,100,-0.010,-0.008
81882,10763,2,GX,1,100,-0.336,-0.519
81882,10764,2,GY,1,100,-0.244,-0.427
81882,10765,2,GZ,1,100,-0.214,-0.061
81882,10766,2,MX,1,100,96,97
81882,10767,2,MY,1,100,-40,-39
81882,10768,2,MZ,1,100,-4,-5
81976,10769,2,PI,1,100,173474,173491
81976,10770,2,PR,1,100,148738,148754
81976,10771,2,PG,1,100,11168,11168
81948,10772,1,EA,1,100,3.014111
81948,10773,1,EL,1,100,-19137.000000
81989,10774,3,AX,1,100,-1.068,-1.066,-1.057
81989,10775,3,AY,1,100,0.256,0.251,0.242
81989,10776,3,AZ,1,100,-0.010,-0.008,-0.009
81989,10777,3,GX,1,100,-0.549,-0.275,0.061
81989,10778,3,GY,1,100,-0.275,-0.092,-0.183
81989,10779,3,GZ,1,100,0.336,-0.061,-0.153
81989,10780,3,MX,1,100,97,96,96
81989,10781,3,MY,1,100,-39,-38,-39
81989,10782,3,MZ,1,100,-5,-5,-3
82036,10783,4,EM,1,100,RS,RB,2025-10-31_12-35-32-301594.csv,PS,MN
82056,10784,1,BI,1,100,800
82056,10785,1,HR,1,100,77.40
82096,10786,3,PI,1,100,173562,173630,173735
82096,10787,3,PR,1,100,148765,148780,148808
82096,10788,3,PG,1,100,11168,11180,11198
82081,10789,2,EA,1,100,3.015411,3.016725
82081,10790,2,EL,1,100,-19137.199219,-19137.400391
82008,10791,1,T1,1,100,25.273
82023,10792,1,TH,1,100,23.866
82109,10793,3,AX,1,100,-1.063,-1.067,-1.062
82109,10794,3,AY,1,100,0.245,0.247,0.248
82109,10795,3,AZ,1,100,-0.004,-0.009,-0.008
82109,10796,3,GX,1,100,-0.214,-0.610,-0.671
82109,10797,3,GY,1,100,-0.153,0.061,0.092
82109,10798,3,GZ,1,100,-0.031,0.153,-0.153
82109,10799,3,MX,1,100,96,97,96
82109,10800,3,MY,1,100,-39,-40,-40
82109,10801,3,MZ,1,100,-5,-5,-3
82176,10802,2,PI,1,100,173796,173874
82176,10803,2,PR,1,100,148812,148825
82176,10804,2,PG,1,100,11188,11203
82148,10805,1,EA,1,100,3.019344
82148,10806,1,EL,1,100,-19137.800781
82141,10807,1,T1,1,100,25.331
82156,10808,1,TH,1,100,23.920
82189,10809,2,AX,1,100,-1.057,-1.066
82189,10810,2,AY,1,100,0.253,0.257
82189,10811,2,AZ,1,100,-0.012,-0.014
82189,10812,2,GX,1,100,-0.793,-0.763
82189,10813,2,GY,1,100,0.092,0.092
82189,10814,2,GZ,1,100,-0.244,0.000
82189,10815,2,MX,1,100,96,96
82189,10816,2,MY,1,100,-38,-40
82189,10817,2,MZ,1,100,-4,-4
82238,10818,4,EM,1,100,RS,RB,2025-10-31_12-35-32-301594.csv,PS,MN
82281,10819,1,SF,1,100,0.0000
82296,10820,3,PI,1,100,173964,174006,174070
82296,10821,3,PR,1,100,148862,148856,148872
82296,10822,3,PG,1,100,11209,11206,11212
82281,10823,2,EA,1,100,3.015411,3.016725
82281,10824,2,EL,1,100,-19137.199219,-19137.400391
82274,10825,1,T1,1,100,25.321
82289,10826,1,TH,1,100,23.927
82309,10827,3,AX,1,100,-1.062,-1.056,-1.060
82309,10828,3,AY,1,100,0.256,0.250,0.248
82309,10829,3,AZ,1,100,-0.013,-0.008,-0.008
82309,10830,3,GX,1,100,-0.549,-0.061,0.000
82309,10831,3,GY,1,100,0.122,-0.153,-0.336
82309,10832,3,GZ,1,100,-0.031,-0.122,0.000
82309,10833,3,MX,1,100,96,96,97
82309,10834,3,MY,1,100,-38,-40,-39
82309,10835,3,MZ,1,100,-5,-4,-5
82376,10836,2,PI,1,100,174155,174255
82376,10837,2,PR,1,100,148891,148909
82376,10838,2,PG,1,100,11224,11209
82348,10839,1,EA,1,100,3.014111
82348,10840,1,EL,1,100,-19137.000000
82408,10841,1,T1,1,100,25.245
82389,10842,2,AX,1,100,-1.071,-1.063
82389,10843,2,AY,1,100,0.252,0.242
82389,10844,2,AZ,1,100,-0.004,-0.006
82389,10845,2,GX,1,100,-0.031,-0.061
82389,10846,2,GY,1,100,-0.183,-0.153
82389,10847,2,GZ,1,100,0.153,0.061
82389,10848,2,MX,1,100,95,96
82389,10849,2,MY,1,100,-39,-39
82389,10850,2,MZ,1,100,-5,-4
82445,10851,4,EM,1,100,RS,RB,2025-10-31_12-35-32-301594.csv,PS,MN
82496,10852,3,PI,1,100,174267,173804,173353
82496,10853,3,PR,1,100,148915,148810,148702
82496,10854,3,PG,1,100,11229,11215,11187
82481,10855,2,EA,1,100,3.014111,3.014111
82481,10856,2,EL,1,100,-19137.000000,-19137.000000
82423,10857,1,TH,1,100,23.889
82509,10858,3,AX,1,100,-1.057,-1.065,-1.055
82509,10859,3,AY,1,100,0.247,0.255,0.245
82509,10860,3,AZ,1,100,-0.013,-0.007,-0.006
82509,10861,3,GX,1,100,-0.366,-1.007,-0.946
82509,10862,3,GY,1,100,-0.397,-0.061,-0.244
82509,10863,3,GZ,1,100,-0.275,0.092,-0.336
82509,10864,3,MX,1,100,97,96,96
82509,10865,3,MY,1,100,-38,-39,-39
82509,10866,3,MZ,1,100,-5,-5,-4
82614,10867,1,SF,1,100,0.0000
82616,10868,3,PI,1,100,173326,173357,173401
82616,10869,3,PR,1,100,148699,148709,148726
82616,10870,3,PG,1,100,11203,11187,11183
82614,10871,2,EA,1,100,3.015411,3.014111
82614,10872,2,EL,1,100,-19137.199219,-19137.000000
82541,10873,1,T1,1,100,25.283
82556,10874,1,TH,1,100,23.889
82589,10875,2,AX,1,100,-1.053,-1.067
82589,10876,2,AY,1,100,0.253,0.247
82589,10877,2,AZ,1,100,-0.016,-0.008
82589,10878,2,GX,1,100,-0.824,-0.610
82589,10879,2,GY,1,100,-0.427,-0.793
82589,10880,2,GZ,1,100,-0.122,0.092
82589,10881,2,MX,1,100,96,96
82589,10882,2,MY,1,100,-40,-39
82589,10883,2,MZ,1,100,-5,-4
82646,10884,4,EM,1,100,RS,RB,2025-10-31_12-35-32-301594.csv,PS,MN
82696,10885,2,PI,1,100,173466,173539
82696,10886,2,PR,1,100,148744,148756
82696,10887,2,PG,1,100,11189,11193
82681,10888,1,EA,1,100,3.014111
82681,10889,1,EL,1,100,-19137.000000
82674,10890,1,T1,1,100,25.335
82689,10891,1,TH,1,100,23.859
82708,10892,3,AX,1,100,-1.077,-1.062,-1.055
82708,10893,3,AY,1,100,0.248,0.248,0.248
82708,10894,3,AZ,1,100,-0.005,-0.006,-0.007
82708,10895,3,GX,1,100,-0.397,-0.244,-0.427
82708,10896,3,GY,1,100,-0.244,-0.275,-0.183
82708,10897,3,GZ,1,100,1.373,-0.305,0.061
82708,10898,3,MX,1,100,97,97,97
82708,10899,3,MY,1,100,-38,-39,-40
82708,10900,3,MZ,1,100,-5,-4,-5
82816,10901,3,PI,1,100,173546,173537,173601
82816,10902,3,PR,1,100,148759,148770,148783
82816,10903,3,PG,1,100,11196,11197,11202
82814,10904,2,EA,1,100,3.014111,3.014111
82814,10905,2,EL,1,100,-19137.000000,-19137.000000
82808,10906,1,T1,1,100,25.322
82823,10907,1,TH,1,100,23.866
82816,10908,3,AX,1,100,-1.064,-1.065,-1.059
82816,10909,3,AY,1,100,0.252,0.253,0.248
82816,10910,3,AZ,1,100,-0.011,-0.006,-0.007
82816,10911,3,GX,1,100,-0.580,-0.366,-0.244
82816,10912,3,GY,1,100,0.031,0.061,-0.031
82816,10913,3,GZ,1,100,0.214,0.397,0.061
82816,10914,3,MX,1,100,96,97,97
82816,10915,3,MY,1,100,-38,-39,-38
82816,10916,3,MZ,1,100,-5,-5,-5
82853,10917,4,EM,1,100,RS,RB,2025-10-31_12-35-32-301594.csv,PS,MN
82856,10918,1,BI,1,100,800
82856,10919,1,HR,1,100,76.87
82881,10920,1,SF,1,100,0.0000
82896,10921,2,PI,1,100,173680,173751
82896,10922,2,PR,1,100,148798,148804
82896,10923,2,PG,1,100,11212,11205
82881,10924,1,EA,1,100,3.014111
82881,10925,1,EL,1,100,-19137.000000
82896,10926,2,AX,1,100,-1.061,-1.060
82896,10927,2,AY,1,100,0.247,0.250
82896,10928,2,AZ,1,100,-0.009,-0.010
82896,10929,2,GX,1,100,-0.183,-0.519
82896,10930,2,GY,1,100,-0.031,-0.061
82896,10931,2,GZ,1,100,-0.031,0.092
82896,10932,2,MX,1,100,97,96
82896,10933,2,MY,1,100,-40,-38
82896,10934,2,MZ,1,100,-4,-5
83016,10935,3,PI,1,100,173849,173929,173991
83016,10936,3,PR,1,100,148830,148835,148850
83016,10937,3,PG,1,100,11199,11230,11228
83014,10938,2,EA,1,100,3.014111,3.014111
83014,10939,2,EL,1,100,-19137.000000,-19137.000000
82941,10940,1,T1,1,100,25.388
82956,10941,1,TH,1,100,23.923
83016,10942,3,AX,1,100,-1.075,-1.060,-1.054
83016,10943,3,AY,1,100,0.253,0.245,0.239
83016,10944,3,AZ,1,100,-0.005,-0.005,-0.010
83016,10945,3,GX,1,100,-1.007,-1.190,-0.580
83016,10946,3,GY,1,100,-0.793,-1.831,-1.068
83016,10947,3,GZ,1,100,-1.251,-5.280,-2.808
83016,10948,3,MX,1,100,97,96,96
83016,10949,3,MY,1,100,-39,-39,-39
83016,10950,3,MZ,1,100,-5,-5,-4
83053,10951,4,EM,1,100,RS,RB,2025-10-31_12-35-32-301594.csv,PS,MN
83096,10952,2,PI,1,100,174052,174142
83096,10953,2,PR,1,100,148880,148890
83096,10954,2,PG,1,100,11234,11235
83081,10955,1,EA,1,100,3.014111
83081,10956,1,EL,1,100,-19137.000000
83074,10957,1,T1,1,100,25.345
83089,10958,1,TH,1,100,23.923
83096,10959,2,AX,1,100,-1.051,-0.925
83096,10960,2,AY,1,100,0.242,0.309
83096,10961,2,AZ,1,100,-0.002,-0.057
83096,10962,2,GX,1,100,-0.488,-4.608
83096,10963,2,GY,1,100,-0.397,-10.132
83096,10964,2,GZ,1,100,-0.305,-17.670
83096,10965,2,MX,1,100,96,96
83096,10966,2,MY,1,100,-39,-41
83096,10967,2,MZ,1,100,-5,-3
83214,10968,1,SF,1,100,0.0000
83216,10969,3,PI,1,100,174200,174268,174392
83216,10970,3,PR,1,100,148898,148906,148965
83216,10971,3,PG,1,100,11245,11234,11232
83214,10972,2,EA,1,100,3.014111,3.014111
83214,10973,2,EL,1,100,-19137.000000,-19137.000000
83208,10974,1,T1,1,100,25.220
83222,10975,1,TH,1,100,23.866
83216,10976,3,AX,1,100,-1.202,-0.909,-0.960
83216,10977,3,AY,1,100,0.007,-0.523,-0.828
83216,10978,3,AZ,1,100,0.152,0.361,0.428
83216,10979,3,GX,1,100,-39.978,-103.851,-152.954
83216,10980,3,GY,1,100,-89.508,-203.217,-224.030
83216,10981,3,GZ,1,100,-186.462,-522.705,-696.930
83216,10982,3,MX,1,100,89,70,38
83216,10983,3,MY,1,100,-53,-69,-75
83216,10984,3,MZ,1,100, 1,12,20
83258,10985,4,EM,1,100,RS,RB,2025-10-31_12-35-32-301594.csv,PS,MN
83296,10986,2,PI,1,100,174073,173519
83296,10987,2,PR,1,100,148895,148753
83296,10988,2,PG,1,100,11245,11209
83281,10989,1,EA,1,100,3.014111
83281,10990,1,EL,1,100,-19137.000000
83296,10991,2,AX,1,100,-0.689,-0.736
83296,10992,2,AY,1,100,-0.791,-1.412
83296,10993,2,AZ,1,100,0.176,0.240
83296,10994,2,GX,1,100,-77.332,40.192
83296,10995,2,GY,1,100,-67.535,94.177
83296,10996,2,GZ,1,100,-454.010,151.489
83296,10997,2,MX,1,100,26,40
83296,10998,2,MY,1,100,-72,-75
83296,10999,2,MZ,1,100,22,14
83431,11000,2,DC,2,100,GZ,1
83416,11001,3,PI,1,100,173312,173411,173417
83416,11002,3,PR,1,100,148721,148756,148692
83416,11003,3,PG,1,100,11198,11174,11159
83414,11004,2,EA,1,100,3.012812,3.051084
83414,11005,2,EL,1,100,-19136.800781,-19142.599609
83341,11006,1,T1,1,100,25.237
83356,11007,1,TH,1,100,23.866
83416,11008,3,AX,1,100,-0.586,0.919,-1.312
83416,11009,3,AY,1,100,-1.316,-0.065,0.707
83416,11010,3,AZ,1,100,0.641,0.030,-0.561
83416,11011,3,GX,1,100,45.624,89.386,151.489
83416,11012,3,GY,1,100,248.444,262.451,-52.032
83416,11013,3,GZ,1,100,713.379,999.969,575.714
83416,11014,3,MX,1,100,72,101,104
83416,11015,3,MY,1,100,-65,-29,-28
83416,11016,3,MZ,1,100, 2,-6,-2
83460,11017,4,EM,1,100,RS,RB,2025-10-31_12-35-32-301594.csv,PS,MN
83496,11018,2,PI,1,100,173729,174157
83496,11019,2,PR,1,100,148708,148919
83496,11020,2,PG,1,100,11148,11217
83481,11021,1,EA,1,100,2.999835
83481,11022,1,EL,1,100,-19134.800781
83474,11023,1,T1,1,100,25.244
83489,11024,1,TH,1,100,23.927
83496,11025,2,AX,1,100,-2.673,-1.286
83496,11026,2,AY,1,100,-0.603,-0.083
83496,11027,2,AZ,1,100,0.551,0.442
83496,11028,2,GX,1,100,-369.720,-289.948
83496,11029,2,GY,1,100,-202.454,-73.761
83496,11030,2,GZ,1,100,-802.368,-906.647
83496,11031,2,MX,1,100,87,57
83496,11032,2,MY,1,100,-60,-77
83496,11033,2,MZ,1,100,14,18
83536,11034,1,BI,1,100,680
83536,11035,1,HR,1,100,79.39
83614,11036,1,SF,1,100,0.0000
83633,11037,2,DC,2,100,GZ,1
83616,11038,3,PI,1,100,174328,173909,173853
83616,11039,3,PR,1,100,149009,148896,148902
83616,11040,3,PG,1,100,11256,11232,11229
83614,11041,2,EA,1,100,2.995953,2.999835
83614,11042,2,EL,1,100,-19134.199219,-19134.800781
83608,11043,1,T1,1,100,25.177
83622,11044,1,TH,1,100,23.927
83602,11045,3,AX,1,100,-1.084,-0.627,1.303
83602,11046,3,AY,1,100,-0.750,-1.348,-0.403
83602,11047,3,AZ,1,100,0.148,0.334,-0.044
83602,11048,3,GX,1,100,26.062,66.437,52.063
83602,11049,3,GY,1,100,-9.552,233.856,166.626
83602,11050,3,GZ,1,100,-381.622,332.794,999.969
83602,11051,3,MX,1,100,44,66,94
83602,11052,3,MY,1,100,-76,-68,-38
83602,11053,3,MZ,1,100,13, 1,-4
83663,11054,4,EM,1,100,RS,RB,2025-10-31_12-35-32-301594.csv,PS,MN
83696,11055,2,PI,1,100,173869,174050
83696,11056,2,PR,1,100,148809,148784
83696,11057,2,PG,1,100,11177,11166
83681,11058,1,EA,1,100,2.966602
83681,11059,1,EL,1,100,-19129.599609
83722,11060,3,AX,1,100,-1.411,-1.603,-1.519
83722,11061,3,AY,1,100,0.905,-0.436,-0.552
83722,11062,3,AZ,1,100,-0.865,0.789,0.743
83722,11063,3,GX,1,100,279.633,-135.559,-288.666
83722,11064,3,GY,1,100,-117.218,-206.940,-223.083
83722,11065,3,GZ,1,100,581.879,-598.053,-715.302
83722,11066,3,MX,1,100,94,84,60
83722,11067,3,MY,1,100,-35,-57,-72
83722,11068,3,MZ,1,100,-9, 6,17
83816,11069,3,PI,1,100,174306,174492,174405
83816,11070,3,PR,1,100,148927,149016,149008
83816,11071,3,PG,1,100,11211,11232,11230
83814,11072,2,EA,1,100,2.890265,2.690404
83814,11073,2,EL,1,100,-19117.199219,-19081.400391
83741,11074,1,T1,1,100,25.289
83756,11075,1,TH,1,100,23.873
83802,11076,2,AX,1,100,-1.369,-1.148
83802,11077,2,AY,1,100,-0.946,-1.442
83802,11078,2,AZ,1,100,0.413,0.522
83802,11079,2,GX,1,100,-58.777,23.468
83802,11080,2,GY,1,100,-154.633,150.909
83802,11081,2,GZ,1,100,-573.181,-56.702
83802,11082,2,MX,1,100,39,48
83802,11083,2,MY,1,100,-73,-71
83802,11084,2,MZ,1,100,19, 5
83870,11085,4,EM,1,100,RS,RB,2025-10-31_12-35-32-301594.csv,PS,MN
83881,11086,1,SF,1,100,0.0000
83939,11087,2,DC,2,100,GZ,1
83936,11088,3,PI,1,100,174580,174841,174749
83936,11089,3,PR,1,100,149120,149255,149063
83936,11090,3,PG,1,100,11231,11237,11196
83881,11091,1,EA,1,100,2.773991
83881,11092,1,EL,1,100,-19097.000000
83874,11093,1,T1,1,100,25.409
83889,11094,1,TH,1,100,23.880
83922,11095,3,AX,1,100,-0.182,0.971,-0.848
83922,11096,3,AY,1,100,-1.497,0.187,0.790
83922,11097,3,AZ,1,100,0.602,-0.442,-0.493
83922,11098,3,GX,1,100,-84.167,120.270,340.485
83922,11099,3,GY,1,100,388.763,90.393,44.525
83922,11100,3,GZ,1,100,823.669,999.969,333.923
83922,11101,3,MX,1,100,80,94,93
83922,11102,3,MY,1,100,-52,-21,-17
83922,11103,3,MZ,1,100,-3,-13,-18
84037,11104,1,TL,1,100,2025-10-31_12-36-13-674856
84038,11105,2,AK,1,100,10265,RD
84038,11106,2,RD,1,100,TL,TU
84051,11107,1,TL,1,100,2025-10-31_12-36-18-722897
84052,11108,2,AK,1,100,11106,RD
84016,11109,2,PI,1,100,174572,174735
84016,11110,2,PR,1,100,148938,148982
84016,11111,2,PG,1,100,11189,11194
84014,11112,2,EA,1,100,2.718765,2.405148
84014,11113,2,EL,1,100,-19086.800781,-19020.000000
84008,11114,1,T1,1,100,25.354
84022,11115,1,TH,1,100,23.850
84042,11116,3,AX,1,100,-1.243,-1.951,-1.227
84042,11117,3,AY,1,100,0.482,0.789,0.461
84042,11118,3,AZ,1,100,0.163,0.440,0.187
84042,11119,3,GX,1,100,-107.849,-208.771,-41.931
84042,11120,3,GY,1,100,-117.249,-192.719,-39.581
84042,11121,3,GZ,1,100,-246.338,-250.214,-104.950
84042,11122,3,MX,1,100,97,98,98
84042,11123,3,MY,1,100,-25,-34,-37
84042,11124,3,MZ,1,100,-11,-5,-4
84080,11125,4,EM,1,100,RS,RB,2025-10-31_12-35-32-301594.csv,PS,MN
84149,11126,3,PI,1,100,174794,174301,173913
84149,11127,3,PR,1,100,149033,148940,148869
84149,11128,3,PG,1,100,11216,11191,11178
84148,11129,2,EA,1,100,2.254118,2.279947
84148,11130,2,EL,1,100,-18981.199219,-18988.199219
84141,11131,1,T1,1,100,25.437
84156,11132,1,TH,1,100,23.843
84122,11133,2,AX,1,100,-0.931,-1.185
84122,11134,2,AY,1,100,0.195,-0.205
84122,11135,2,AZ,1,100,0.165,0.388
84122,11136,2,GX,1,100,25.269,-24.109
84122,11137,2,GY,1,100,38.452,-28.931
84122,11138,2,GZ,1,100,-17.853,-140.900
84122,11139,2,MX,1,100,97,94
84122,11140,2,MY,1,100,-40,-49
84122,11141,2,MZ,1,100,-3,-1
84214,11142,1,SF,1,100,0.0000
84229,11143,2,PI,1,100,173868,174013
84229,11144,2,PR,1,100,148843,148883
84229,11145,2,PG,1,100,11176,11185
84214,11146,1,EA,1,100,2.285939
84214,11147,1,EL,1,100,-18989.800781
84242,11148,3,AX,1,100,-1.593,-1.839,-1.483
84242,11149,3,AY,1,100,-0.365,-0.520,-0.695
84242,11150,3,AZ,1,100,0.584,0.762,0.644
84242,11151,3,GX,1,100,-95.764,-104.462,-102.203
84242,11152,3,GY,1,100,-91.553,-59.601,-5.676
84242,11153,3,GZ,1,100,-235.443,-163.757,-129.944
84242,11154,3,MX,1,100,89,83,73
84242,11155,3,MY,1,100,-59,-68,-77
84242,11156,3,MZ,1,100, 6,10,13
84291,11157,4,EM,1,100,RS,RB,2025-10-31_12-35-32-301594.csv,PS,MN
84349,11158,3,PI,1,100,174155,174220,174205
84349,11159,3,PR,1,100,148937,148985,148951
84349,11160,3,PG,1,100,11187,11196,11190
84348,11161,2,EA,1,100,2.294220,2.247575
84348,11162,2,EL,1,100,-18992.000000,-18979.400391
84274,11163,1,T1,1,100,25.366
84289,11164,1,TH,1,100,23.984
84349,11165,3,AX,1,100,-1.279,-1.301,-1.240
84349,11166,3,AY,1,100,-0.931,-0.865,-0.605
84349,11167,3,AZ,1,100,0.736,0.388,-0.002
84349,11168,3,GX,1,100,-120.575,-151.398,-167.175
84349,11169,3,GY,1,100,-18.097,-58.868,-62.622
84349,11170,3,GZ,1,100,-225.372,-263.428,-149.719
84349,11171,3,MX,1,100,51,34,25
84349,11172,3,MY,1,100,-80,-78,-73
84349,11173,3,MZ,1,100,17,17,17
84429,11174,1,BI,1,100,880
84429,11175,1,HR,1,100,76.90
84429,11176,2,PI,1,100,174185,174291
84429,11177,2,PR,1,100,148952,148946
84429,11178,2,PG,1,100,11192,11196
84414,11179,1,EA,1,100,2.217515
84414,11180,1,EL,1,100,-18971.000000
84407,11181,1,T1,1,100,25.371
84422,11182,1,TH,1,100,23.991
84429,11183,2,AX,1,100,-1.186,-1.235
84429,11184,2,AY,1,100,-0.313,0.039
84429,11185,2,AZ,1,100,-0.389,-0.479
84429,11186,2,GX,1,100,-161.102,-156.464
84429,11187,2,GY,1,100,-76.263,-107.391
84429,11188,2,GZ,1,100,-110.229,-159.088
84429,11189,2,MX,1,100,19,15
84429,11190,2,MY,1,100,-64,-56
84429,11191,2,MZ,1,100,17,17
84492,11192,4,EM,1,100,RS,RB,2025-10-31_12-35-32-301594.csv,PS,MN
84548,11193,1,SF,1,100,0.0000
84549,11194,3,PI,1,100,174545,174866,175100
84549,11195,3,PR,1,100,149020,149079,149136
84549,11196,3,PG,1,100,11202,11217,11225
84548,11197,2,EA,1,100,2.110652,2.087251
84548,11198,2,EL,1,100,-18939.199219,-18931.800781
84541,11199,1,T1,1,100,25.302
84556,11200,1,TH,1,100,23.895
84549,11201,3,AX,1,100,-1.179,-0.890,-0.807
84549,11202,3,AY,1,100,0.033,0.019,0.058
84549,11203,3,AZ,1,100,-0.256,-0.236,-0.063
84549,11204,3,GX,1,100,-144.104,-98.175,-89.600
84549,11205,3,GY,1,100,-143.311,-136.169,-132.629
84549,11206,3,GZ,1,100,-237.549,-292.053,-340.820
84549,11207,3,MX,1,100, 8, 2, 0
84549,11208,3,MY,1,100,-47,-39,-30
84549,11209,3,MZ,1,100,17,18,15
84629,11210,2,PI,1,100,175261,175370
84629,11211,2,PR,1,100,149157,149178
84629,11212,2,PG,1,100,11222,11220
84614,11213,1,EA,1,100,2.086000
84614,11214,1,EL,1,100,-18931.400391
84629,11215,2,AX,1,100,-0.708,-0.558
84629,11216,2,AY,1,100,-0.003,-0.022
84629,11217,2,AZ,1,100,0.124,0.307
84629,11218,2,GX,1,100,-54.901,-6.073
84629,11219,2,GY,1,100,-76.752,13.458
84629,11220,2,GZ,1,100,-309.479,-241.699
84629,11221,2,MX,1,100,-5,-4
84629,11222,2,MY,1,100,-20,-16
84629,11223,2,MZ,1,100,15,15
84693,11224,4,EM,1,100,RS,RB,2025-10-31_12-35-32-301594.csv,PS,MN
84749,11225,3,PI,1,100,175449,175557,175635
84749,11226,3,PR,1,100,149180,149203,149250
84749,11227,3,PG,1,100,11227,11226,11226
84748,11228,2,EA,1,100,2.112578,2.173907
84748,11229,2,EL,1,100,-18939.800781,-18958.400391
84674,11230,1,T1,1,100,25.379
84689,11231,1,TH,1,100,23.895
84749,11232,3,AX,1,100,-0.383,-0.161,-0.092
84749,11233,3,AY,1,100,-0.088,-0.137,-0.155
84749,11234,3,AZ,1,100,0.510,0.705,1.034
84749,11235,3,GX,1,100,34.637,54.169,65.674
84749,11236,3,GY,1,100,91.187,145.782,200.409
84749,11237,3,GZ,1,100,-178.345,-181.335,-175.568
84749,11238,3,MX,1,100,-6,-7,-6
84749,11239,3,MY,1,100,-9,-5,-4
84749,11240,3,MZ,1,100,17,19,21
84869,11241,3,PI,1,100,175758,175955,176013
84869,11242,3,PR,1,100,149248,149308,149350
84869,11243,3,PG,1,100,11241,11244,11243
84814,11244,1,EA,1,100,2.236024
84814,11245,1,EL,1,100,-18976.199219
84807,11246,1,T1,1,100,25.377
84822,11247,1,TH,1,100,23.966
84869,11248,3,AX,1,100,0.066,0.799,0.871
84869,11249,3,AY,1,100,-0.478,-1.051,-2.043
84869,11250,3,AZ,1,100,1.562,2.004,2.490
84869,11251,3,GX,1,100,38.940,-2.167,-26.428
84869,11252,3,GY,1,100,262.543,397.034,408.813
84869,11253,3,GZ,1,100,-147.949,-69.092,34.607
84869,11254,3,MX,1,100,-7,-10,-10
84869,11255,3,MY,1,100,-1,-6,-12
84869,11256,3,MZ,1,100,23,24,24
84904,11257,4,EM,1,100,RS,RB,2025-10-31_12-35-32-301594.csv,PS,MN
84948,11258,1,SF,1,100,0.0000
84949,11259,2,PI,1,100,175440,174862
84949,11260,2,PR,1,100,149212,149054
84949,11261,2,PG,1,100,11250,11247
84948,11262,2,EA,1,100,2.097306,2.105548
84948,11263,2,EL,1,100,-18935.000000,-18937.599609
84941,11264,1,T1,1,100,25.305
84956,11265,1,TH,1,100,23.966
84949,11266,2,AX,1,100,0.887,0.477
84949,11267,2,AY,1,100,-2.224,-1.673
84949,11268,2,AZ,1,100,2.354,1.959
84949,11269,2,GX,1,100,-102.661,-135.498
84949,11270,2,GY,1,100,340.118,299.072
84949,11271,2,GZ,1,100,134.216,157.043
84949,11272,2,MX,1,100,-9,-5
84949,11273,2,MY,1,100,-22,-26
84949,11274,2,MZ,1,100,18,11
85069,11275,3,PI,1,100,174654,174604,174673
85069,11276,3,PR,1,100,149001,148967,148966
85069,11277,3,PG,1,100,11220,11214,11205
85014,11278,1,EA,1,100,2.275480
85014,11279,1,EL,1,100,-18987.000000
85069,11280,3,AX,1,100,0.305,0.116,0.045
85069,11281,3,AY,1,100,-1.147,-0.852,-0.796
85069,11282,3,AZ,1,100,1.466,1.153,1.012
85069,11283,3,GX,1,100,-177.124,-222.931,-225.494
85069,11284,3,GY,1,100,252.655,201.385,137.695
85069,11285,3,GZ,1,100,94.269,57.953,11.200
85069,11286,3,MX,1,100,-1, 2, 5
85069,11287,3,MY,1,100,-27,-26,-24
85069,11288,3,MZ,1,100, 3,-3,-8
85105,11289,4,EM,1,100,RS,RB,2025-10-31_12-35-32-301594.csv,PS,MN
85149,11290,2,PI,1,100,174773,174826
85149,11291,2,PR,1,100,148965,148964
85149,11292,2,PG,1,100,11224,11217
85148,11293,2,EA,1,100,2.253391,2.242507
85148,11294,2,EL,1,100,-18981.000000,-18978.000000
85074,11295,1,T1,1,100,25.380
85089,11296,1,TH,1,100,23.951
85149,11297,2,AX,1,100,0.048,0.101
85149,11298,2,AY,1,100,-0.636,-0.342
85149,11299,2,AZ,1,100,0.848,0.704
85149,11300,2,GX,1,100,-233.276,-256.073
85149,11301,2,GY,1,100,80.933,21.240
85149,11302,2,GZ,1,100,-16.296,-26.855
85149,11303,2,MX,1,100, 8,12
85149,11304,2,MY,1,100,-22,-22
85149,11305,2,MZ,1,100,-11,-17
85214,11306,1,SF,1,100,0.0000
85269,11307,3,PI,1,100,174803,174838,174891
85269,11308,3,PR,1,100,148948,148965,148961
85269,11309,3,PG,1,100,11220,11214,11219
85214,11310,1,EA,1,100,2.234595
85214,11311,1,EL,1,100,-18975.800781
85207,11312,1,T1,1,100,25.413
85222,11313,1,TH,1,100,23.951
85255,11314,3,AX,1,100,0.170,0.223,0.173
85255,11315,3,AY,1,100,-0.030,0.137,0.173
85255,11316,3,AZ,1,100,0.549,0.338,0.286
85255,11317,3,GX,1,100,-240.356,-215.057,-201.447
85255,11318,3,GY,1,100,-27.466,-76.660,-144.806
85255,11319,3,GZ,1,100,-4.822,16.541,18.829
85255,11320,3,MX,1,100,16,22,26
85255,11321,3,MY,1,100,-23,-27,-30
85255,11322,3,MZ,1,100,-20,-21,-21
85310,11323,4,EM,1,100,RS,RB,2025-10-31_12-35-32-301594.csv,PS,MN
85349,11324,1,BI,1,100,920
85349,11325,1,HR,1,100,74.31
85349,11326,2,PI,1,100,174949,175089
85349,11327,2,PR,1,100,148962,149000
85349,11328,2,PG,1,100,11211,11228
85348,11329,2,EA,1,100,2.239619,2.271768
85348,11330,2,EL,1,100,-18977.199219,-18986.000000
85341,11331,1,T1,1,100,25.356
85356,11332,1,TH,1,100,23.989
85375,11333,3,AX,1,100,0.179,-0.412,-1.356
85375,11334,3,AY,1,100,0.214,0.305,0.292
85375,11335,3,AZ,1,100,0.451,0.524,1.370
85375,11336,3,GX,1,100,-173.706,-149.780,-133.759
85375,11337,3,GY,1,100,-211.578,-304.108,-458.069
85375,11338,3,GZ,1,100,25.543,28.809,52.490
85375,11339,3,MX,1,100,29,33,35
85375,11340,3,MY,1,100,-37,-46,-57
85375,11341,3,MZ,1,100,-20,-15,-2
85469,11342,3,PI,1,100,175212,175452,175649
85469,11343,3,PR,1,100,149018,149109,149245
85469,11344,3,PG,1,100,11238,11250,11269
85414,11345,1,EA,1,100,2.200002
85414,11346,1,EL,1,100,-18966.000000
85474,11347,1,T1,1,100,25.331
85455,11348,2,AX,1,100,-1.825,-1.344
85455,11349,2,AY,1,100,-0.588,-1.404
85455,11350,2,AZ,1,100,1.355,0.962
85455,11351,2,GX,1,100,-117.798,-49.408
85455,11352,2,GY,1,100,-477.600,-378.479
85455,11353,2,GZ,1,100,-35.187,-228.485
85455,11354,2,MX,1,100,30,16
85455,11355,2,MY,1,100,-63,-67
85455,11356,2,MZ,1,100,10,27
85512,11357,4,EM,1,100,RS,RB,2025-10-31_12-35-32-301594.csv,PS,MN
85548,11358,1,SF,1,100,0.0000
85549,11359,2,PI,1,100,175684,175716
85549,11360,2,PR,1,100,149245,149233
85549,11361,2,PG,1,100,11275,11289
85548,11362,2,EA,1,100,2.067422,1.878382
85548,11363,2,EL,1,100,-18925.400391,-18857.599609
85489,11364,1,TH,1,100,23.996
85575,11365,3,AX,1,100,-1.172,-1.232,-1.492
85575,11366,3,AY,1,100,-2.218,-2.427,-2.117
85575,11367,3,AZ,1,100,1.080,0.935,0.789
85575,11368,3,GX,1,100,-16.907,18.890,-29.816
85575,11369,3,GY,1,100,-373.047,-265.076,-197.876
85575,11370,3,GZ,1,100,-305.023,-120.636,58.105
85575,11371,3,MX,1,100, 1, 0, 1
85575,11372,3,MY,1,100,-56,-44,-33
85575,11373,3,MZ,1,100,46,58,55
85669,11374,3,PI,1,100,175766,175406,175128
85669,11375,3,PR,1,100,149219,149130,149097
85669,11376,3,PG,1,100,11297,11284,11293
85681,11377,2,EA,1,100,1.996305,2.027689
85681,11378,2,EL,1,100,-18901.400391,-18912.199219
85607,11379,1,T1,1,100,25.427
85622,11380,1,TH,1,100,23.921
85655,11381,2,AX,1,100,-1.792,-1.740
85655,11382,2,AY,1,100,-1.656,-1.000
85655,11383,2,AZ,1,100,0.507,0.282
85655,11384,2,GX,1,100,-130.157,-186.310
85655,11385,2,GY,1,100,-174.042,-109.192
85655,11386,2,GZ,1,100,48.950,67.810
85655,11387,2,MX,1,100, 4, 5
85655,11388,2,MY,1,100,-30,-31
85655,11389,2,MZ,1,100,46,40
85713,11390,4,EM,1,100,RS,RB,2025-10-31_12-35-32-301594.csv,PS,MN
85749,11391,2,PI,1,100,175172,175258
85749,11392,2,PR,1,100,149104,149144
85749,11393,2,PG,1,100,11288,11282
85748,11394,1,EA,1,100,1.997451
85748,11395,1,EL,1,100,-18901.800781
85741,11396,1,T1,1,100,25.327
85756,11397,1,TH,1,100,23.921
85775,11398,3,AX,1,100,-1.736,-1.332,-1.197
85775,11399,3,AY,1,100,-0.674,-0.490,-0.193
85775,11400,3,AZ,1,100,0.181,-0.067,0.044
85775,11401,3,GX,1,100,-212.891,-188.385,-167.816
85775,11402,3,GY,1,100,-51.117,6.744,54.657
85775,11403,3,GZ,1,100,18.524,-55.115,-80.048
85775,11404,3,MX,1,100, 4, 4, 3
85775,11405,3,MY,1,100,-31,-32,-30
85775,11406,3,MZ,1,100,34,30,25
85869,11407,1,BI,1,100,520
85869,11408,1,HR,1,100,83.44
85881,11409,1,SF,1,100,0.0000
85869,11410,3,PI,1,100,175360,175510,175629
85869,11411,3,PR,1,100,149156,149190,149210
85869,11412,3,PG,1,100,11287,11292,11302
85881,11413,2,EA,1,100,1.980411,1.896803
85881,11414,2,EL,1,100,-18895.800781,-18864.800781
85874,11415,1,T1,1,100,25.354
85889,11416,1,TH,1,100,23.960
85855,11417,2,AX,1,100,-0.975,-1.011
85855,11418,2,AY,1,100,0.255,0.320
85855,11419,2,AZ,1,100,-0.049,0.005
85855,11420,2,GX,1,100,-170.532,-165.527
85855,11421,2,GY,1,100,53.894,16.022
85855,11422,2,GZ,1,100,-132.263,-229.706
85855,11423,2,MX,1,100, 0,-3
85855,11424,2,MY,1,100,-27,-21
85855,11425,2,MZ,1,100,21,17
85847,11426,1,BV,1,100,4.10
85847,11427,1,B%,1,100,100
85918,11428,4,EM,1,100,RS,RB,2025-10-31_12-35-32-301594.csv,PS,MN
85949,11429,2,PI,1,100,175614,175584
85949,11430,2,PR,1,100,149222,149213
85949,11431,2,PG,1,100,11274,11281
85947,11432,1,EA,1,100,1.912953
85947,11433,1,EL,1,100,-18871.000000
85975,11434,3,AX,1,100,-0.740,-0.496,-0.349
85975,11435,3,AY,1,100,0.504,0.461,0.334
85975,11436,3,AZ,1,100,0.167,0.308,0.628
85975,11437,3,GX,1,100,-145.538,-42.542,23.132
85975,11438,3,GY,1,100,53.406,169.586,242.187
85975,11439,3,GZ,1,100,-268.311,-161.896,-144.623
85975,11440,3,MX,1,100,-4,-4,-6
85975,11441,3,MY,1,100,-14,-9,-3
85975,11442,3,MZ,1,100,12,12,13
86069,11443,3,PI,1,100,175631,175641,175738
86069,11444,3,PR,1,100,149221,149214,149240
86069,11445,3,PG,1,100,11286,11279,11289
86081,11446,2,EA,1,100,1.982100,1.983793
86081,11447,2,EL,1,100,-18896.400391,-18897.000000
86007,11448,1,T1,1,100,25.366
86022,11449,1,TH,1,100,23.960
86082,11450,3,AX,1,100,-0.283,-0.088,-0.275
86082,11451,3,AY,1,100,0.131,-0.052,-0.942
86082,11452,3,AZ,1,100,1.181,1.682,2.618
86082,11453,3,GX,1,100,66.681,109.283,158.173
86082,11454,3,GY,1,100,318.878,411.713,506.897
86082,11455,3,GZ,1,100,-125.397,-94.818,-34.485
86082,11456,3,MX,1,100,-8,-11,-14
86082,11457,3,MY,1,100, 0, 0,-8
86082,11458,3,MZ,1,100,17,27,39
86119,11459,4,EM,1,100,RS,RB,2025-10-31_12-35-32-301594.csv,PS,MN
86189,11460,3,PI,1,100,175864,176067,176294
86189,11461,3,PR,1,100,149307,149362,149476
86189,11462,3,PG,1,100,11301,11314,11330
86147,11463,1,EA,1,100,1.966430
86147,11464,1,EL,1,100,-18890.800781
86141,11465,1,T1,1,100,25.300
86155,11466,1,TH,1,100,24.025
86162,11467,2,AX,1,100,-0.530,-0.118
86162,11468,2,AY,1,100,-0.869,-1.128
86162,11469,2,AZ,1,100,3.169,2.971
86162,11470,2,GX,1,100,204.010,312.469
86162,11471,2,GY,1,100,568.573,580.231
86162,11472,2,GZ,1,100,182.343,396.362
86162,11473,2,MX,1,100,-7,18
86162,11474,2,MY,1,100,-39,-61
86162,11475,2,MZ,1,100,45,30
86281,11476,1,SF,1,100,0.0000
86309,11477,3,PI,1,100,176459,176494,175985
86309,11478,3,PR,1,100,149517,149528,149395
86309,11479,3,PG,1,100,11338,11355,11357
86281,11480,2,EA,1,100,1.962550,1.596724
86281,11481,2,EL,1,100,-18889.400391,-18726.800781
86274,11482,1,T1,1,100,25.414
86289,11483,1,TH,1,100,24.025
86281,11484,3,AX,1,100,-1.204,-0.771,-1.089
86281,11485,3,AY,1,100,-2.217,-2.049,-1.204
86281,11486,3,AZ,1,100,3.734,2.909,2.427
86281,11487,3,GX,1,100,382.324,193.848,27.618
86281,11488,3,GY,1,100,456.787,408.508,319.305
86281,11489,3,GZ,1,100,186.401,-17.578,-11.230
86281,11490,3,MX,1,100,22,23,22
86281,11491,3,MY,1,100,-58,-55,-52
86281,11492,3,MZ,1,100,17, 8, 1
86345,11493,4,EM,1,100,RS,RB,2025-10-31_12-35-32-301594.csv,PS,MN
86389,11494,2,PI,1,100,175230,175012
86389,11495,2,PR,1,100,149211,149170
86389,11496,2,PG,1,100,11347,11325
86414,11497,2,EA,1,100,1.399960,1.774069
86414,11498,2,EL,1,100,-18604.199219,-18814.000000
86407,11499,1,T1,1,100,25.427
86422,11500,1,TH,1,100,23.987
86401,11501,3,AX,1,100,-0.899,-1.077,-0.965
86401,11502,3,AY,1,100,-0.281,-0.025,0.233
86401,11503,3,AZ,1,100,1.583,1.184,1.024
86401,11504,3,GX,1,100,-140.442,-206.940,-277.740
86401,11505,3,GY,1,100,189.972,129.028,102.844
86401,11506,3,GZ,1,100,-84.412,-112.183,-210.876
86401,11507,3,MX,1,100,20,19,18
86401,11508,3,MY,1,100,-48,-47,-41
86401,11509,3,MZ,1,100,-1,-6,-11
86469,11510,2,PI,1,100,175087,175242
86469,11511,2,PR,1,100,149223,149242
86469,11512,2,PG,1,100,11310,11322
86481,11513,1,EA,1,100,1.894224
86481,11514,1,EL,1,100,-18863.800781
86482,11515,2,AX,1,100,-0.623,0.155
86482,11516,2,AY,1,100,0.601,0.482
86482,11517,2,AZ,1,100,0.817,0.489
86482,11518,2,GX,1,100,-324.890,-330.688
86482,11519,2,GY,1,100,152.130,162.262
86482,11520,2,GZ,1,100,-181.244,-161.926
86482,11521,2,MX,1,100,20,24
86482,11522,2,MY,1,100,-35,-30
86482,11523,2,MZ,1,100,-18,-22
86545,11524,4,EM,1,100,RS,RB,2025-10-31_12-35-32-301594.csv,PS,MN
86614,11525,1,SF,1,100,0.0000
86602,11526,3,PI,1,100,175347,175350,175279
86602,11527,3,PR,1,100,149258,149230,149181
86602,11528,3,PG,1,100,11318,11315,11318
86614,11529,2,EA,1,100,1.959789,2.015949
86614,11530,2,EL,1,100,-18888.400391,-18908.199219
86541,11531,1,T1,1,100,25.327
86555,11532,1,TH,1,100,23.995
86602,11533,3,AX,1,100,0.489,0.543,0.469
86602,11534,3,AY,1,100,0.132,0.125,0.321
86602,11535,3,AZ,1,100,0.190,-0.049,-0.224
86602,11536,3,GX,1,100,-280.487,-264.832,-262.299
86602,11537,3,GY,1,100,120.270,23.468,-107.605
86602,11538,3,GZ,1,100,-211.243,-170.593,-3.510
86602,11539,3,MX,1,100,28,34,41
86602,11540,3,MY,1,100,-26,-25,-31
86602,11541,3,MZ,1,100,-27,-29,-28
86682,11542,2,PI,1,100,175249,175339
86682,11543,2,PR,1,100,149155,149168
86682,11544,2,PG,1,100,11300,11295
86681,11545,1,EA,1,100,1.972555
86681,11546,1,EL,1,100,-18893.000000
86674,11547,1,T1,1,100,25.390
86689,11548,1,TH,1,100,24.030
86722,11549,3,AX,1,100,-0.167,-1.074,-2.292
86722,11550,3,AY,1,100,0.140,0.424,0.668
86722,11551,3,AZ,1,100,-0.048,0.646,0.995
86722,11552,3,GX,1,100,-219.543,-124.634,-138.306
86722,11553,3,GY,1,100,-226.074,-330.841,-346.161
86722,11554,3,GZ,1,100,105.774,180.359,211.395
86722,11555,3,MX,1,100,47,55,63
86722,11556,3,MY,1,100,-37,-48,-57
86722,11557,3,MZ,1,100,-23,-17,-8
86751,11558,4,EM,1,100,RS,RB,2025-10-31_12-35-32-301594.csv,PS,MN
86762,11559,1,BI,1,100,880
86762,11560,1,HR,1,100,80.05
86802,11561,3,PI,1,100,175562,175902,176198
86802,11562,3,PR,1,100,149235,149332,149479
86802,11563,3,PG,1,100,11319,11336,11361
86814,11564,2,EA,1,100,1.945550,1.895251
86814,11565,2,EL,1,100,-18883.199219,-18864.199219
86807,11566,1,T1,1,100,25.452
86822,11567,1,TH,1,100,24.030
86788,11568,2,AX,1,100,-2.526,-1.782
86788,11569,2,AY,1,100,0.463,-0.201
86788,11570,2,AZ,1,100,0.733,0.232
86788,11571,2,GX,1,100,-261.261,-226.562
86788,11572,2,GY,1,100,-314.453,-260.315
86788,11573,2,GZ,1,100,27.954,-149.200
86788,11574,2,MX,1,100,68,62
86788,11575,2,MY,1,100,-68,-74
86788,11576,2,MZ,1,100, 6,26
86881,11577,1,SF,1,100,0.0000
86922,11578,3,PI,1,100,176216,176193,176387
86922,11579,3,PR,1,100,149530,149527,149543
86922,11580,3,PG,1,100,11363,11351,11371
86881,11581,1,EA,1,100,1.917165
86881,11582,1,EL,1,100,-18872.599609
86908,11583,3,AX,1,100,-1.603,-1.373,-1.760
86908,11584,3,AY,1,100,-0.595,-1.173,-1.784
86908,11585,3,AZ,1,100,0.160,0.230,0.744
86908,11586,3,GX,1,100,-194.672,-199.982,-182.251
86908,11587,3,GY,1,100,-271.576,-314.880,-330.841
86908,11588,3,GZ,1,100,-213.928,-236.481,-309.021
86908,11589,3,MX,1,100,47,32,18
86908,11590,3,MY,1,100,-69,-55,-38
86908,11591,3,MZ,1,100,46,57,58
86958,11592,4,EM,1,100,RS,RB,2025-10-31_12-35-32-301594.csv,PS,MN
87002,11593,2,PI,1,100,176525,176692
87002,11594,2,PR,1,100,149564,149614
87002,11595,2,PG,1,100,11371,11406
87014,11596,2,EA,1,100,1.824738,1.857839
87014,11597,2,EL,1,100,-18835.800781,-18849.400391
86941,11598,1,T1,1,100,25.337
86955,11599,1,TH,1,100,24.025
87028,11600,3,AX,1,100,-2.037,-2.283,-2.220
87028,11601,3,AY,1,100,-1.760,-1.116,-0.327
87028,11602,3,AZ,1,100,1.039,1.091,0.991
87028,11603,3,GX,1,100,-175.934,-175.537,-287.476
87028,11604,3,GY,1,100,-217.041,-79.987,-58.807
87028,11605,3,GZ,1,100,-229.156,-1.953,-37.811
87028,11606,3,MX,1,100,15,13,10
87028,11607,3,MY,1,100,-30,-31,-33
87028,11608,3,MZ,1,100,49,43,35
87122,11609,3,PI,1,100,176595,176133,175871
87122,11610,3,PR,1,100,149612,149543,149496
87122,11611,3,PG,1,100,11406,11400,11381
87081,11612,1,EA,1,100,1.887545
87081,11613,1,EL,1,100,-18861.199219
87074,11614,1,T1,1,100,25.288
87089,11615,1,TH,1,100,24.025
87108,11616,2,AX,1,100,-1.500,-1.161
87108,11617,2,AY,1,100,0.202,0.336
87108,11618,2,AZ,1,100,0.506,0.490
87108,11619,2,GX,1,100,-272.552,-210.480
87108,11620,2,GY,1,100,41.870,148.987
87108,11621,2,GZ,1,100,-46.509,-54.260
87108,11622,2,MX,1,100, 6, 4
87108,11623,2,MY,1,100,-34,-33
87108,11624,2,MZ,1,100,28,24
87159,11625,4,EM,1,100,RS,RB,2025-10-31_12-35-32-301594.csv,PS,MN
87214,11626,1,SF,1,100,0.0000
87202,11627,2,PI,1,100,175723,175674
87202,11628,2,PR,1,100,149471,149422
87202,11629,2,PG,1,100,11385,11367
87214,11630,2,EA,1,100,1.847486,1.908234
87214,11631,2,EL,1,100,-18845.199219,-18869.199219
87207,11632,1,T1,1,100,25.337
87222,11633,1,TH,1,100,23.973
87228,11634,3,AX,1,100,-0.562,-0.262,-0.220
87228,11635,3,AY,1,100,0.529,0.752,0.867
87228,11636,3,AZ,1,100,0.347,0.172,0.235
87228,11637,3,GX,1,100,-175.629,-107.819,-39.490
87228,11638,3,GY,1,100,202.820,247.467,274.811
87228,11639,3,GZ,1,100,-91.766,-61.310,-32.593
87228,11640,3,MX,1,100, 3, 2, 1
87228,11641,3,MY,1,100,-33,-33,-33
87228,11642,3,MZ,1,100,17,10, 6
87322,11643,3,PI,1,100,175647,175687,175664
87322,11644,3,PR,1,100,149367,149350,149359
87322,11645,3,PG,1,100,11347,11352,11354
87281,11646,1,EA,1,100,1.915584
87281,11647,1,EL,1,100,-18872.000000
87308,11648,2,AX,1,100,-0.050,-0.120
87308,11649,2,AY,1,100,0.750,0.449
87308,11650,2,AZ,1,100,0.253,0.675
87308,11651,2,GX,1,100,91.431,234.924
87308,11652,2,GY,1,100,294.525,281.677
87308,11653,2,GZ,1,100,10.071,-21.393
87308,11654,2,MX,1,100, 0,-2
87308,11655,2,MY,1,100,-32,-30
87308,11656,2,MZ,1,100, 8,11
87363,11657,4,EM,1,100,RS,RB,2025-10-31_12-35-32-301594.csv,PS,MN
87402,11658,2,PI,1,100,175675,175794
87402,11659,2,PR,1,100,149342,149384
87402,11660,2,PG,1,100,11367,11360
87414,11661,2,EA,1,100,1.916639,1.839195
87414,11662,2,EL,1,100,-18872.400391,-18841.800781
87341,11663,1,T1,1,100,25.359
87355,11664,1,TH,1,100,23.973
87428,11665,3,AX,1,100,-0.014,-0.577,-0.930
87428,11666,3,AY,1,100,-0.012,-0.688,-1.280
87428,11667,3,AZ,1,100,1.161,1.922,2.640
87428,11668,3,GX,1,100,346.710,399.750,359.497
87428,11669,3,GY,1,100,292.938,318.359,311.920
87428,11670,3,GZ,1,100,-8.453,-10.376,-6.958
87428,11671,3,MX,1,100,-6,-5,-2
87428,11672,3,MY,1,100,-32,-38,-47
87428,11673,3,MZ,1,100,16,24,28
87482,11674,1,BI,1,100,720
87482,11675,1,HR,1,100,80.78
87522,11676,3,PI,1,100,176053,176383,176623
87522,11677,3,PR,1,100,149460,149553,149640
87522,11678,3,PG,1,100,11384,11395,11438
87481,11679,1,EA,1,100,1.825691
87481,11680,1,EL,1,100,-18836.199219
87474,11681,1,T1,1,100,25.332
87489,11682,1,TH,1,100,24.065
87508,11683,2,AX,1,100,-1.151,-0.835
87508,11684,2,AY,1,100,-1.473,-1.929
87508,11685,2,AZ,1,100,2.773,3.324
87508,11686,2,GX,1,100,313.171,286.591
87508,11687,2,GY,1,100,322.205,335.785
87508,11688,2,GZ,1,100,53.131,69.000
87508,11689,2,MX,1,100, 8,13
87508,11690,2,MY,1,100,-54,-52
87508,11691,2,MZ,1,100,23,15
87564,11692,4,EM,1,100,RS,RB,2025-10-31_12-35-32-301594.csv,PS,MN
87614,11693,1,SF,1,100,0.0000
87602,11694,2,PI,1,100,176622,176270
87602,11695,2,PR,1,100,149634,149514
87602,11696,2,PG,1,100,11424,11408
87614,11697,2,EA,1,100,1.796029,1.969211
87614,11698,2,EL,1,100,-18823.599609,-18891.800781
87607,11699,1,T1,1,100,25.357
87622,11700,1,TH,1,100,24.072
87615,11701,3,AX,1,100,-0.224,-0.644,-0.919
87615,11702,3,AY,1,100,-2.368,-1.690,-0.905
87615,11703,3,AZ,1,100,2.593,2.215,1.698
87615,11704,3,GX,1,100,183.044,17.181,-146.149
87615,11705,3,GY,1,100,350.006,268.280,188.141
87615,11706,3,GZ,1,100,-40.039,-23.895,-28.534
87615,11707,3,MX,1,100,13,12,11
87615,11708,3,MY,1,100,-48,-47,-44
87615,11709,3,MZ,1,100,10, 6, 0
87722,11710,3,PI,1,100,176059,175713,175240
87722,11711,3,PR,1,100,149458,149360,149268
87722,11712,3,PG,1,100,11416,11405,11393
87681,11713,1,EA,1,100,2.114501
87681,11714,1,EL,1,100,-18940.400391
87695,11715,2,AX,1,100,-1.025,-0.566
87695,11716,2,AY,1,100,-0.157,0.066
87695,11717,2,AZ,1,100,1.150,0.948
87695,11718,2,GX,1,100,-224.884,-233.032
87695,11719,2,GY,1,100,171.295,195.465
87695,11720,2,GZ,1,100,-32.745,-65.125
87695,11721,2,MX,1,100,12,13
87695,11722,2,MY,1,100,-40,-36
87695,11723,2,MZ,1,100,-6,-11
87765,11724,4,EM,1,100,RS,RB,2025-10-31_12-35-32-301594.csv,PS,MN
87802,11725,2,PI,1,100,175055,175074
87802,11726,2,PR,1,100,149240,149222
87802,11727,2,PG,1,100,11384,11376
87814,11728,2,EA,1,100,2.018872,2.046760
87814,11729,2,EL,1,100,-18909.199219,-18918.599609
87741,11730,1,T1,1,100,25.438
87755,11731,1,TH,1,100,23.991
87815,11732,3,AX,1,100,-0.213,0.250,0.650
87815,11733,3,AY,1,100,0.054,0.309,0.067
87815,11734,3,AZ,1,100,0.662,0.388,-0.046
87815,11735,3,GX,1,100,-232.147,-284.485,-292.450
87815,11736,3,GY,1,100,229.187,165.314,81.177
87815,11737,3,GZ,1,100,-112.823,-149.536,-129.059
87815,11738,3,MX,1,100,16,21,27
87815,11739,3,MY,1,100,-30,-26,-23
87815,11740,3,MZ,1,100,-18,-23,-27
87881,11741,1,SF,1,100,0.0000
87922,11742,3,PI,1,100,175137,175265,175412
87922,11743,3,PR,1,100,149213,149221,149253
87922,11744,3,PG,1,100,11366,11372,11365
87881,11745,1,EA,1,100,2.128068
87881,11746,1,EL,1,100,-18944.599609
87874,11747,1,T1,1,100,25.402
87889,11748,1,TH,1,100,23.991
87935,11749,3,AX,1,100,0.478,0.478,-0.284
87935,11750,3,AY,1,100,-0.145,0.212,0.322
87935,11751,3,AZ,1,100,0.081,0.032,0.165
87935,11752,3,GX,1,100,-238.312,-265.167,-281.799
87935,11753,3,GY,1,100,-55.145,-192.017,-357.483
87935,11754,3,GZ,1,100,-131.958,-73.303,-25.085
87935,11755,3,MX,1,100,30,39,45
87935,11756,3,MY,1,100,-24,-33,-45
87935,11757,3,MZ,1,100,-28,-26,-19
87968,11758,4,EM,1,100,RS,RB,2025-10-31_12-35-32-301594.csv,PS,MN
87681,11759,1,SA,1,100,0.013566
87681,11760,1,SR,1,100,0.200000
88002,11761,2,PI,1,100,175497,175602
88002,11762,2,PR,1,100,149245,149289
88002,11763,2,PG,1,100,11375,11371
88014,11764,2,EA,1,100,2.064967,1.886013
88014,11765,2,EL,1,100,-18924.599609,-18860.599609
88007,11766,1,T1,1,100,25.422
88022,11767,1,TH,1,100,23.987
88015,11768,2,AX,1,100,-1.219,-2.011
88015,11769,2,AY,1,100,0.419,-0.210
88015,11770,2,AZ,1,100,1.012,1.248
88015,11771,2,GX,1,100,-215.179,-103.699
88015,11772,2,GY,1,100,-532.532,-495.789
88015,11773,2,GZ,1,100,-12.573,-9.186
88015,11774,2,MX,1,100,49,46
88015,11775,2,MY,1,100,-60,-69
88015,11776,2,MZ,1,100,-5,11
88042,11777,1,BI,1,100,560
88042,11778,1,HR,1,100,86.64
88122,11779,3,PI,1,100,175944,176220,176352
88122,11780,3,PR,1,100,149430,149568,149620
88122,11781,3,PG,1,100,11390,11412,11429
88081,11782,1,EA,1,100,1.834351
88081,11783,1,EL,1,100,-18839.800781
88140,11784,1,T1,1,100,25.360
88135,11785,3,AX,1,100,-2.131,-1.648,-1.239
88135,11786,3,AY,1,100,-0.817,-1.060,-1.315
88135,11787,3,AZ,1,100,1.206,0.748,0.520
88135,11788,3,GX,1,100,-28.717,-39.856,-54.687
88135,11789,3,GY,1,100,-315.277,-247.467,-230.042
88135,11790,3,GZ,1,100,-81.696,-83.527,-98.389
88135,11791,3,MX,1,100,43,41,36
88135,11792,3,MY,1,100,-74,-72,-63
88135,11793,3,MZ,1,100,26,44,55
88177,11794,4,EM,1,100,RS,RB,2025-10-31_12-35-32-301594.csv,PS,MN
88214,11795,1,SF,1,100,2.0823
88242,11796,3,PI,1,100,176346,176380,176482
88242,11797,3,PR,1,100,149602,149563,149566
88242,11798,3,PG,1,100,11404,11394,11417
88214,11799,2,EA,1,100,1.746924,1.669048
88214,11800,2,EL,1,100,-18801.800781,-18764.599609
88155,11801,1,TH,1,100,23.987
88215,11802,2,AX,1,100,-1.250,-1.085
88215,11803,2,AY,1,100,-1.561,-1.617
88215,11804,2,AZ,1,100,0.569,0.535
88215,11805,2,GX,1,100,-74.768,-99.609
88215,11806,2,GY,1,100,-211.029,-205.353
88215,11807,2,GZ,1,100,-129.364,-93.872
88215,11808,2,MX,1,100,27,22
88215,11809,2,MY,1,100,-50,-39
88215,11810,2,MZ,1,100,60,56
88322,11811,2,PI,1,100,176611,176728
88322,11812,2,PR,1,100,149581,149626
88322,11813,2,PG,1,100,11431,11426
88281,11814,1,EA,1,100,1.611875
88281,11815,1,EL,1,100,-18735.000000
88274,11816,1,T1,1,100,25.333
88289,11817,1,TH,1,100,23.957
88335,11818,3,AX,1,100,-1.447,-1.934,-1.600
88335,11819,3,AY,1,100,-1.597,-1.527,-1.113
88335,11820,3,AZ,1,100,0.951,1.284,0.871
88335,11821,3,GX,1,100,-165.527,-229.126,-247.772
88335,11822,3,GY,1,100,-243.958,-268.097,-171.326
88335,11823,3,GZ,1,100,-139.801,-209.991,-149.170
88335,11824,3,MX,1,100,14, 8, 5
88335,11825,3,MY,1,100,-27,-22,-19
88335,11826,3,MZ,1,100,50,45,39
88381,11827,4,EM,1,100,RS,RB,2025-10-31_12-35-32-301594.csv,PS,MN
88442,11828,3,PI,1,100,176485,175900,175683
88442,11829,3,PR,1,100,149581,149451,149379
88442,11830,3,PG,1,100,11430,11405,11414
88414,11831,2,EA,1,100,1.595624,1.631893
88414,11832,2,EL,1,100,-18726.199219,-18745.599609
88407,11833,1,T1,1,100,25.428
88422,11834,1,TH,1,100,23.957
88442,11835,3,AX,1,100,-1.385,-1.071,-0.753
88442,11836,3,AY,1,100,-0.581,-0.037,0.266
88442,11837,3,AZ,1,100,0.659,0.437,0.199
88442,11838,3,GX,1,100,-264.709,-263.916,-237.915
88442,11839,3,GY,1,100,-87.036,-8.057,67.017
88442,11840,3,GZ,1,100,-100.922,-30.060,-23.285
88442,11841,3,MX,1,100, 1,-1,-2
88442,11842,3,MY,1,100,-17,-18,-17
88442,11843,3,MZ,1,100,31,25,20
88547,11844,1,SF,1,100,2.0582
88522,11845,2,PI,1,100,175685,175687
88522,11846,2,PR,1,100,149380,149379
88522,11847,2,PG,1,100,11393,11403
88547,11848,2,EA,1,100,1.628461,1.628461
88547,11849,2,EL,1,100,-18743.800781,-18743.800781
88540,11850,1,T1,1,100,25.469
88555,11851,1,TH,1,100,23.933
88522,11852,2,AX,1,100,-0.576,-0.376
88522,11853,2,AY,1,100,0.453,0.568
88522,11854,2,AZ,1,100,0.082,0.106
88522,11855,2,GX,1,100,-193.207,-122.192
88522,11856,2,GY,1,100,129.028,182.739
88522,11857,2,GZ,1,100,-57.068,-22.766
88522,11858,2,MX,1,100,-4,-4
88522,11859,2,MY,1,100,-17,-17
88522,11860,2,MZ,1,100,14,10
88583,11861,4,EM,1,100,RS,RB,2025-10-31_12-35-32-301594.csv,PS,MN
88642,11862,3,PI,1,100,175773,175808,175786
88642,11863,3,PR,1,100,149357,149366,149345
88642,11864,3,PG,1,100,11387,11387,11378
88614,11865,1,EA,1,100,1.664661
88614,11866,1,EL,1,100,-18762.400391
88642,11867,3,AX,1,100,-0.254,-0.017,0.249
88642,11868,3,AY,1,100,0.375,0.158,-0.302
88642,11869,3,AZ,1,100,0.220,0.451,0.745
88642,11870,3,GX,1,100,-35.339,44.189,141.052
88642,11871,3,GY,1,100,229.004,284.943,364.380
88642,11872,3,GZ,1,100,-23.834,-22.308,28.168
88642,11873,3,MX,1,100,-5,-7,-11
88642,11874,3,MY,1,100,-13,-13,-15
88642,11875,3,MZ,1,100, 9,11,17
88722,11876,2,PI,1,100,175797,175903
88722,11877,2,PR,1,100,149340,149345
88722,11878,2,PG,1,100,11389,11395
88747,11879,2,EA,1,100,1.672253,1.628078
88747,11880,2,EL,1,100,-18766.199219,-18743.599609
88674,11881,1,T1,1,100,25.345
88689,11882,1,TH,1,100,23.933
88722,11883,2,AX,1,100,0.437,-0.109
88722,11884,2,AY,1,100,-0.780,-1.727
88722,11885,2,AZ,1,100,1.196,1.670
88722,11886,2,GX,1,100,223.755,233.307
88722,11887,2,GY,1,100,373.749,287.842
88722,11888,2,GZ,1,100,52.704,16.510
88722,11889,2,MX,1,100,-13,-13
88722,11890,2,MY,1,100,-22,-27
88722,11891,2,MZ,1,100,24,33
88784,11892,4,EM,1,100,RS,RB,2025-10-31_12-35-32-301594.csv,PS,MN
88802,11893,1,BI,1,100,760
88802,11894,1,HR,1,100,84.93
88842,11895,3,PI,1,100,175963,176062,176179
88842,11896,3,PR,1,100,149347,149380,149415
88842,11897,3,PG,1,100,11385,11401,11412
88814,11898,1,EA,1,100,1.675070
88814,11899,1,EL,1,100,-18767.599609
88807,11900,1,T1,1,100,25.397
88822,11901,1,TH,1,100,24.000
88842,11902,3,AX,1,100,-0.074,-0.528,-0.170
88842,11903,3,AY,1,100,-1.079,-1.213,-0.981
88842,11904,3,AZ,1,100,1.502,1.666,1.550
88842,11905,3,GX,1,100,205.414,196.472,186.218
88842,11906,3,GY,1,100,283.661,271.942,240.234
88842,11907,3,GZ,1,100,90.515,157.593,47.424
88842,11908,3,MX,1,100,-7, 3,11
88842,11909,3,MY,1,100,-42,-54,-55
88842,11910,3,MZ,1,100,35,33,25
88947,11911,1,SF,1,100,2.0344
88935,11912,2,PI,1,100,176179,176114
88935,11913,2,PR,1,100,149398,149374
88935,11914,2,PG,1,100,11400,11389
88947,11915,2,EA,1,100,1.704175,1.700015
88947,11916,2,EL,1,100,-18781.800781,-18779.800781
88940,11917,1,T1,1,100,25.456
88955,11918,1,TH,1,100,24.000
88921,11919,2,AX,1,100,0.102,0.036
88921,11920,2,AY,1,100,-0.944,-1.084
88921,11921,2,AZ,1,100,1.244,1.191
88921,11922,2,GX,1,100,144.806,138.214
88921,11923,2,GY,1,100,244.171,196.625
88921,11924,2,GZ,1,100,36.285,-1.587
88921,11925,2,MX,1,100,14,15
88921,11926,2,MY,1,100,-52,-51
88921,11927,2,MZ,1,100,18,15
88985,11928,4,EM,1,100,RS,RB,2025-10-31_12-35-32-301594.csv,PS,MN
89055,11929,3,PI,1,100,175955,175485,175113
89055,11930,3,PR,1,100,149345,149212,149150
89055,11931,3,PG,1,100,11389,11400,11388
89014,11932,1,EA,1,100,1.762842
89014,11933,1,EL,1,100,-18809.000000
89041,11934,3,AX,1,100,-0.245,-0.521,-0.310
89041,11935,3,AY,1,100,-1.003,-0.858,-0.538
89041,11936,3,AZ,1,100,1.116,1.171,0.898
89041,11937,3,GX,1,100,55.420,-4.944,-30.914
89041,11938,3,GY,1,100,127.289,92.987,135.559
89041,11939,3,GZ,1,100,6.348,47.424,142.548
89041,11940,3,MX,1,100,16,16,21
89041,11941,3,MY,1,100,-50,-49,-50
89041,11942,3,MZ,1,100,13,11, 6
89145,11943,1,TL,1,100,2025-10-31_12-36-18-746416
89146,11944,2,AK,1,100,11106,RD
89149,11945,2,RD,1,100,TL,TU
89162,11946,1,TL,1,100,2025-10-31_12-36-23-831721
89164,11947,2,AK,1,100,11945,RD
89135,11948,2,PI,1,100,175014,174999
89135,11949,2,PR,1,100,149132,149140
89135,11950,2,PG,1,100,11376,11387
89147,11951,2,EA,1,100,1.785439,1.733876
89147,11952,2,EL,1,100,-18819.000000,-18795.800781
89074,11953,1,T1,1,100,25.481
89089,11954,1,TH,1,100,23.962
89161,11955,3,AX,1,100,-0.493,-0.582,-0.589
89161,11956,3,AY,1,100,-0.533,-0.423,-0.274
89161,11957,3,AZ,1,100,0.781,0.725,0.626
89161,11958,3,GX,1,100,-12.329,1.495,-1.709
89161,11959,3,GY,1,100,126.617,72.479,38.635
89161,11960,3,GZ,1,100,137.177,93.353,85.510
89161,11961,3,MX,1,100,24,27,29
89161,11962,3,MY,1,100,-52,-51,-52
89161,11963,3,MZ,1,100, 4, 2, 1
89198,11964,4,EM,1,100,RS,RB,2025-10-31_12-35-32-301594.csv,PS,MN
89214,11965,1,SF,1,100,2.0108
89255,11966,3,PI,1,100,175042,175124,175162
89255,11967,3,PR,1,100,149114,149159,149152
89255,11968,3,PG,1,100,11385,11376,11371
89214,11969,1,EA,1,100,1.776331
89214,11970,1,EL,1,100,-18815.000000
89207,11971,1,T1,1,100,25.456
89222,11972,1,TH,1,100,23.969
89268,11973,3,AX,1,100,-0.628,-0.690,-0.774
89268,11974,3,AY,1,100,-0.298,-0.315,-0.355
89268,11975,3,AZ,1,100,0.566,0.534,0.581
89268,11976,3,GX,1,100,0.153,-3.296,-9.430
89268,11977,3,GY,1,100,3.479,-32.867,-69.641
89268,11978,3,GZ,1,100,50.751,0.732,-24.902
89268,11979,3,MX,1,100,30,30,29
89268,11980,3,MY,1,100,-52,-53,-54
89268,11981,3,MZ,1,100, 0, 2, 4
89335,11982,2,PI,1,100,175168,175184
89335,11983,2,PR,1,100,149163,149164
89335,11984,2,PG,1,100,11384,11390
89347,11985,2,EA,1,100,1.776783,1.779962
89347,11986,2,EL,1,100,-18815.199219,-18816.599609
89340,11987,1,T1,1,100,25.446
89355,11988,1,TH,1,100,24.036
89348,11989,2,AX,1,100,-0.813,-0.786
89348,11990,2,AY,1,100,-0.382,-0.443
89348,11991,2,AZ,1,100,0.601,0.590
89348,11992,2,GX,1,100,-21.729,-15.961
89348,11993,2,GY,1,100,-103.424,-134.796
89348,11994,2,GZ,1,100,-54.047,-94.452
89348,11995,2,MX,1,100,29,24
89348,11996,2,MY,1,100,-55,-56
89348,11997,2,MZ,1,100, 6, 9
89402,11998,4,EM,1,100,RS,RB,2025-10-31_12-35-32-301594.csv,PS,MN
89455,11999,1,BI,1,100,640
89455,12000,1,HR,1,100,86.89
89455,12001,3,PI,1,100,175248,175317,175450
89455,12002,3,PR,1,100,149174,149175,149225
89455,12003,3,PG,1,100,11385,11391,11392
89414,12004,1,EA,1,100,1.803004
89414,12005,1,EL,1,100,-18826.599609
89468,12006,3,AX,1,100,-0.735,-0.798,-0.668
89468,12007,3,AY,1,100,-0.546,-0.695,-0.592
89468,12008,3,AZ,1,100,0.894,0.911,0.801
89468,12009,3,GX,1,100,9.308,14.343,21.637
89468,12010,3,GY,1,100,-153.320,-119.354,-26.123
89468,12011,3,GZ,1,100,-128.723,-142.883,-26.245
89468,12012,3,MX,1,100,22,19,20
89468,12013,3,MY,1,100,-54,-52,-52
89468,12014,3,MZ,1,100,14,16,15
89547,12015,1,SF,1,100,1.9876
89535,12016,2,PI,1,100,175454,175512
89535,12017,2,PR,1,100,149231,149244
89535,12018,2,PG,1,100,11400,11396
89547,12019,2,EA,1,100,1.841627,1.867805
89547,12020,2,EL,1,100,-18842.800781,-18853.400391
89474,12021,1,T1,1,100,25.512
89489,12022,1,TH,1,100,24.036
89548,12023,2,AX,1,100,-0.601,-0.665
89548,12024,2,AY,1,100,-0.471,-0.477
89548,12025,2,AZ,1,100,0.779,0.826
89548,12026,2,GX,1,100,15.961,-10.529
89548,12027,2,GY,1,100,40.100,21.637
89548,12028,2,GZ,1,100,84.015,29.297
89548,12029,2,MX,1,100,22,22
89548,12030,2,MY,1,100,-55,-55
89548,12031,2,MZ,1,100,16,15
89603,12032,4,EM,1,100,RS,RB,2025-10-31_12-35-32-301594.csv,PS,MN
89655,12033,3,PI,1,100,175552,175554,175166
89655,12034,3,PR,1,100,149268,149248,149163
89655,12035,3,PG,1,100,11402,11405,11399
89614,12036,1,EA,1,100,1.894737
89614,12037,1,EL,1,100,-18864.000000
89607,12038,1,T1,1,100,25.470
89622,12039,1,TH,1,100,24.029
89668,12040,3,AX,1,100,-0.616,-0.569,-0.561
89668,12041,3,AY,1,100,-0.475,-0.445,-0.507
89668,12042,3,AZ,1,100,0.781,0.730,0.732
89668,12043,3,GX,1,100,-18.799,-17.670,-14.221
89668,12044,3,GY,1,100,8.514,21.423,15.991
89668,12045,3,GZ,1,100,-3.326,15.503,10.101
89668,12046,3,MX,1,100,23,23,23
89668,12047,3,MY,1,100,-55,-56,-55
89668,12048,3,MZ,1,100,13,13,12
89735,12049,2,PI,1,100,174841,174764
89735,12050,2,PR,1,100,149085,149076
89735,12051,2,PG,1,100,11391,11388
89747,12052,2,EA,1,100,1.901461,1.892675
89747,12053,2,EL,1,100,-18866.599609,-18863.199219
89740,12054,1,T1,1,100,25.522
89755,12055,1,TH,1,100,24.029
89748,12056,2,AX,1,100,-0.526,-0.493
89748,12057,2,AY,1,100,-0.522,-0.524
89748,12058,2,AZ,1,100,0.729,0.736
89748,12059,2,GX,1,100,-15.228,-20.966
89748,12060,2,GY,1,100,6.439,1.587
89748,12061,2,GZ,1,100,-3.601,-5.341
89748,12062,2,MX,1,100,23,23
89748,12063,2,MY,1,100,-55,-57
89748,12064,2,MZ,1,100,12,11
89804,12065,4,EM,1,100,RS,RB,2025-10-31_12-35-32-301594.csv,PS,MN
89855,12066,3,PI,1,100,174810,174840,174962
89855,12067,3,PR,1,100,149078,149082,149093
89855,12068,3,PG,1,100,11398,11372,11388
89814,12069,1,EA,1,100,1.914006
89814,12070,1,EL,1,100,-18871.400391
89874,12071,1,T1,1,100,25.510
89868,12072,3,AX,1,100,-0.485,-0.513,-0.565
89868,12073,3,AY,1,100,-0.540,-0.510,-0.517
89868,12074,3,AZ,1,100,0.721,0.713,0.701
89868,12075,3,GX,1,100,-18.951,-20.416,-17.487
89868,12076,3,GY,1,100,-4.120,-8.575,-14.648
89868,12077,3,GZ,1,100,-1.526,6.500,14.343
89868,12078,3,MX,1,100,22,23,24
89868,12079,3,MY,1,100,-56,-57,-59
89868,12080,3,MZ,1,100,12,11,12
89481,12081,1,SA,1,100,0.072378
89481,12082,1,SR,1,100,0.333333
89947,12083,1,SF,1,100,4.0468
89975,12084,3,PI,1,100,175009,175007,175032
89975,12085,3,PR,1,100,149124,149109,149110
89975,12086,3,PG,1,100,11392,11406,11389
89947,12087,2,EA,1,100,1.906147,1.911379
89947,12088,2,EL,1,100,-18868.400391,-18870.400391
89888,12089,1,TH,1,100,23.904
89975,12090,3,AX,1,100,-0.602,-0.623,-0.630
89975,12091,3,AY,1,100,-0.506,-0.500,-0.488
89975,12092,3,AZ,1,100,0.682,0.681,0.687
89975,12093,3,GX,1,100,-13.397,-11.505,-7.996
89975,12094,3,GY,1,100,-17.853,-16.388,-14.008
89975,12095,3,GZ,1,100,13.916,12.787,10.864
89975,12096,3,MX,1,100,25,26,26
89975,12097,3,MY,1,100,-59,-58,-58
89975,12098,3,MZ,1,100,12,12,12
90008,12099,4,EM,1,100,RS,RB,2025-10-31_12-35-32-301594.csv,PS,MN
90015,12100,1,BI,1,100,560
90015,12101,1,HR,1,100,91.39
90055,12102,2,PI,1,100,175078,175189
90055,12103,2,PR,1,100,149150,149167
90055,12104,2,PG,1,100,11397,11393
90014,12105,1,EA,1,100,1.913477
90014,12106,1,EL,1,100,-18871.199219
90007,12107,1,T1,1,100,25.433
90022,12108,1,TH,1,100,23.904
90055,12109,2,AX,1,100,-0.620,-0.613
90055,12110,2,AY,1,100,-0.482,-0.500
90055,12111,2,AZ,1,100,0.693,0.705
90055,12112,2,GX,1,100,-3.998,2.136
90055,12113,2,GY,1,100,-10.986,-9.399
90055,12114,2,GZ,1,100,7.965,3.052
90055,12115,2,MX,1,100,26,26
90055,12116,2,MY,1,100,-59,-59
90055,12117,2,MZ,1,100,12,13
90175,12118,3,PI,1,100,175265,175365,175443
90175,12119,3,PR,1,100,149182,149198,149220
90175,12120,3,PG,1,100,11403,11400,11412
90147,12121,2,EA,1,100,1.898869,1.897833
90147,12122,2,EL,1,100,-18865.599609,-18865.199219
90140,12123,1,T1,1,100,25.471
90155,12124,1,TH,1,100,24.049
90175,12125,3,AX,1,100,-0.596,-0.580,-0.554
90175,12126,3,AY,1,100,-0.500,-0.521,-0.532
90175,12127,3,AZ,1,100,0.721,0.730,0.743
90175,12128,3,GX,1,100,5.798,7.477,9.094
90175,12129,3,GY,1,100,-7.904,-5.615,-3.174
90175,12130,3,GZ,1,100,-2.258,-5.829,-7.416
90175,12131,3,MX,1,100,25,25,25
90175,12132,3,MY,1,100,-59,-59,-59
90175,12133,3,MZ,1,100,15,14,14
90208,12134,4,EM,1,100,RS,RB,2025-10-31_12-35-32-301594.csv,PS,MN
90280,12135,1,SF,1,100,4.0000
90255,12136,2,PI,1,100,175499,175362
90255,12137,2,PR,1,100,149227,149196
90255,12138,2,PG,1,100,11414,11419
90280,12139,2,EA,1,100,1.908234,1.880919
90280,12140,2,EL,1,100,-18869.199219,-18858.599609
90274,12141,1,T1,1,100,25.488
90288,12142,1,TH,1,100,24.056
90255,12143,2,AX,1,100,-0.535,-0.521
90255,12144,2,AY,1,100,-0.535,-0.535
90255,12145,2,AZ,1,100,0.755,0.755
90255,12146,2,GX,1,100,7.965,6.989
90255,12147,2,GY,1,100,-1.923,-1.129
90255,12148,2,GZ,1,100,-8.331,-7.843
90255,12149,2,MX,1,100,25,25
90255,12150,2,MY,1,100,-59,-58
90255,12151,2,MZ,1,100,14,14
90375,12152,3,PI,1,100,174955,174743,174744
90375,12153,3,PR,1,100,149102,149059,149043
90375,12154,3,PG,1,100,11403,11386,11390
90347,12155,1,EA,1,100,1.910329
90347,12156,1,EL,1,100,-18870.000000
90375,12157,3,AX,1,100,-0.513,-0.510,-0.517
90375,12158,3,AY,1,100,-0.542,-0.536,-0.531
90375,12159,3,AZ,1,100,0.758,0.770,0.766
90375,12160,3,GX,1,100,7.111,4.913,2.930
90375,12161,3,GY,1,100,-1.556,-1.831,-1.953
90375,12162,3,GZ,1,100,-6.439,-5.432,-3.418
90375,12163,3,MX,1,100,24,24,24
90375,12164,3,MY,1,100,-58,-59,-59
90375,12165,3,MZ,1,100,13,15,14
90412,12166,4,EM,1,100,RS,RB,2025-10-31_12-35-32-301594.csv,PS,MN
90455,12167,2,PI,1,100,174771,174831
90455,12168,2,PR,1,100,149051,149070
90455,12169,2,PG,1,100,11385,11388
90480,12170,2,EA,1,100,1.910851,1.897833
90480,12171,2,EL,1,100,-18870.199219,-18865.199219
90407,12172,1,T1,1,100,25.353
90422,12173,1,TH,1,100,23.978
90455,12174,2,AX,1,100,-0.523,-0.522
90455,12175,2,AY,1,100,-0.520,-0.502
90455,12176,2,AZ,1,100,0.758,0.744
90455,12177,2,GX,1,100,2.441,2.960
90455,12178,2,GY,1,100,-1.862,-2.045
90455,12179,2,GZ,1,100,-1.404,-0.366
90455,12180,2,MX,1,100,23,25
90455,12181,2,MY,1,100,-60,-59
90455,12182,2,MZ,1,100,16,14
90547,12183,1,SF,1,100,3.9537
90575,12184,3,PI,1,100,174899,174909,174898
90575,12185,3,PR,1,100,149098,149077,149088
90575,12186,3,PG,1,100,11395,11393,11383
90547,12187,1,EA,1,100,1.907192
90547,12188,1,EL,1,100,-18868.800781
90540,12189,1,T1,1,100,25.365
90555,12190,1,TH,1,100,23.978
90575,12191,3,AX,1,100,-0.517,-0.531,-0.539
90575,12192,3,AY,1,100,-0.482,-0.498,-0.536
90575,12193,3,AZ,1,100,0.723,0.765,0.792
90575,12194,3,GX,1,100,7.660,12.115,13.885
90575,12195,3,GY,1,100,-3.265,-5.005,-5.829
90575,12196,3,GZ,1,100,0.763,-1.404,-6.104
90575,12197,3,MX,1,100,23,24,24
90575,12198,3,MY,1,100,-58,-59,-58
90575,12199,3,MZ,1,100,14,15,15
90618,12200,4,EM,1,100,RS,RB,2025-10-31_12-35-32-301594.csv,PS,MN
90655,12201,1,BI,1,100,640
90655,12202,1,HR,1,100,91.91
90655,12203,2,PI,1,100,174916,175000
90655,12204,2,PR,1,100,149084,149095
90655,12205,2,PG,1,100,11402,11394
90680,12206,2,EA,1,100,1.922457,1.891134
90680,12207,2,EL,1,100,-18874.599609,-18862.599609
90674,12208,1,T1,1,100,25.406
90688,12209,1,TH,1,100,23.924
90655,12210,2,AX,1,100,-0.534,-0.504
90655,12211,2,AY,1,100,-0.539,-0.512
90655,12212,2,AZ,1,100,0.800,0.785
90655,12213,2,GX,1,100,8.667,0.977
90655,12214,2,GY,1,100,-3.571,0.671
90655,12215,2,GZ,1,100,-7.050,-3.143
90655,12216,2,MX,1,100,23,24
90655,12217,2,MY,1,100,-58,-58
90655,12218,2,MZ,1,100,14,15
90775,12219,3,PI,1,100,175071,175129,175195
90775,12220,3,PR,1,100,149112,149110,149134
90775,12221,3,PG,1,100,11402,11409,11415
90747,12222,1,EA,1,100,1.921929
90747,12223,1,EL,1,100,-18874.400391
90775,12224,3,AX,1,100,-0.489,-0.502,-0.517
90775,12225,3,AY,1,100,-0.494,-0.507,-0.505
90775,12226,3,AZ,1,100,0.767,0.770,0.783
90775,12227,3,GX,1,100,-1.587,-0.244,-0.641
90775,12228,3,GY,1,100,2.991,0.671,-0.031
90775,12229,3,GZ,1,100,1.007,0.061,0.244
90775,12230,3,MX,1,100,25,24,23
90775,12231,3,MY,1,100,-58,-57,-59
90775,12232,3,MZ,1,100,16,15,15
90819,12233,4,EM,1,100,RS,RB,2025-10-31_12-35-32-301594.csv,PS,MN
90747,12234,1,SA,1,100,0.003721
90747,12235,1,SR,1,100,0.066667
90880,12236,1,SF,1,100,5.9903
90855,12237,2,PI,1,100,175295,175245
90855,12238,2,PR,1,100,149144,149139
90855,12239,2,PG,1,100,11412,11393
90880,12240,2,EA,1,100,1.925650,1.883462
90880,12241,2,EL,1,100,-18875.800781,-18859.599609
90807,12242,1,T1,1,100,25.424
90822,12243,1,TH,1,100,23.924
90881,12244,3,AX,1,100,-0.525,-0.522,-0.519
90881,12245,3,AY,1,100,-0.504,-0.491,-0.494
90881,12246,3,AZ,1,100,0.779,0.781,0.765
90881,12247,3,GX,1,100,0.122,-1.129,-1.038
90881,12248,3,GY,1,100,-0.092,0.549,0.488
90881,12249,3,GZ,1,100,1.312,1.282,1.007
90881,12250,3,MX,1,100,24,24,25
90881,12251,3,MY,1,100,-57,-57,-58
90881,12252,3,MZ,1,100,15,15,15
90846,12253,1,BV,1,100,4.10
90846,12254,1,B%,1,100,100
